0 Leveler 96 studs
0 Name: Leveler_96studs_plate.ldr
0 Author: generated
1 72 50 0 190 0 0 1 0 1 0 -1 0 0 3623.dat
1 72 50 0 280 0 0 1 0 1 0 -1 0 0 3710.dat
1 72 50 0 360 0 0 1 0 1 0 -1 0 0 3023.dat
1 72 50 0 410 1 0 0 0 1 0 0 0 1 3024.dat
1 72 50 0 460 0 0 1 0 1 0 -1 0 0 3023.dat
1 72 50 0 540 0 0 1 0 1 0 -1 0 0 3710.dat
1 72 50 0 620 0 0 1 0 1 0 -1 0 0 3023.dat
1 72 50 0 700 0 0 1 0 1 0 -1 0 0 3710.dat
1 72 110 0 190 0 0 1 0 1 0 -1 0 0 3623.dat
1 72 110 0 280 0 0 1 0 1 0 -1 0 0 3710.dat
1 72 110 0 360 0 0 1 0 1 0 -1 0 0 3023.dat
1 72 110 0 410 1 0 0 0 1 0 0 0 1 3024.dat
1 72 110 0 460 0 0 1 0 1 0 -1 0 0 3023.dat
1 72 110 0 540 0 0 1 0 1 0 -1 0 0 3710.dat
1 72 110 0 620 0 0 1 0 1 0 -1 0 0 3023.dat
1 72 110 0 700 0 0 1 0 1 0 -1 0 0 3710.dat
1 72 180 0 200 1 0 0 0 1 0 0 0 1 3022.dat
1 72 180 0 250 1 0 0 0 1 0 0 0 1 3023.dat
1 72 180 0 300 1 0 0 0 1 0 0 0 1 3022.dat
1 72 180 0 360 1 0 0 0 1 0 0 0 1 3022.dat
1 72 180 0 410 1 0 0 0 1 0 0 0 1 3023.dat
1 72 180 0 460 1 0 0 0 1 0 0 0 1 3022.dat
1 72 180 0 520 1 0 0 0 1 0 0 0 1 3022.dat
1 72 180 0 570 1 0 0 0 1 0 0 0 1 3023.dat
1 72 180 0 620 1 0 0 0 1 0 0 0 1 3022.dat
1 72 180 0 700 0 0 1 0 1 0 -1 0 0 3020.dat
1 72 190 0 170 1 0 0 0 1 0 0 0 1 3024.dat
1 72 190 0 270 1 0 0 0 1 0 0 0 1 3024.dat
1 72 190 0 550 1 0 0 0 1 0 0 0 1 3024.dat
1 72 1220 0 190 0 0 1 0 1 0 -1 0 0 3021.dat
1 72 1220 0 280 0 0 1 0 1 0 -1 0 0 3020.dat
1 72 1220 0 360 1 0 0 0 1 0 0 0 1 3022.dat
1 72 1220 0 410 1 0 0 0 1 0 0 0 1 3023.dat
1 72 1220 0 460 1 0 0 0 1 0 0 0 1 3022.dat
1 72 1220 0 540 0 0 1 0 1 0 -1 0 0 3020.dat
1 72 1220 0 620 1 0 0 0 1 0 0 0 1 3022.dat
1 72 1220 0 700 0 0 1 0 1 0 -1 0 0 3020.dat
1 72 1290 0 190 0 0 1 0 1 0 -1 0 0 3623.dat
1 72 1290 0 280 0 0 1 0 1 0 -1 0 0 3710.dat
1 72 1290 0 360 0 0 1 0 1 0 -1 0 0 3023.dat
1 72 1290 0 410 1 0 0 0 1 0 0 0 1 3024.dat
1 72 1290 0 460 0 0 1 0 1 0 -1 0 0 3023.dat
1 72 1290 0 540 0 0 1 0 1 0 -1 0 0 3710.dat
1 72 1290 0 620 0 0 1 0 1 0 -1 0 0 3023.dat
1 72 1290 0 700 0 0 1 0 1 0 -1 0 0 3710.dat
1 72 1350 0 190 0 0 1 0 1 0 -1 0 0 3623.dat
1 72 1350 0 280 0 0 1 0 1 0 -1 0 0 3710.dat
1 72 1360 0 360 1 0 0 0 1 0 0 0 1 3022.dat
1 72 1360 0 410 1 0 0 0 1 0 0 0 1 3023.dat
1 72 1360 0 460 1 0 0 0 1 0 0 0 1 3022.dat
1 72 1350 0 540 0 0 1 0 1 0 -1 0 0 3710.dat
1 72 1360 0 620 1 0 0 0 1 0 0 0 1 3022.dat
1 72 1360 0 700 0 0 1 0 1 0 -1 0 0 3020.dat
1 72 1370 0 200 0 0 1 0 1 0 -1 0 0 3023.dat
1 72 1370 0 250 1 0 0 0 1 0 0 0 1 3024.dat
1 72 1370 0 300 0 0 1 0 1 0 -1 0 0 3023.dat
1 72 1370 0 520 0 0 1 0 1 0 -1 0 0 3023.dat
1 72 1370 0 570 1 0 0 0 1 0 0 0 1 3024.dat
1 72 40 -8 240 0 0 1 0 1 0 -1 0 0 3034.dat
1 72 40 -8 400 0 0 1 0 1 0 -1 0 0 3795.dat
1 72 40 -8 470 1 0 0 0 1 0 0 0 1 3023.dat
1 72 40 -8 540 0 0 1 0 1 0 -1 0 0 3020.dat
1 72 40 -8 620 1 0 0 0 1 0 0 0 1 3022.dat
1 72 40 -8 700 0 0 1 0 1 0 -1 0 0 3020.dat
1 72 50 -8 150 1 0 0 0 1 0 0 0 1 3024.dat
1 72 50 -8 490 1 0 0 0 1 0 0 0 1 3024.dat
1 72 50 -8 590 1 0 0 0 1 0 0 0 1 3024.dat
1 72 50 -8 650 1 0 0 0 1 0 0 0 1 3024.dat
1 72 50 -8 760 0 0 1 0 1 0 -1 0 0 3023.dat
1 72 110 -8 220 0 0 1 0 1 0 -1 0 0 3460.dat
1 72 110 -8 310 1 0 0 0 1 0 0 0 1 3024.dat
1 72 110 -8 460 0 0 1 0 1 0 -1 0 0 60479.dat
1 72 110 -8 680 0 0 1 0 1 0 -1 0 0 4477.dat
1 72 180 -8 240 0 0 1 0 1 0 -1 0 0 3034.dat
1 72 180 -8 400 0 0 1 0 1 0 -1 0 0 3795.dat
1 72 180 -8 470 1 0 0 0 1 0 0 0 1 3023.dat
1 72 180 -8 620 0 0 1 0 1 0 -1 0 0 2445.dat
1 72 180 -8 770 1 0 0 0 1 0 0 0 1 3023.dat
1 72 190 -8 150 1 0 0 0 1 0 0 0 1 3024.dat
1 72 190 -8 490 1 0 0 0 1 0 0 0 1 3024.dat
1 72 190 -8 750 1 0 0 0 1 0 0 0 1 3024.dat
1 72 1220 -8 240 0 0 1 0 1 0 -1 0 0 3034.dat
1 72 1220 -8 500 0 0 1 0 1 0 -1 0 0 4282.dat
1 72 1220 -8 720 0 0 1 0 1 0 -1 0 0 3795.dat
1 72 1230 -8 150 1 0 0 0 1 0 0 0 1 3024.dat
1 72 1290 -8 220 0 0 1 0 1 0 -1 0 0 3460.dat
1 72 1290 -8 310 1 0 0 0 1 0 0 0 1 3024.dat
1 72 1290 -8 460 0 0 1 0 1 0 -1 0 0 60479.dat
1 72 1290 -8 680 0 0 1 0 1 0 -1 0 0 4477.dat
1 72 1350 -8 220 0 0 1 0 1 0 -1 0 0 3460.dat
1 72 1360 -8 310 1 0 0 0 1 0 0 0 1 3023.dat
1 72 1360 -8 400 0 0 1 0 1 0 -1 0 0 3795.dat
1 72 1350 -8 580 0 0 1 0 1 0 -1 0 0 60479.dat
1 72 1360 -8 740 0 0 1 0 1 0 -1 0 0 3020.dat
1 72 1370 -8 220 0 0 1 0 1 0 -1 0 0 3666.dat
1 72 1370 -8 290 1 0 0 0 1 0 0 0 1 3024.dat
1 72 1370 -8 470 1 0 0 0 1 0 0 0 1 3024.dat
1 72 1370 -8 600 0 0 1 0 1 0 -1 0 0 4477.dat
1 0 10 -16 170 1 0 0 0 1 0 0 0 1 3024.dat
1 72 100 -16 190 1 0 0 0 1 0 0 0 1 4477.dat
1 0 10 -16 210 1 0 0 0 1 0 0 0 1 3024.dat
1 72 100 -16 240 1 0 0 0 1 0 0 0 1 3832.dat
1 0 10 -16 270 1 0 0 0 1 0 0 0 1 3024.dat
1 72 100 -16 290 1 0 0 0 1 0 0 0 1 4477.dat
1 0 10 -16 310 1 0 0 0 1 0 0 0 1 3024.dat
1 72 100 -16 340 1 0 0 0 1 0 0 0 1 3832.dat
1 0 10 -16 370 1 0 0 0 1 0 0 0 1 3024.dat
1 72 100 -16 400 1 0 0 0 1 0 0 0 1 3832.dat
1 0 10 -16 430 1 0 0 0 1 0 0 0 1 3024.dat
1 72 100 -16 450 1 0 0 0 1 0 0 0 1 4477.dat
1 0 10 -16 470 1 0 0 0 1 0 0 0 1 3024.dat
1 72 100 -16 500 1 0 0 0 1 0 0 0 1 3832.dat
1 0 10 -16 530 1 0 0 0 1 0 0 0 1 3024.dat
1 72 100 -16 550 1 0 0 0 1 0 0 0 1 4477.dat
1 0 10 -16 580 0 0 1 0 1 0 -1 0 0 3023.dat
1 72 100 -16 610 1 0 0 0 1 0 0 0 1 4477.dat
1 0 10 -16 630 1 0 0 0 1 0 0 0 1 3024.dat
1 72 100 -16 660 1 0 0 0 1 0 0 0 1 3832.dat
1 0 10 -16 690 1 0 0 0 1 0 0 0 1 3024.dat
1 72 100 -16 710 1 0 0 0 1 0 0 0 1 4477.dat
1 0 10 -16 730 1 0 0 0 1 0 0 0 1 3024.dat
1 72 100 -16 750 1 0 0 0 1 0 0 0 1 4477.dat
1 72 40 -16 160 1 0 0 0 1 0 0 0 1 3022.dat
1 72 40 -16 210 1 0 0 0 1 0 0 0 1 3023.dat
1 72 40 -16 270 1 0 0 0 1 0 0 0 1 3023.dat
1 72 40 -16 310 1 0 0 0 1 0 0 0 1 3023.dat
1 72 40 -16 370 1 0 0 0 1 0 0 0 1 3023.dat
1 72 40 -16 430 1 0 0 0 1 0 0 0 1 3023.dat
1 72 40 -16 470 1 0 0 0 1 0 0 0 1 3023.dat
1 72 40 -16 530 1 0 0 0 1 0 0 0 1 3023.dat
1 72 40 -16 580 1 0 0 0 1 0 0 0 1 3022.dat
1 72 40 -16 630 1 0 0 0 1 0 0 0 1 3023.dat
1 72 40 -16 690 1 0 0 0 1 0 0 0 1 3023.dat
1 72 40 -16 730 1 0 0 0 1 0 0 0 1 3023.dat
1 72 40 -16 770 1 0 0 0 1 0 0 0 1 3023.dat
1 0 80 -16 170 1 0 0 0 1 0 0 0 1 3023.dat
1 0 80 -16 210 1 0 0 0 1 0 0 0 1 3023.dat
1 0 80 -16 270 1 0 0 0 1 0 0 0 1 3023.dat
1 0 80 -16 310 1 0 0 0 1 0 0 0 1 3023.dat
1 0 80 -16 370 1 0 0 0 1 0 0 0 1 3023.dat
1 0 80 -16 430 1 0 0 0 1 0 0 0 1 3023.dat
1 0 80 -16 470 1 0 0 0 1 0 0 0 1 3023.dat
1 0 80 -16 530 1 0 0 0 1 0 0 0 1 3023.dat
1 0 80 -16 580 1 0 0 0 1 0 0 0 1 3022.dat
1 0 80 -16 630 1 0 0 0 1 0 0 0 1 3023.dat
1 0 80 -16 690 1 0 0 0 1 0 0 0 1 3023.dat
1 0 80 -16 730 1 0 0 0 1 0 0 0 1 3023.dat
1 72 110 -16 160 0 0 1 0 1 0 -1 0 0 3023.dat
1 72 120 -16 210 1 0 0 0 1 0 0 0 1 3023.dat
1 72 120 -16 270 1 0 0 0 1 0 0 0 1 3023.dat
1 72 120 -16 310 1 0 0 0 1 0 0 0 1 3023.dat
1 72 120 -16 370 1 0 0 0 1 0 0 0 1 3023.dat
1 72 120 -16 430 1 0 0 0 1 0 0 0 1 3023.dat
1 72 120 -16 470 1 0 0 0 1 0 0 0 1 3023.dat
1 72 120 -16 530 1 0 0 0 1 0 0 0 1 3023.dat
1 72 120 -16 580 1 0 0 0 1 0 0 0 1 3022.dat
1 72 120 -16 630 1 0 0 0 1 0 0 0 1 3023.dat
1 72 120 -16 690 1 0 0 0 1 0 0 0 1 3023.dat
1 72 120 -16 730 1 0 0 0 1 0 0 0 1 3023.dat
1 72 120 -16 770 1 0 0 0 1 0 0 0 1 3023.dat
1 72 130 -16 170 1 0 0 0 1 0 0 0 1 3024.dat
1 0 150 -16 170 1 0 0 0 1 0 0 0 1 3024.dat
1 0 150 -16 210 1 0 0 0 1 0 0 0 1 3024.dat
1 0 150 -16 270 1 0 0 0 1 0 0 0 1 3024.dat
1 0 150 -16 310 1 0 0 0 1 0 0 0 1 3024.dat
1 0 150 -16 370 1 0 0 0 1 0 0 0 1 3024.dat
1 0 150 -16 430 1 0 0 0 1 0 0 0 1 3024.dat
1 0 150 -16 470 1 0 0 0 1 0 0 0 1 3024.dat
1 0 150 -16 530 1 0 0 0 1 0 0 0 1 3024.dat
1 0 150 -16 580 0 0 1 0 1 0 -1 0 0 3023.dat
1 0 150 -16 630 1 0 0 0 1 0 0 0 1 3024.dat
1 0 150 -16 690 1 0 0 0 1 0 0 0 1 3024.dat
1 0 150 -16 730 1 0 0 0 1 0 0 0 1 3024.dat
1 72 180 -16 160 1 0 0 0 1 0 0 0 1 3022.dat
1 72 180 -16 210 1 0 0 0 1 0 0 0 1 3023.dat
1 72 180 -16 270 1 0 0 0 1 0 0 0 1 3023.dat
1 72 180 -16 310 1 0 0 0 1 0 0 0 1 3023.dat
1 72 180 -16 370 1 0 0 0 1 0 0 0 1 3023.dat
1 72 180 -16 430 1 0 0 0 1 0 0 0 1 3023.dat
1 72 180 -16 470 1 0 0 0 1 0 0 0 1 3023.dat
1 72 180 -16 530 1 0 0 0 1 0 0 0 1 3023.dat
1 72 180 -16 580 1 0 0 0 1 0 0 0 1 3022.dat
1 72 180 -16 630 1 0 0 0 1 0 0 0 1 3023.dat
1 72 180 -16 690 1 0 0 0 1 0 0 0 1 3023.dat
1 72 180 -16 730 1 0 0 0 1 0 0 0 1 3023.dat
1 72 180 -16 770 1 0 0 0 1 0 0 0 1 3023.dat
1 0 210 -16 170 1 0 0 0 1 0 0 0 1 3024.dat
1 72 210 -16 190 1 0 0 0 1 0 0 0 1 3024.dat
1 0 210 -16 210 1 0 0 0 1 0 0 0 1 3024.dat
1 72 210 -16 240 0 0 1 0 1 0 -1 0 0 3023.dat
1 0 210 -16 270 1 0 0 0 1 0 0 0 1 3024.dat
1 72 210 -16 290 1 0 0 0 1 0 0 0 1 3024.dat
1 0 210 -16 310 1 0 0 0 1 0 0 0 1 3024.dat
1 72 210 -16 340 0 0 1 0 1 0 -1 0 0 3023.dat
1 0 210 -16 370 1 0 0 0 1 0 0 0 1 3024.dat
1 72 210 -16 400 0 0 1 0 1 0 -1 0 0 3023.dat
1 0 210 -16 430 1 0 0 0 1 0 0 0 1 3024.dat
1 72 210 -16 450 1 0 0 0 1 0 0 0 1 3024.dat
1 0 210 -16 470 1 0 0 0 1 0 0 0 1 3024.dat
1 72 210 -16 500 0 0 1 0 1 0 -1 0 0 3023.dat
1 0 210 -16 530 1 0 0 0 1 0 0 0 1 3024.dat
1 72 210 -16 550 1 0 0 0 1 0 0 0 1 3024.dat
1 0 210 -16 580 0 0 1 0 1 0 -1 0 0 3023.dat
1 72 210 -16 610 1 0 0 0 1 0 0 0 1 3024.dat
1 0 210 -16 630 1 0 0 0 1 0 0 0 1 3024.dat
1 72 210 -16 660 0 0 1 0 1 0 -1 0 0 3023.dat
1 0 210 -16 690 1 0 0 0 1 0 0 0 1 3024.dat
1 72 210 -16 710 1 0 0 0 1 0 0 0 1 3024.dat
1 0 210 -16 730 1 0 0 0 1 0 0 0 1 3024.dat
1 72 210 -16 750 1 0 0 0 1 0 0 0 1 3024.dat
1 0 1190 -16 170 1 0 0 0 1 0 0 0 1 3024.dat
1 72 1280 -16 190 1 0 0 0 1 0 0 0 1 4477.dat
1 0 1190 -16 210 1 0 0 0 1 0 0 0 1 3024.dat
1 72 1280 -16 240 1 0 0 0 1 0 0 0 1 3832.dat
1 0 1190 -16 270 1 0 0 0 1 0 0 0 1 3024.dat
1 72 1280 -16 290 1 0 0 0 1 0 0 0 1 4477.dat
1 0 1190 -16 310 1 0 0 0 1 0 0 0 1 3024.dat
1 72 1220 -16 340 1 0 0 0 1 0 0 0 1 3020.dat
1 0 1190 -16 370 1 0 0 0 1 0 0 0 1 3024.dat
1 72 1280 -16 400 1 0 0 0 1 0 0 0 1 3832.dat
1 0 1190 -16 430 1 0 0 0 1 0 0 0 1 3024.dat
1 72 1280 -16 450 1 0 0 0 1 0 0 0 1 4477.dat
1 0 1190 -16 470 1 0 0 0 1 0 0 0 1 3024.dat
1 72 1280 -16 500 1 0 0 0 1 0 0 0 1 3832.dat
1 0 1190 -16 530 1 0 0 0 1 0 0 0 1 3024.dat
1 72 1280 -16 550 1 0 0 0 1 0 0 0 1 4477.dat
1 0 1190 -16 580 0 0 1 0 1 0 -1 0 0 3023.dat
1 72 1280 -16 610 1 0 0 0 1 0 0 0 1 4477.dat
1 0 1190 -16 630 1 0 0 0 1 0 0 0 1 3024.dat
1 72 1280 -16 660 1 0 0 0 1 0 0 0 1 3832.dat
1 0 1190 -16 690 1 0 0 0 1 0 0 0 1 3024.dat
1 72 1280 -16 710 1 0 0 0 1 0 0 0 1 4477.dat
1 0 1190 -16 730 1 0 0 0 1 0 0 0 1 3024.dat
1 72 1280 -16 750 1 0 0 0 1 0 0 0 1 4477.dat
1 72 1220 -16 160 1 0 0 0 1 0 0 0 1 3022.dat
1 72 1220 -16 210 1 0 0 0 1 0 0 0 1 3023.dat
1 72 1220 -16 270 1 0 0 0 1 0 0 0 1 3023.dat
1 72 1220 -16 310 1 0 0 0 1 0 0 0 1 3023.dat
1 72 1220 -16 370 1 0 0 0 1 0 0 0 1 3023.dat
1 72 1220 -16 430 1 0 0 0 1 0 0 0 1 3023.dat
1 72 1220 -16 470 1 0 0 0 1 0 0 0 1 3023.dat
1 72 1220 -16 530 1 0 0 0 1 0 0 0 1 3023.dat
1 72 1220 -16 580 1 0 0 0 1 0 0 0 1 3022.dat
1 72 1220 -16 630 1 0 0 0 1 0 0 0 1 3023.dat
1 72 1220 -16 690 1 0 0 0 1 0 0 0 1 3023.dat
1 72 1220 -16 730 1 0 0 0 1 0 0 0 1 3023.dat
1 72 1220 -16 770 1 0 0 0 1 0 0 0 1 3023.dat
1 0 1260 -16 170 1 0 0 0 1 0 0 0 1 3023.dat
1 0 1250 -16 210 1 0 0 0 1 0 0 0 1 3024.dat
1 0 1260 -16 270 1 0 0 0 1 0 0 0 1 3023.dat
1 0 1250 -16 310 1 0 0 0 1 0 0 0 1 3024.dat
1 0 1250 -16 370 1 0 0 0 1 0 0 0 1 3024.dat
1 0 1260 -16 430 1 0 0 0 1 0 0 0 1 3023.dat
1 0 1250 -16 470 1 0 0 0 1 0 0 0 1 3024.dat
1 0 1250 -16 530 1 0 0 0 1 0 0 0 1 3024.dat
1 0 1250 -16 580 0 0 1 0 1 0 -1 0 0 3023.dat
1 0 1250 -16 630 1 0 0 0 1 0 0 0 1 3024.dat
1 0 1260 -16 690 1 0 0 0 1 0 0 0 1 3023.dat
1 0 1250 -16 730 1 0 0 0 1 0 0 0 1 3024.dat
1 72 1280 -16 210 1 0 0 0 1 0 0 0 1 3023.dat
1 72 1290 -16 310 1 0 0 0 1 0 0 0 1 3623.dat
1 0 1270 -16 330 1 0 0 0 1 0 0 0 1 3024.dat
1 72 1320 -16 350 1 0 0 0 1 0 0 0 1 3666.dat
1 72 1280 -16 370 1 0 0 0 1 0 0 0 1 3023.dat
1 72 1280 -16 470 1 0 0 0 1 0 0 0 1 3023.dat
1 72 1280 -16 530 1 0 0 0 1 0 0 0 1 3023.dat
1 72 1290 -16 570 1 0 0 0 1 0 0 0 1 3623.dat
1 0 1270 -16 590 1 0 0 0 1 0 0 0 1 3024.dat
1 72 1280 -16 630 1 0 0 0 1 0 0 0 1 3023.dat
1 72 1290 -16 730 1 0 0 0 1 0 0 0 1 3623.dat
1 72 1290 -16 160 0 0 1 0 1 0 -1 0 0 3023.dat
1 72 1290 -16 270 1 0 0 0 1 0 0 0 1 3024.dat
1 72 1290 -16 330 1 0 0 0 1 0 0 0 1 3024.dat
1 72 1290 -16 430 1 0 0 0 1 0 0 0 1 3024.dat
1 72 1290 -16 590 1 0 0 0 1 0 0 0 1 3024.dat
1 72 1290 -16 690 1 0 0 0 1 0 0 0 1 3024.dat
1 72 1290 -16 770 1 0 0 0 1 0 0 0 1 3024.dat
1 0 1320 -16 170 1 0 0 0 1 0 0 0 1 3023.dat
1 0 1320 -16 210 1 0 0 0 1 0 0 0 1 3023.dat
1 0 1320 -16 270 1 0 0 0 1 0 0 0 1 3023.dat
1 0 1310 -16 330 1 0 0 0 1 0 0 0 1 3024.dat
1 0 1320 -16 370 1 0 0 0 1 0 0 0 1 3023.dat
1 0 1320 -16 430 1 0 0 0 1 0 0 0 1 3023.dat
1 0 1320 -16 470 1 0 0 0 1 0 0 0 1 3023.dat
1 0 1320 -16 530 1 0 0 0 1 0 0 0 1 3023.dat
1 0 1320 -16 590 1 0 0 0 1 0 0 0 1 3023.dat
1 0 1320 -16 630 1 0 0 0 1 0 0 0 1 3023.dat
1 0 1320 -16 690 1 0 0 0 1 0 0 0 1 3023.dat
1 0 1330 -16 310 1 0 0 0 1 0 0 0 1 3024.dat
1 72 1360 -16 330 1 0 0 0 1 0 0 0 1 3710.dat
1 0 1330 -16 570 1 0 0 0 1 0 0 0 1 3024.dat
1 0 1330 -16 730 1 0 0 0 1 0 0 0 1 3024.dat
1 72 1360 -16 160 1 0 0 0 1 0 0 0 1 3022.dat
1 72 1360 -16 210 1 0 0 0 1 0 0 0 1 3023.dat
1 72 1360 -16 270 1 0 0 0 1 0 0 0 1 3023.dat
1 72 1360 -16 310 1 0 0 0 1 0 0 0 1 3023.dat
1 72 1360 -16 370 1 0 0 0 1 0 0 0 1 3023.dat
1 72 1360 -16 430 1 0 0 0 1 0 0 0 1 3023.dat
1 72 1360 -16 470 1 0 0 0 1 0 0 0 1 3023.dat
1 72 1360 -16 530 1 0 0 0 1 0 0 0 1 3023.dat
1 72 1360 -16 580 1 0 0 0 1 0 0 0 1 3022.dat
1 72 1360 -16 630 1 0 0 0 1 0 0 0 1 3023.dat
1 72 1360 -16 690 1 0 0 0 1 0 0 0 1 3023.dat
1 72 1360 -16 730 1 0 0 0 1 0 0 0 1 3023.dat
1 72 1360 -16 770 1 0 0 0 1 0 0 0 1 3023.dat
1 0 1390 -16 170 1 0 0 0 1 0 0 0 1 3024.dat
1 72 1390 -16 190 1 0 0 0 1 0 0 0 1 3024.dat
1 0 1390 -16 210 1 0 0 0 1 0 0 0 1 3024.dat
1 72 1390 -16 240 0 0 1 0 1 0 -1 0 0 3023.dat
1 0 1390 -16 270 1 0 0 0 1 0 0 0 1 3024.dat
1 72 1390 -16 290 1 0 0 0 1 0 0 0 1 3024.dat
1 0 1390 -16 310 1 0 0 0 1 0 0 0 1 3024.dat
1 72 1390 -16 350 1 0 0 0 1 0 0 0 1 3024.dat
1 0 1390 -16 370 1 0 0 0 1 0 0 0 1 3024.dat
1 72 1390 -16 400 0 0 1 0 1 0 -1 0 0 3023.dat
1 0 1390 -16 430 1 0 0 0 1 0 0 0 1 3024.dat
1 72 1390 -16 450 1 0 0 0 1 0 0 0 1 3024.dat
1 0 1390 -16 470 1 0 0 0 1 0 0 0 1 3024.dat
1 72 1390 -16 500 0 0 1 0 1 0 -1 0 0 3023.dat
1 0 1390 -16 530 1 0 0 0 1 0 0 0 1 3024.dat
1 72 1390 -16 550 1 0 0 0 1 0 0 0 1 3024.dat
1 0 1390 -16 580 0 0 1 0 1 0 -1 0 0 3023.dat
1 72 1390 -16 610 1 0 0 0 1 0 0 0 1 3024.dat
1 0 1390 -16 630 1 0 0 0 1 0 0 0 1 3024.dat
1 72 1390 -16 660 0 0 1 0 1 0 -1 0 0 3023.dat
1 0 1390 -16 690 1 0 0 0 1 0 0 0 1 3024.dat
1 72 1390 -16 710 1 0 0 0 1 0 0 0 1 3024.dat
1 0 1390 -16 730 1 0 0 0 1 0 0 0 1 3024.dat
1 72 1390 -16 750 1 0 0 0 1 0 0 0 1 3024.dat
1 72 30 -24 150 1 0 0 0 1 0 0 0 1 3623.dat
1 0 10 -24 280 0 0 1 0 1 0 -1 0 0 60479.dat
1 0 80 -24 560 0 0 1 0 1 0 -1 0 0 92438.dat
1 0 120 -24 730 1 0 0 0 1 0 0 0 1 60479.dat
1 0 20 -24 750 1 0 0 0 1 0 0 0 1 3023.dat
1 72 30 -24 770 1 0 0 0 1 0 0 0 1 3623.dat
1 72 40 -24 170 1 0 0 0 1 0 0 0 1 3023.dat
1 0 100 -24 260 1 0 0 0 1 0 0 0 1 41539.dat
1 0 120 -24 360 1 0 0 0 1 0 0 0 1 3832.dat
1 0 120 -24 390 1 0 0 0 1 0 0 0 1 4477.dat
1 72 50 -24 750 1 0 0 0 1 0 0 0 1 3024.dat
1 0 70 -24 160 0 0 1 0 1 0 -1 0 0 3023.dat
1 0 140 -24 750 1 0 0 0 1 0 0 0 1 3460.dat
1 0 80 -24 770 1 0 0 0 1 0 0 0 1 3023.dat
1 72 140 -24 150 1 0 0 0 1 0 0 0 1 3666.dat
1 0 90 -24 170 1 0 0 0 1 0 0 0 1 3024.dat
1 72 110 -24 170 1 0 0 0 1 0 0 0 1 3024.dat
1 72 120 -24 770 1 0 0 0 1 0 0 0 1 3023.dat
1 0 150 -24 170 1 0 0 0 1 0 0 0 1 3623.dat
1 0 150 -24 770 1 0 0 0 1 0 0 0 1 3024.dat
1 0 200 -24 520 0 0 1 0 1 0 -1 0 0 3029.dat
1 0 200 -24 680 1 0 0 0 1 0 0 0 1 3031.dat
1 72 180 -24 770 1 0 0 0 1 0 0 0 1 3023.dat
1 72 190 -24 170 1 0 0 0 1 0 0 0 1 3024.dat
1 0 200 -24 260 0 0 1 0 1 0 -1 0 0 3034.dat
1 0 210 -24 160 0 0 1 0 1 0 -1 0 0 3023.dat
1 0 210 -24 770 1 0 0 0 1 0 0 0 1 3024.dat
1 0 230 -24 280 0 0 1 0 1 0 -1 0 0 4477.dat
1 0 230 -24 390 1 0 0 0 1 0 0 0 1 3024.dat
1 0 230 -24 750 1 0 0 0 1 0 0 0 1 3024.dat
1 71 350 -24 1780 1 0 0 0 1 0 0 0 1 3021.dat
1 71 1060 -24 1780 1 0 0 0 1 0 0 0 1 3022.dat
1 0 1240 -24 340 0 0 1 0 1 0 -1 0 0 92438.dat
1 0 1280 -24 560 1 0 0 0 1 0 0 0 1 3028.dat
1 0 1280 -24 680 1 0 0 0 1 0 0 0 1 3028.dat
1 0 1220 -24 750 1 0 0 0 1 0 0 0 1 3666.dat
1 0 1190 -24 160 0 0 1 0 1 0 -1 0 0 3023.dat
1 0 1190 -24 770 1 0 0 0 1 0 0 0 1 3024.dat
1 72 1260 -24 150 1 0 0 0 1 0 0 0 1 3666.dat
1 0 1240 -24 170 1 0 0 0 1 0 0 0 1 3710.dat
1 72 1220 -24 770 1 0 0 0 1 0 0 0 1 3023.dat
1 0 1250 -24 770 1 0 0 0 1 0 0 0 1 3024.dat
1 72 1280 -24 770 1 0 0 0 1 0 0 0 1 3023.dat
1 72 1290 -24 170 1 0 0 0 1 0 0 0 1 3024.dat
1 72 1290 -24 750 1 0 0 0 1 0 0 0 1 3024.dat
1 0 1320 -24 170 1 0 0 0 1 0 0 0 1 3023.dat
1 0 1320 -24 760 1 0 0 0 1 0 0 0 1 3022.dat
1 0 1330 -24 150 1 0 0 0 1 0 0 0 1 3024.dat
1 0 1360 -24 300 0 0 1 0 1 0 -1 0 0 3029.dat
1 0 1360 -24 460 1 0 0 0 1 0 0 0 1 3031.dat
1 72 1360 -24 160 1 0 0 0 1 0 0 0 1 3022.dat
1 0 1350 -24 750 1 0 0 0 1 0 0 0 1 3024.dat
1 72 1370 -24 770 1 0 0 0 1 0 0 0 1 3623.dat
1 72 1370 -24 750 1 0 0 0 1 0 0 0 1 3024.dat
1 72 1390 -24 150 1 0 0 0 1 0 0 0 1 3024.dat
1 0 1390 -24 170 1 0 0 0 1 0 0 0 1 3024.dat
1 0 1390 -24 750 1 0 0 0 1 0 0 0 1 3024.dat
1 0 100 -32 130 1 0 0 0 1 0 0 0 1 4477.dat
1 0 20 -32 160 1 0 0 0 1 0 0 0 1 3022.dat
1 0 40 -32 310 1 0 0 0 1 0 0 0 1 3710.dat
1 0 10 -32 340 0 0 1 0 1 0 -1 0 0 3023.dat
1 0 40 -32 400 1 0 0 0 1 0 0 0 1 3020.dat
1 0 40 -32 430 1 0 0 0 1 0 0 0 1 3710.dat
1 0 40 -32 490 1 0 0 0 1 0 0 0 1 3710.dat
1 0 10 -32 520 0 0 1 0 1 0 -1 0 0 3023.dat
1 0 40 -32 580 1 0 0 0 1 0 0 0 1 3020.dat
1 0 40 -32 610 1 0 0 0 1 0 0 0 1 3710.dat
1 0 120 -32 750 1 0 0 0 1 0 0 0 1 60479.dat
1 72 30 -32 770 1 0 0 0 1 0 0 0 1 3623.dat
1 0 20 -32 790 1 0 0 0 1 0 0 0 1 3023.dat
1 0 30 -32 210 0 0 1 0 1 0 -1 0 0 3623.dat
1 0 50 -32 350 1 0 0 0 1 0 0 0 1 3623.dat
1 0 50 -32 530 1 0 0 0 1 0 0 0 1 3623.dat
1 0 50 -32 690 1 0 0 0 1 0 0 0 1 3623.dat
1 0 30 -32 720 0 0 1 0 1 0 -1 0 0 3023.dat
1 72 40 -32 810 1 0 0 0 1 0 0 0 1 3023.dat
1 72 50 -32 110 1 0 0 0 1 0 0 0 1 3024.dat
1 72 50 -32 150 1 0 0 0 1 0 0 0 1 3024.dat
1 0 140 -32 170 1 0 0 0 1 0 0 0 1 4477.dat
1 0 60 -32 230 1 0 0 0 1 0 0 0 1 3023.dat
1 72 50 -32 790 1 0 0 0 1 0 0 0 1 3024.dat
1 0 140 -32 150 1 0 0 0 1 0 0 0 1 3460.dat
1 0 70 -32 200 0 0 1 0 1 0 -1 0 0 3023.dat
1 0 70 -32 270 0 0 1 0 1 0 -1 0 0 3623.dat
1 0 70 -32 330 1 0 0 0 1 0 0 0 1 3024.dat
1 0 70 -32 370 1 0 0 0 1 0 0 0 1 3024.dat
1 0 70 -32 460 0 0 1 0 1 0 -1 0 0 3023.dat
1 0 70 -32 510 1 0 0 0 1 0 0 0 1 3024.dat
1 0 70 -32 550 1 0 0 0 1 0 0 0 1 3024.dat
1 0 70 -32 650 0 0 1 0 1 0 -1 0 0 3623.dat
1 0 70 -32 720 0 0 1 0 1 0 -1 0 0 3023.dat
1 0 80 -32 780 1 0 0 0 1 0 0 0 1 3022.dat
1 72 110 -32 110 1 0 0 0 1 0 0 0 1 3024.dat
1 72 110 -32 770 1 0 0 0 1 0 0 0 1 3024.dat
1 0 160 -32 790 1 0 0 0 1 0 0 0 1 3666.dat
1 72 110 -32 810 1 0 0 0 1 0 0 0 1 3024.dat
1 0 150 -32 770 1 0 0 0 1 0 0 0 1 3623.dat
1 72 180 -32 810 1 0 0 0 1 0 0 0 1 3023.dat
1 72 190 -32 110 1 0 0 0 1 0 0 0 1 3024.dat
1 72 190 -32 770 1 0 0 0 1 0 0 0 1 3024.dat
1 0 210 -32 130 1 0 0 0 1 0 0 0 1 3024.dat
1 0 220 -32 770 1 0 0 0 1 0 0 0 1 3023.dat
1 0 230 -32 150 1 0 0 0 1 0 0 0 1 3024.dat
1 0 230 -32 300 0 0 1 0 1 0 -1 0 0 60479.dat
1 0 230 -32 540 0 0 1 0 1 0 -1 0 0 60479.dat
1 0 230 -32 700 0 0 1 0 1 0 -1 0 0 3710.dat
1 72 350 -32 1600 1 0 0 0 1 0 0 0 1 3021.dat
1 71 330 -32 1790 0 0 1 0 1 0 -1 0 0 3623.dat
1 72 350 -32 1760 0 0 1 0 1 0 -1 0 0 3023.dat
1 71 360 -32 1800 1 0 0 0 1 0 0 0 1 3022.dat
1 71 370 -32 1770 1 0 0 0 1 0 0 0 1 3024.dat
1 0 710 -32 1270 1 0 0 0 1 0 0 0 1 3024.dat
1 72 1050 -32 1600 1 0 0 0 1 0 0 0 1 3021.dat
1 71 1050 -32 1780 1 0 0 0 1 0 0 0 1 3021.dat
1 71 1050 -32 1810 1 0 0 0 1 0 0 0 1 3623.dat
1 72 1050 -32 1750 1 0 0 0 1 0 0 0 1 3024.dat
1 0 1220 -32 160 1 0 0 0 1 0 0 0 1 3795.dat
1 0 1170 -32 300 0 0 1 0 1 0 -1 0 0 60479.dat
1 0 1170 -32 540 0 0 1 0 1 0 -1 0 0 60479.dat
1 0 1170 -32 720 0 0 1 0 1 0 -1 0 0 3666.dat
1 0 1280 -32 130 1 0 0 0 1 0 0 0 1 4477.dat
1 0 1280 -32 750 1 0 0 0 1 0 0 0 1 4477.dat
1 0 1220 -32 780 1 0 0 0 1 0 0 0 1 3020.dat
1 72 1220 -32 110 1 0 0 0 1 0 0 0 1 3023.dat
1 72 1220 -32 810 1 0 0 0 1 0 0 0 1 3023.dat
1 0 1270 -32 780 0 0 1 0 1 0 -1 0 0 3023.dat
1 72 1290 -32 110 1 0 0 0 1 0 0 0 1 3024.dat
1 72 1290 -32 150 1 0 0 0 1 0 0 0 1 3024.dat
1 0 1340 -32 170 1 0 0 0 1 0 0 0 1 3666.dat
1 72 1290 -32 770 1 0 0 0 1 0 0 0 1 3024.dat
1 0 1340 -32 790 1 0 0 0 1 0 0 0 1 3666.dat
1 72 1290 -32 810 1 0 0 0 1 0 0 0 1 3024.dat
1 0 1330 -32 150 1 0 0 0 1 0 0 0 1 3623.dat
1 0 1320 -32 770 1 0 0 0 1 0 0 0 1 3023.dat
1 0 1330 -32 300 0 0 1 0 1 0 -1 0 0 60479.dat
1 0 1330 -32 540 0 0 1 0 1 0 -1 0 0 60479.dat
1 0 1330 -32 700 0 0 1 0 1 0 -1 0 0 3710.dat
1 72 1350 -32 110 1 0 0 0 1 0 0 0 1 3024.dat
1 0 1360 -32 230 1 0 0 0 1 0 0 0 1 3023.dat
1 0 1370 -32 310 1 0 0 0 1 0 0 0 1 3623.dat
1 0 1370 -32 350 1 0 0 0 1 0 0 0 1 3623.dat
1 0 1370 -32 400 1 0 0 0 1 0 0 0 1 3021.dat
1 0 1370 -32 430 1 0 0 0 1 0 0 0 1 3623.dat
1 0 1370 -32 490 1 0 0 0 1 0 0 0 1 3623.dat
1 0 1370 -32 530 1 0 0 0 1 0 0 0 1 3623.dat
1 0 1370 -32 580 1 0 0 0 1 0 0 0 1 3021.dat
1 0 1370 -32 610 1 0 0 0 1 0 0 0 1 3623.dat
1 0 1360 -32 690 1 0 0 0 1 0 0 0 1 3023.dat
1 72 1370 -32 770 1 0 0 0 1 0 0 0 1 3623.dat
1 72 1360 -32 810 1 0 0 0 1 0 0 0 1 3023.dat
1 72 1370 -32 150 1 0 0 0 1 0 0 0 1 3024.dat
1 0 1380 -32 200 1 0 0 0 1 0 0 0 1 3022.dat
1 0 1380 -32 720 1 0 0 0 1 0 0 0 1 3022.dat
1 0 1390 -32 140 0 0 1 0 1 0 -1 0 0 3023.dat
1 0 1390 -32 330 1 0 0 0 1 0 0 0 1 3024.dat
1 0 1390 -32 510 1 0 0 0 1 0 0 0 1 3024.dat
1 0 1390 -32 750 1 0 0 0 1 0 0 0 1 3024.dat
1 72 100 -40 130 1 0 0 0 1 0 0 0 1 4477.dat
1 0 120 -40 150 1 0 0 0 1 0 0 0 1 60479.dat
1 0 40 -40 310 1 0 0 0 1 0 0 0 1 3710.dat
1 0 10 -40 340 0 0 1 0 1 0 -1 0 0 3023.dat
1 0 40 -40 390 1 0 0 0 1 0 0 0 1 3710.dat
1 0 10 -40 420 0 0 1 0 1 0 -1 0 0 3023.dat
1 0 40 -40 490 1 0 0 0 1 0 0 0 1 3710.dat
1 0 10 -40 520 0 0 1 0 1 0 -1 0 0 3023.dat
1 0 40 -40 570 1 0 0 0 1 0 0 0 1 3710.dat
1 0 10 -40 600 0 0 1 0 1 0 -1 0 0 3023.dat
1 0 120 -40 770 1 0 0 0 1 0 0 0 1 60479.dat
1 0 10 -40 790 1 0 0 0 1 0 0 0 1 3024.dat
1 72 40 -40 110 1 0 0 0 1 0 0 0 1 3023.dat
1 0 30 -40 200 0 0 1 0 1 0 -1 0 0 3710.dat
1 0 50 -40 250 1 0 0 0 1 0 0 0 1 3623.dat
1 0 50 -40 350 1 0 0 0 1 0 0 0 1 3623.dat
1 0 50 -40 430 1 0 0 0 1 0 0 0 1 3623.dat
1 0 50 -40 530 1 0 0 0 1 0 0 0 1 3623.dat
1 0 50 -40 610 1 0 0 0 1 0 0 0 1 3623.dat
1 0 30 -40 720 0 0 1 0 1 0 -1 0 0 3710.dat
1 72 30 -40 800 0 0 1 0 1 0 -1 0 0 3023.dat
1 0 60 -40 230 1 0 0 0 1 0 0 0 1 3023.dat
1 0 60 -40 680 1 0 0 0 1 0 0 0 1 3022.dat
1 0 140 -40 790 1 0 0 0 1 0 0 0 1 4477.dat
1 72 50 -40 810 1 0 0 0 1 0 0 0 1 3024.dat
1 0 70 -40 190 0 0 1 0 1 0 -1 0 0 3623.dat
1 0 70 -40 280 0 0 1 0 1 0 -1 0 0 3023.dat
1 0 70 -40 330 1 0 0 0 1 0 0 0 1 3024.dat
1 0 70 -40 370 1 0 0 0 1 0 0 0 1 3024.dat
1 0 70 -40 410 1 0 0 0 1 0 0 0 1 3024.dat
1 0 70 -40 460 0 0 1 0 1 0 -1 0 0 3023.dat
1 0 70 -40 510 1 0 0 0 1 0 0 0 1 3024.dat
1 0 70 -40 550 1 0 0 0 1 0 0 0 1 3024.dat
1 0 70 -40 590 1 0 0 0 1 0 0 0 1 3024.dat
1 0 70 -40 640 0 0 1 0 1 0 -1 0 0 3023.dat
1 0 70 -40 730 0 0 1 0 1 0 -1 0 0 3623.dat
1 72 120 -40 110 1 0 0 0 1 0 0 0 1 3023.dat
1 72 120 -40 810 1 0 0 0 1 0 0 0 1 3023.dat
1 72 180 -40 110 1 0 0 0 1 0 0 0 1 3023.dat
1 72 180 -40 810 1 0 0 0 1 0 0 0 1 3023.dat
1 72 210 -40 130 1 0 0 0 1 0 0 0 1 3024.dat
1 0 230 -40 280 0 0 1 0 1 0 -1 0 0 60479.dat
1 0 230 -40 520 0 0 1 0 1 0 -1 0 0 60479.dat
1 0 230 -40 700 0 0 1 0 1 0 -1 0 0 3666.dat
1 72 320 -40 1640 1 0 0 0 1 0 0 0 1 3031.dat
1 72 340 -40 1590 1 0 0 0 1 0 0 0 1 3710.dat
1 72 340 -40 1790 1 0 0 0 1 0 0 0 1 3710.dat
1 72 310 -40 1820 0 0 1 0 1 0 -1 0 0 3023.dat
1 72 350 -40 1690 1 0 0 0 1 0 0 0 1 3623.dat
1 72 340 -40 1760 1 0 0 0 1 0 0 0 1 3022.dat
1 71 330 -40 1810 1 0 0 0 1 0 0 0 1 3024.dat
1 72 350 -40 1830 1 0 0 0 1 0 0 0 1 3623.dat
1 72 360 -40 1810 1 0 0 0 1 0 0 0 1 3023.dat
1 72 370 -40 1640 0 0 1 0 1 0 -1 0 0 3710.dat
1 72 370 -40 1750 1 0 0 0 1 0 0 0 1 3024.dat
1 71 370 -40 1770 1 0 0 0 1 0 0 0 1 3024.dat
1 72 390 -40 1650 0 0 1 0 1 0 -1 0 0 3623.dat
1 0 670 -40 1470 1 0 0 0 1 0 0 0 1 3024.dat
1 72 1060 -40 1640 1 0 0 0 1 0 0 0 1 3795.dat
1 72 1060 -40 1600 1 0 0 0 1 0 0 0 1 3020.dat
1 72 1050 -40 1680 1 0 0 0 1 0 0 0 1 3021.dat
1 72 1050 -40 1750 1 0 0 0 1 0 0 0 1 3623.dat
1 71 1030 -40 1770 1 0 0 0 1 0 0 0 1 3024.dat
1 72 1040 -40 1810 0 0 1 0 1 0 -1 0 0 3021.dat
1 72 1060 -40 1770 1 0 0 0 1 0 0 0 1 3023.dat
1 72 1080 -40 1790 1 0 0 0 1 0 0 0 1 3023.dat
1 71 1070 -40 1810 1 0 0 0 1 0 0 0 1 3024.dat
1 72 1080 -40 1830 1 0 0 0 1 0 0 0 1 3023.dat
1 72 1100 -40 1670 1 0 0 0 1 0 0 0 1 3023.dat
1 72 1090 -40 1810 1 0 0 0 1 0 0 0 1 3024.dat
1 72 1110 -40 1610 1 0 0 0 1 0 0 0 1 3024.dat
1 0 1280 -40 150 1 0 0 0 1 0 0 0 1 60479.dat
1 0 1170 -40 280 0 0 1 0 1 0 -1 0 0 60479.dat
1 0 1170 -40 520 0 0 1 0 1 0 -1 0 0 60479.dat
1 0 1170 -40 720 0 0 1 0 1 0 -1 0 0 3460.dat
1 72 1280 -40 130 1 0 0 0 1 0 0 0 1 4477.dat
1 0 1260 -40 780 1 0 0 0 1 0 0 0 1 3034.dat
1 72 1220 -40 110 1 0 0 0 1 0 0 0 1 3023.dat
1 72 1220 -40 810 1 0 0 0 1 0 0 0 1 3023.dat
1 72 1290 -40 110 1 0 0 0 1 0 0 0 1 3024.dat
1 72 1290 -40 810 1 0 0 0 1 0 0 0 1 3024.dat
1 0 1330 -40 280 0 0 1 0 1 0 -1 0 0 60479.dat
1 0 1330 -40 520 0 0 1 0 1 0 -1 0 0 60479.dat
1 0 1330 -40 700 0 0 1 0 1 0 -1 0 0 3666.dat
1 72 1360 -40 110 1 0 0 0 1 0 0 0 1 3023.dat
1 0 1360 -40 240 1 0 0 0 1 0 0 0 1 3022.dat
1 0 1370 -40 310 1 0 0 0 1 0 0 0 1 3623.dat
1 0 1370 -40 350 1 0 0 0 1 0 0 0 1 3623.dat
1 0 1370 -40 390 1 0 0 0 1 0 0 0 1 3623.dat
1 0 1370 -40 430 1 0 0 0 1 0 0 0 1 3623.dat
1 0 1370 -40 490 1 0 0 0 1 0 0 0 1 3623.dat
1 0 1370 -40 530 1 0 0 0 1 0 0 0 1 3623.dat
1 0 1370 -40 570 1 0 0 0 1 0 0 0 1 3623.dat
1 0 1370 -40 610 1 0 0 0 1 0 0 0 1 3623.dat
1 0 1350 -40 680 0 0 1 0 1 0 -1 0 0 3023.dat
1 0 1370 -40 770 1 0 0 0 1 0 0 0 1 3623.dat
1 0 1350 -40 790 1 0 0 0 1 0 0 0 1 3024.dat
1 72 1360 -40 810 1 0 0 0 1 0 0 0 1 3023.dat
1 0 1380 -40 690 1 0 0 0 1 0 0 0 1 3023.dat
1 72 1370 -40 790 1 0 0 0 1 0 0 0 1 3024.dat
1 72 1390 -40 130 1 0 0 0 1 0 0 0 1 3024.dat
1 0 1390 -40 200 0 0 1 0 1 0 -1 0 0 3710.dat
1 0 1390 -40 330 1 0 0 0 1 0 0 0 1 3024.dat
1 0 1390 -40 410 1 0 0 0 1 0 0 0 1 3024.dat
1 0 1390 -40 510 1 0 0 0 1 0 0 0 1 3024.dat
1 0 1390 -40 590 1 0 0 0 1 0 0 0 1 3024.dat
1 0 1390 -40 730 0 0 1 0 1 0 -1 0 0 3623.dat
1 0 1390 -40 790 1 0 0 0 1 0 0 0 1 3024.dat
1 0 120 -48 130 1 0 0 0 1 0 0 0 1 60479.dat
1 0 40 -48 310 1 0 0 0 1 0 0 0 1 3710.dat
1 0 10 -48 340 0 0 1 0 1 0 -1 0 0 3023.dat
1 0 40 -48 390 1 0 0 0 1 0 0 0 1 3710.dat
1 0 10 -48 420 0 0 1 0 1 0 -1 0 0 3023.dat
1 0 40 -48 490 1 0 0 0 1 0 0 0 1 3710.dat
1 0 10 -48 520 0 0 1 0 1 0 -1 0 0 3023.dat
1 0 40 -48 570 1 0 0 0 1 0 0 0 1 3710.dat
1 0 10 -48 600 0 0 1 0 1 0 -1 0 0 3023.dat
1 0 120 -48 790 1 0 0 0 1 0 0 0 1 60479.dat
1 72 100 -48 810 1 0 0 0 1 0 0 0 1 4477.dat
1 72 40 -48 110 1 0 0 0 1 0 0 0 1 3023.dat
1 0 30 -48 200 0 0 1 0 1 0 -1 0 0 3666.dat
1 0 50 -48 350 1 0 0 0 1 0 0 0 1 3623.dat
1 0 50 -48 430 1 0 0 0 1 0 0 0 1 3623.dat
1 0 50 -48 530 1 0 0 0 1 0 0 0 1 3623.dat
1 0 50 -48 610 1 0 0 0 1 0 0 0 1 3623.dat
1 0 30 -48 720 0 0 1 0 1 0 -1 0 0 3666.dat
1 0 60 -48 250 1 0 0 0 1 0 0 0 1 3023.dat
1 0 60 -48 670 1 0 0 0 1 0 0 0 1 3023.dat
1 0 70 -48 180 0 0 1 0 1 0 -1 0 0 3710.dat
1 0 70 -48 230 1 0 0 0 1 0 0 0 1 3024.dat
1 0 70 -48 280 0 0 1 0 1 0 -1 0 0 3023.dat
1 0 70 -48 330 1 0 0 0 1 0 0 0 1 3024.dat
1 0 70 -48 370 1 0 0 0 1 0 0 0 1 3024.dat
1 0 70 -48 410 1 0 0 0 1 0 0 0 1 3024.dat
1 0 70 -48 460 0 0 1 0 1 0 -1 0 0 3023.dat
1 0 70 -48 510 1 0 0 0 1 0 0 0 1 3024.dat
1 0 70 -48 550 1 0 0 0 1 0 0 0 1 3024.dat
1 0 70 -48 590 1 0 0 0 1 0 0 0 1 3024.dat
1 0 70 -48 640 0 0 1 0 1 0 -1 0 0 3023.dat
1 0 70 -48 720 0 0 1 0 1 0 -1 0 0 3710.dat
1 0 70 -48 770 1 0 0 0 1 0 0 0 1 3024.dat
1 72 120 -48 110 1 0 0 0 1 0 0 0 1 3023.dat
1 72 180 -48 110 1 0 0 0 1 0 0 0 1 3023.dat
1 72 210 -48 810 1 0 0 0 1 0 0 0 1 3024.dat
1 0 230 -48 260 0 0 1 0 1 0 -1 0 0 60479.dat
1 0 230 -48 500 0 0 1 0 1 0 -1 0 0 60479.dat
1 0 230 -48 700 0 0 1 0 1 0 -1 0 0 3460.dat
1 72 340 -48 1120 0 0 1 0 1 0 -1 0 0 92438.dat
1 72 340 -48 1340 1 0 0 0 1 0 0 0 1 3958.dat
1 72 340 -48 1440 1 0 0 0 1 0 0 0 1 3795.dat
1 72 340 -48 1470 1 0 0 0 1 0 0 0 1 3666.dat
1 72 300 -48 1640 0 0 1 0 1 0 -1 0 0 3020.dat
1 71 300 -48 1860 0 0 1 0 1 0 -1 0 0 3020.dat
1 72 340 -48 1410 1 0 0 0 1 0 0 0 1 3710.dat
1 72 340 -48 1490 1 0 0 0 1 0 0 0 1 3710.dat
1 484 340 -48 1540 1 0 0 0 1 0 0 0 1 3031.dat
1 72 340 -48 1590 1 0 0 0 1 0 0 0 1 3710.dat
1 72 340 -48 1740 0 0 1 0 1 0 -1 0 0 3032.dat
1 71 340 -48 1810 1 0 0 0 1 0 0 0 1 3710.dat
1 71 320 -48 1910 1 0 0 0 1 0 0 0 1 3023.dat
1 72 360 -48 1610 1 0 0 0 1 0 0 0 1 3710.dat
1 72 360 -48 1670 1 0 0 0 1 0 0 0 1 3710.dat
1 72 340 -48 1830 1 0 0 0 1 0 0 0 1 3023.dat
1 72 380 -48 1630 1 0 0 0 1 0 0 0 1 3023.dat
1 71 380 -48 1860 0 0 1 0 1 0 -1 0 0 3020.dat
1 71 370 -48 1910 1 0 0 0 1 0 0 0 1 3024.dat
1 72 390 -48 1410 1 0 0 0 1 0 0 0 1 3024.dat
1 72 390 -48 1490 1 0 0 0 1 0 0 0 1 3024.dat
1 484 390 -48 1510 1 0 0 0 1 0 0 0 1 3024.dat
1 72 390 -48 1590 1 0 0 0 1 0 0 0 1 3024.dat
1 72 390 -48 1650 1 0 0 0 1 0 0 0 1 3024.dat
1 71 390 -48 1810 1 0 0 0 1 0 0 0 1 3024.dat
1 72 410 -48 1320 0 0 1 0 1 0 -1 0 0 3710.dat
1 72 410 -48 1370 1 0 0 0 1 0 0 0 1 3024.dat
1 72 430 -48 1080 0 0 1 0 1 0 -1 0 0 60479.dat
1 72 430 -48 1220 0 0 1 0 1 0 -1 0 0 3023.dat
1 72 460 -48 1040 0 0 1 0 1 0 -1 0 0 3795.dat
1 72 450 -48 1130 0 0 1 0 1 0 -1 0 0 3623.dat
1 72 470 -48 1110 1 0 0 0 1 0 0 0 1 3024.dat
1 72 490 -48 1020 0 0 1 0 1 0 -1 0 0 3710.dat
1 72 510 -48 1000 0 0 1 0 1 0 -1 0 0 3023.dat
1 72 1000 -48 1000 1 0 0 0 1 0 0 0 1 2445.dat
1 72 1020 -48 1040 1 0 0 0 1 0 0 0 1 2445.dat
1 72 1020 -48 1080 1 0 0 0 1 0 0 0 1 3832.dat
1 72 1040 -48 1120 1 0 0 0 1 0 0 0 1 3832.dat
1 72 1040 -48 970 1 0 0 0 1 0 0 0 1 3460.dat
1 72 1040 -48 1180 1 0 0 0 1 0 0 0 1 3035.dat
1 72 1040 -48 1280 1 0 0 0 1 0 0 0 1 3958.dat
1 72 1040 -48 1350 1 0 0 0 1 0 0 0 1 3666.dat
1 72 1060 -48 1420 1 0 0 0 1 0 0 0 1 3958.dat
1 484 1010 -48 1490 1 0 0 0 1 0 0 0 1 3024.dat
1 72 1040 -48 1600 1 0 0 0 1 0 0 0 1 3020.dat
1 72 1020 -48 1640 1 0 0 0 1 0 0 0 1 3022.dat
1 71 1020 -48 1840 0 0 1 0 1 0 -1 0 0 3020.dat
1 71 1020 -48 1890 1 0 0 0 1 0 0 0 1 3023.dat
1 72 1060 -48 1490 1 0 0 0 1 0 0 0 1 3710.dat
1 484 1060 -48 1540 1 0 0 0 1 0 0 0 1 3031.dat
1 72 1060 -48 1720 0 0 1 0 1 0 -1 0 0 3032.dat
1 72 1060 -48 1790 1 0 0 0 1 0 0 0 1 3710.dat
1 71 1030 -48 1910 1 0 0 0 1 0 0 0 1 3024.dat
1 71 1070 -48 1810 1 0 0 0 1 0 0 0 1 3623.dat
1 72 1060 -48 1830 1 0 0 0 1 0 0 0 1 3023.dat
1 71 1080 -48 1910 1 0 0 0 1 0 0 0 1 3023.dat
1 72 1090 -48 1620 0 0 1 0 1 0 -1 0 0 3710.dat
1 71 1100 -48 1860 0 0 1 0 1 0 -1 0 0 3020.dat
1 72 1120 -48 1260 0 0 1 0 1 0 -1 0 0 3020.dat
1 72 1110 -48 1330 0 0 1 0 1 0 -1 0 0 3623.dat
1 72 1110 -48 1640 0 0 1 0 1 0 -1 0 0 3710.dat
1 72 1130 -48 990 0 0 1 0 1 0 -1 0 0 3623.dat
1 72 1130 -48 1080 0 0 1 0 1 0 -1 0 0 3023.dat
1 72 1130 -48 1180 0 0 1 0 1 0 -1 0 0 3710.dat
1 0 1280 -48 130 1 0 0 0 1 0 0 0 1 60479.dat
1 0 1170 -48 260 0 0 1 0 1 0 -1 0 0 60479.dat
1 0 1170 -48 500 0 0 1 0 1 0 -1 0 0 60479.dat
1 0 1170 -48 700 0 0 1 0 1 0 -1 0 0 3460.dat
1 0 1220 -48 790 1 0 0 0 1 0 0 0 1 3666.dat
1 72 1280 -48 810 1 0 0 0 1 0 0 0 1 4477.dat
1 72 1220 -48 110 1 0 0 0 1 0 0 0 1 3023.dat
1 72 1290 -48 110 1 0 0 0 1 0 0 0 1 3024.dat
1 72 1290 -48 790 1 0 0 0 1 0 0 0 1 3024.dat
1 0 1340 -48 790 1 0 0 0 1 0 0 0 1 3710.dat
1 0 1330 -48 260 0 0 1 0 1 0 -1 0 0 60479.dat
1 0 1330 -48 500 0 0 1 0 1 0 -1 0 0 60479.dat
1 0 1330 -48 700 0 0 1 0 1 0 -1 0 0 3460.dat
1 72 1360 -48 110 1 0 0 0 1 0 0 0 1 3023.dat
1 0 1370 -48 250 1 0 0 0 1 0 0 0 1 3623.dat
1 0 1370 -48 310 1 0 0 0 1 0 0 0 1 3623.dat
1 0 1370 -48 350 1 0 0 0 1 0 0 0 1 3623.dat
1 0 1370 -48 390 1 0 0 0 1 0 0 0 1 3623.dat
1 0 1370 -48 430 1 0 0 0 1 0 0 0 1 3623.dat
1 0 1370 -48 490 1 0 0 0 1 0 0 0 1 3623.dat
1 0 1370 -48 530 1 0 0 0 1 0 0 0 1 3623.dat
1 0 1370 -48 570 1 0 0 0 1 0 0 0 1 3623.dat
1 0 1370 -48 610 1 0 0 0 1 0 0 0 1 3623.dat
1 0 1360 -48 670 1 0 0 0 1 0 0 0 1 3023.dat
1 0 1380 -48 150 1 0 0 0 1 0 0 0 1 3023.dat
1 0 1380 -48 230 1 0 0 0 1 0 0 0 1 3023.dat
1 0 1380 -48 690 1 0 0 0 1 0 0 0 1 3023.dat
1 0 1380 -48 770 1 0 0 0 1 0 0 0 1 3023.dat
1 0 1390 -48 190 0 0 1 0 1 0 -1 0 0 3623.dat
1 0 1390 -48 330 1 0 0 0 1 0 0 0 1 3024.dat
1 0 1390 -48 410 1 0 0 0 1 0 0 0 1 3024.dat
1 0 1390 -48 510 1 0 0 0 1 0 0 0 1 3024.dat
1 0 1390 -48 590 1 0 0 0 1 0 0 0 1 3024.dat
1 0 1390 -48 730 0 0 1 0 1 0 -1 0 0 3623.dat
1 0 1390 -48 790 1 0 0 0 1 0 0 0 1 3024.dat
1 72 1390 -48 810 1 0 0 0 1 0 0 0 1 3024.dat
1 0 20 -56 120 1 0 0 0 1 0 0 0 1 3022.dat
1 0 40 -56 320 1 0 0 0 1 0 0 0 1 3020.dat
1 0 40 -56 350 1 0 0 0 1 0 0 0 1 3710.dat
1 0 40 -56 400 1 0 0 0 1 0 0 0 1 3020.dat
1 0 40 -56 430 1 0 0 0 1 0 0 0 1 3710.dat
1 0 40 -56 500 1 0 0 0 1 0 0 0 1 3020.dat
1 0 40 -56 530 1 0 0 0 1 0 0 0 1 3710.dat
1 0 40 -56 580 1 0 0 0 1 0 0 0 1 3020.dat
1 0 40 -56 610 1 0 0 0 1 0 0 0 1 3710.dat
1 0 100 -56 800 1 0 0 0 1 0 0 0 1 3832.dat
1 0 30 -56 200 0 0 1 0 1 0 -1 0 0 3666.dat
1 0 30 -56 720 0 0 1 0 1 0 -1 0 0 3666.dat
1 72 50 -56 110 1 0 0 0 1 0 0 0 1 3024.dat
1 0 140 -56 130 1 0 0 0 1 0 0 0 1 4477.dat
1 0 60 -56 260 1 0 0 0 1 0 0 0 1 3022.dat
1 0 60 -56 670 1 0 0 0 1 0 0 0 1 3023.dat
1 0 140 -56 110 1 0 0 0 1 0 0 0 1 3460.dat
1 0 70 -56 180 0 0 1 0 1 0 -1 0 0 3710.dat
1 0 70 -56 230 1 0 0 0 1 0 0 0 1 3024.dat
1 0 70 -56 290 1 0 0 0 1 0 0 0 1 3024.dat
1 0 70 -56 370 1 0 0 0 1 0 0 0 1 3024.dat
1 0 70 -56 460 0 0 1 0 1 0 -1 0 0 3023.dat
1 0 70 -56 550 1 0 0 0 1 0 0 0 1 3024.dat
1 0 70 -56 640 0 0 1 0 1 0 -1 0 0 3023.dat
1 0 70 -56 720 0 0 1 0 1 0 -1 0 0 3710.dat
1 0 70 -56 770 1 0 0 0 1 0 0 0 1 3024.dat
1 0 220 -56 790 1 0 0 0 1 0 0 0 1 3023.dat
1 0 210 -56 810 1 0 0 0 1 0 0 0 1 3024.dat
1 0 230 -56 260 0 0 1 0 1 0 -1 0 0 60479.dat
1 0 230 -56 500 0 0 1 0 1 0 -1 0 0 60479.dat
1 0 230 -56 700 0 0 1 0 1 0 -1 0 0 3460.dat
1 72 270 -56 1060 0 0 1 0 1 0 -1 0 0 60479.dat
1 72 340 -56 1200 1 0 0 0 1 0 0 0 1 3034.dat
1 72 270 -56 1250 0 0 1 0 1 0 -1 0 0 3623.dat
1 72 340 -56 950 1 0 0 0 1 0 0 0 1 3666.dat
1 72 290 -56 1320 0 0 1 0 1 0 -1 0 0 3666.dat
1 72 340 -56 1390 1 0 0 0 1 0 0 0 1 3666.dat
1 72 290 -56 1450 0 0 1 0 1 0 -1 0 0 3623.dat
1 72 300 -56 1640 0 0 1 0 1 0 -1 0 0 3020.dat
1 72 320 -56 1410 1 0 0 0 1 0 0 0 1 3023.dat
1 72 310 -56 1430 1 0 0 0 1 0 0 0 1 3024.dat
1 72 310 -56 1480 0 0 1 0 1 0 -1 0 0 3023.dat
1 484 310 -56 1540 0 0 1 0 1 0 -1 0 0 3710.dat
1 72 340 -56 1590 1 0 0 0 1 0 0 0 1 3710.dat
1 72 310 -56 1760 0 0 1 0 1 0 -1 0 0 3460.dat
1 72 420 -56 970 1 0 0 0 1 0 0 0 1 4477.dat
1 72 360 -56 1490 1 0 0 0 1 0 0 0 1 3710.dat
1 72 360 -56 1610 1 0 0 0 1 0 0 0 1 3710.dat
1 72 330 -56 1680 0 0 1 0 1 0 -1 0 0 3023.dat
1 72 330 -56 1780 0 0 1 0 1 0 -1 0 0 3666.dat
1 72 360 -56 1690 1 0 0 0 1 0 0 0 1 3023.dat
1 72 360 -56 1770 0 0 1 0 1 0 -1 0 0 3021.dat
1 72 360 -56 1830 1 0 0 0 1 0 0 0 1 3023.dat
1 72 380 -56 1410 1 0 0 0 1 0 0 0 1 3023.dat
1 484 370 -56 1550 0 0 1 0 1 0 -1 0 0 3623.dat
1 72 380 -56 1630 1 0 0 0 1 0 0 0 1 3023.dat
1 72 380 -56 1670 1 0 0 0 1 0 0 0 1 3023.dat
1 72 370 -56 1720 0 0 1 0 1 0 -1 0 0 3023.dat
1 72 370 -56 1810 1 0 0 0 1 0 0 0 1 3024.dat
1 72 400 -56 1370 1 0 0 0 1 0 0 0 1 3023.dat
1 72 390 -56 1450 0 0 1 0 1 0 -1 0 0 3623.dat
1 484 390 -56 1510 1 0 0 0 1 0 0 0 1 3024.dat
1 72 390 -56 1590 1 0 0 0 1 0 0 0 1 3024.dat
1 72 390 -56 1650 1 0 0 0 1 0 0 0 1 3024.dat
1 72 410 -56 950 1 0 0 0 1 0 0 0 1 3024.dat
1 72 410 -56 1280 0 0 1 0 1 0 -1 0 0 3666.dat
1 72 410 -56 1350 1 0 0 0 1 0 0 0 1 3024.dat
1 72 430 -56 1180 0 0 1 0 1 0 -1 0 0 3710.dat
1 72 430 -56 1230 1 0 0 0 1 0 0 0 1 3024.dat
1 72 450 -56 1130 0 0 1 0 1 0 -1 0 0 3623.dat
1 71 480 -56 1170 1 0 0 0 1 0 0 0 1 3710.dat
1 71 460 -56 1190 1 0 0 0 1 0 0 0 1 3023.dat
1 72 470 -56 1080 0 0 1 0 1 0 -1 0 0 3710.dat
1 72 490 -56 1020 0 0 1 0 1 0 -1 0 0 3710.dat
1 0 490 -56 1150 1 0 0 0 1 0 0 0 1 3024.dat
1 72 510 -56 1000 0 0 1 0 1 0 -1 0 0 3023.dat
1 71 530 -56 1170 1 0 0 0 1 0 0 0 1 3024.dat
1 0 550 -56 1150 1 0 0 0 1 0 0 0 1 3024.dat
1 0 850 -56 1150 1 0 0 0 1 0 0 0 1 3024.dat
1 72 980 -56 970 1 0 0 0 1 0 0 0 1 4477.dat
1 72 900 -56 1000 1 0 0 0 1 0 0 0 1 3022.dat
1 71 920 -56 1170 1 0 0 0 1 0 0 0 1 3710.dat
1 72 910 -56 1040 0 0 1 0 1 0 -1 0 0 3023.dat
1 0 910 -56 1150 1 0 0 0 1 0 0 0 1 3024.dat
1 72 930 -56 1070 0 0 1 0 1 0 -1 0 0 3623.dat
1 71 940 -56 1190 1 0 0 0 1 0 0 0 1 3023.dat
1 72 950 -56 1110 0 0 1 0 1 0 -1 0 0 3623.dat
1 72 970 -56 1180 0 0 1 0 1 0 -1 0 0 3710.dat
1 72 1060 -56 950 1 0 0 0 1 0 0 0 1 3460.dat
1 72 1060 -56 1200 1 0 0 0 1 0 0 0 1 3034.dat
1 72 990 -56 1280 0 0 1 0 1 0 -1 0 0 3666.dat
1 72 1000 -56 1350 1 0 0 0 1 0 0 0 1 3023.dat
1 72 1010 -56 1420 0 0 1 0 1 0 -1 0 0 3666.dat
1 484 1010 -56 1490 1 0 0 0 1 0 0 0 1 3024.dat
1 72 1060 -56 1600 1 0 0 0 1 0 0 0 1 3795.dat
1 72 1020 -56 1640 1 0 0 0 1 0 0 0 1 3022.dat
1 72 1060 -56 1390 1 0 0 0 1 0 0 0 1 3710.dat
1 72 1030 -56 1410 1 0 0 0 1 0 0 0 1 3024.dat
1 72 1030 -56 1480 0 0 1 0 1 0 -1 0 0 3023.dat
1 484 1030 -56 1540 0 0 1 0 1 0 -1 0 0 3710.dat
1 72 1030 -56 1740 0 0 1 0 1 0 -1 0 0 3460.dat
1 72 1060 -56 1830 1 0 0 0 1 0 0 0 1 3710.dat
1 72 1070 -56 1490 1 0 0 0 1 0 0 0 1 3623.dat
1 72 1070 -56 1690 1 0 0 0 1 0 0 0 1 3623.dat
1 72 1070 -56 1760 1 0 0 0 1 0 0 0 1 3021.dat
1 72 1070 -56 1790 1 0 0 0 1 0 0 0 1 3623.dat
1 72 1090 -56 1410 1 0 0 0 1 0 0 0 1 3623.dat
1 72 1090 -56 1670 1 0 0 0 1 0 0 0 1 3623.dat
1 72 1080 -56 1810 1 0 0 0 1 0 0 0 1 3023.dat
1 72 1100 -56 1470 1 0 0 0 1 0 0 0 1 3023.dat
1 484 1090 -56 1540 0 0 1 0 1 0 -1 0 0 3710.dat
1 72 1100 -56 1640 1 0 0 0 1 0 0 0 1 3022.dat
1 72 1090 -56 1720 0 0 1 0 1 0 -1 0 0 3023.dat
1 72 1110 -56 1340 0 0 1 0 1 0 -1 0 0 3666.dat
1 72 1110 -56 1440 0 0 1 0 1 0 -1 0 0 3023.dat
1 72 1130 -56 1060 0 0 1 0 1 0 -1 0 0 4477.dat
1 72 1130 -56 1170 1 0 0 0 1 0 0 0 1 3024.dat
1 72 1130 -56 1260 0 0 1 0 1 0 -1 0 0 3710.dat
1 0 1280 -56 130 1 0 0 0 1 0 0 0 1 60479.dat
1 0 1170 -56 260 0 0 1 0 1 0 -1 0 0 60479.dat
1 0 1170 -56 500 0 0 1 0 1 0 -1 0 0 60479.dat
1 0 1170 -56 700 0 0 1 0 1 0 -1 0 0 3460.dat
1 0 1280 -56 790 1 0 0 0 1 0 0 0 1 60479.dat
1 0 1220 -56 110 1 0 0 0 1 0 0 0 1 3710.dat
1 0 1280 -56 810 1 0 0 0 1 0 0 0 1 4477.dat
1 0 1270 -56 110 1 0 0 0 1 0 0 0 1 3024.dat
1 72 1290 -56 110 1 0 0 0 1 0 0 0 1 3024.dat
1 0 1340 -56 110 1 0 0 0 1 0 0 0 1 3710.dat
1 0 1330 -56 260 0 0 1 0 1 0 -1 0 0 60479.dat
1 0 1330 -56 500 0 0 1 0 1 0 -1 0 0 60479.dat
1 0 1330 -56 700 0 0 1 0 1 0 -1 0 0 3460.dat
1 0 1370 -56 250 1 0 0 0 1 0 0 0 1 3623.dat
1 0 1350 -56 270 1 0 0 0 1 0 0 0 1 3024.dat
1 0 1370 -56 320 1 0 0 0 1 0 0 0 1 3021.dat
1 0 1370 -56 350 1 0 0 0 1 0 0 0 1 3623.dat
1 0 1370 -56 400 1 0 0 0 1 0 0 0 1 3021.dat
1 0 1370 -56 430 1 0 0 0 1 0 0 0 1 3623.dat
1 0 1370 -56 500 1 0 0 0 1 0 0 0 1 3021.dat
1 0 1370 -56 530 1 0 0 0 1 0 0 0 1 3623.dat
1 0 1370 -56 580 1 0 0 0 1 0 0 0 1 3021.dat
1 0 1370 -56 610 1 0 0 0 1 0 0 0 1 3623.dat
1 0 1370 -56 670 1 0 0 0 1 0 0 0 1 3623.dat
1 0 1390 -56 110 1 0 0 0 1 0 0 0 1 3024.dat
1 0 1390 -56 180 0 0 1 0 1 0 -1 0 0 3710.dat
1 0 1390 -56 230 1 0 0 0 1 0 0 0 1 3024.dat
1 0 1390 -56 720 0 0 1 0 1 0 -1 0 0 3710.dat
1 0 1390 -56 770 1 0 0 0 1 0 0 0 1 3024.dat
1 0 1390 -56 810 1 0 0 0 1 0 0 0 1 3024.dat
1 72 20 -64 110 1 0 0 0 1 0 0 0 1 3023.dat
1 0 120 -64 130 1 0 0 0 1 0 0 0 1 60479.dat
1 0 40 -64 300 0 0 1 0 1 0 -1 0 0 3029.dat
1 0 40 -64 540 0 0 1 0 1 0 -1 0 0 3029.dat
1 0 40 -64 700 1 0 0 0 1 0 0 0 1 3031.dat
1 0 120 -64 810 1 0 0 0 1 0 0 0 1 60479.dat
1 0 30 -64 160 0 0 1 0 1 0 -1 0 0 3023.dat
1 0 30 -64 770 0 0 1 0 1 0 -1 0 0 3623.dat
1 72 40 -64 830 1 0 0 0 1 0 0 0 1 3023.dat
1 72 50 -64 90 1 0 0 0 1 0 0 0 1 3024.dat
1 0 70 -64 110 1 0 0 0 1 0 0 0 1 3623.dat
1 0 70 -64 160 0 0 1 0 1 0 -1 0 0 3023.dat
1 0 70 -64 770 0 0 1 0 1 0 -1 0 0 3623.dat
1 72 110 -64 100 0 0 1 0 1 0 -1 0 0 3023.dat
1 72 110 -64 830 1 0 0 0 1 0 0 0 1 3024.dat
1 72 130 -64 110 1 0 0 0 1 0 0 0 1 3024.dat
1 0 150 -64 110 1 0 0 0 1 0 0 0 1 3024.dat
1 72 180 -64 100 1 0 0 0 1 0 0 0 1 3022.dat
1 72 180 -64 830 1 0 0 0 1 0 0 0 1 3023.dat
1 0 220 -64 110 1 0 0 0 1 0 0 0 1 3023.dat
1 0 230 -64 260 0 0 1 0 1 0 -1 0 0 60479.dat
1 0 230 -64 500 0 0 1 0 1 0 -1 0 0 60479.dat
1 0 230 -64 700 0 0 1 0 1 0 -1 0 0 3460.dat
1 0 230 -64 790 1 0 0 0 1 0 0 0 1 3024.dat
1 72 340 -64 940 1 0 0 0 1 0 0 0 1 3034.dat
1 72 270 -64 1080 0 0 1 0 1 0 -1 0 0 60479.dat
1 72 340 -64 1210 1 0 0 0 1 0 0 0 1 3460.dat
1 72 270 -64 1250 0 0 1 0 1 0 -1 0 0 3623.dat
1 72 360 -64 1190 1 0 0 0 1 0 0 0 1 3460.dat
1 72 290 -64 1320 0 0 1 0 1 0 -1 0 0 3666.dat
1 72 340 -64 1390 1 0 0 0 1 0 0 0 1 3666.dat
1 72 290 -64 1450 0 0 1 0 1 0 -1 0 0 3623.dat
1 72 340 -64 1600 1 0 0 0 1 0 0 0 1 3795.dat
1 72 300 -64 1650 0 0 1 0 1 0 -1 0 0 3021.dat
1 72 320 -64 1410 1 0 0 0 1 0 0 0 1 3023.dat
1 72 310 -64 1430 1 0 0 0 1 0 0 0 1 3024.dat
1 72 310 -64 1480 0 0 1 0 1 0 -1 0 0 3023.dat
1 484 310 -64 1540 0 0 1 0 1 0 -1 0 0 3710.dat
1 72 340 -64 1690 1 0 0 0 1 0 0 0 1 3710.dat
1 72 310 -64 1740 0 0 1 0 1 0 -1 0 0 3710.dat
1 72 360 -64 1490 1 0 0 0 1 0 0 0 1 3710.dat
1 72 330 -64 1670 1 0 0 0 1 0 0 0 1 3024.dat
1 72 330 -64 1780 0 0 1 0 1 0 -1 0 0 3666.dat
1 72 360 -64 1770 0 0 1 0 1 0 -1 0 0 3021.dat
1 72 360 -64 1830 1 0 0 0 1 0 0 0 1 3023.dat
1 72 380 -64 1410 1 0 0 0 1 0 0 0 1 3023.dat
1 484 370 -64 1550 0 0 1 0 1 0 -1 0 0 3623.dat
1 72 380 -64 1630 1 0 0 0 1 0 0 0 1 3023.dat
1 72 380 -64 1670 1 0 0 0 1 0 0 0 1 3023.dat
1 72 370 -64 1720 0 0 1 0 1 0 -1 0 0 3023.dat
1 72 370 -64 1810 1 0 0 0 1 0 0 0 1 3024.dat
1 72 400 -64 1370 1 0 0 0 1 0 0 0 1 3023.dat
1 72 390 -64 1450 0 0 1 0 1 0 -1 0 0 3623.dat
1 484 390 -64 1510 1 0 0 0 1 0 0 0 1 3024.dat
1 72 390 -64 1650 1 0 0 0 1 0 0 0 1 3024.dat
1 72 410 -64 1280 0 0 1 0 1 0 -1 0 0 3666.dat
1 72 410 -64 1350 1 0 0 0 1 0 0 0 1 3024.dat
1 72 480 -64 950 1 0 0 0 1 0 0 0 1 3666.dat
1 72 430 -64 1160 0 0 1 0 1 0 -1 0 0 3023.dat
1 72 430 -64 1220 0 0 1 0 1 0 -1 0 0 3023.dat
1 72 460 -64 1110 1 0 0 0 1 0 0 0 1 3023.dat
1 72 450 -64 1130 1 0 0 0 1 0 0 0 1 3024.dat
1 71 520 -64 1150 1 0 0 0 1 0 0 0 1 3460.dat
1 71 460 -64 1170 1 0 0 0 1 0 0 0 1 3023.dat
1 72 470 -64 1070 0 0 1 0 1 0 -1 0 0 3623.dat
1 72 500 -64 970 1 0 0 0 1 0 0 0 1 3023.dat
1 72 490 -64 1030 0 0 1 0 1 0 -1 0 0 3623.dat
1 0 490 -64 1130 1 0 0 0 1 0 0 0 1 3024.dat
1 0 490 -64 1170 1 0 0 0 1 0 0 0 1 3024.dat
1 72 510 -64 1000 0 0 1 0 1 0 -1 0 0 3023.dat
1 0 510 -64 1110 1 0 0 0 1 0 0 0 1 3024.dat
1 71 520 -64 1130 1 0 0 0 1 0 0 0 1 3023.dat
1 71 520 -64 1170 1 0 0 0 1 0 0 0 1 3023.dat
1 0 550 -64 1130 1 0 0 0 1 0 0 0 1 3024.dat
1 0 570 -64 1110 1 0 0 0 1 0 0 0 1 3024.dat
1 71 590 -64 1130 1 0 0 0 1 0 0 0 1 3623.dat
1 0 630 -64 1120 0 0 1 0 1 0 -1 0 0 3023.dat
1 0 700 -64 1120 1 0 0 0 1 0 0 0 1 3022.dat
1 0 770 -64 1120 0 0 1 0 1 0 -1 0 0 3023.dat
1 71 810 -64 1130 1 0 0 0 1 0 0 0 1 3623.dat
1 71 880 -64 1150 1 0 0 0 1 0 0 0 1 3460.dat
1 0 830 -64 1110 1 0 0 0 1 0 0 0 1 3024.dat
1 0 850 -64 1130 1 0 0 0 1 0 0 0 1 3024.dat
1 72 980 -64 950 1 0 0 0 1 0 0 0 1 60479.dat
1 71 880 -64 1130 1 0 0 0 1 0 0 0 1 3023.dat
1 71 880 -64 1170 1 0 0 0 1 0 0 0 1 3023.dat
1 72 910 -64 970 1 0 0 0 1 0 0 0 1 3623.dat
1 72 890 -64 1000 0 0 1 0 1 0 -1 0 0 3023.dat
1 0 890 -64 1110 1 0 0 0 1 0 0 0 1 3024.dat
1 72 910 -64 1030 0 0 1 0 1 0 -1 0 0 3623.dat
1 0 910 -64 1130 1 0 0 0 1 0 0 0 1 3024.dat
1 0 910 -64 1170 1 0 0 0 1 0 0 0 1 3024.dat
1 72 930 -64 1070 0 0 1 0 1 0 -1 0 0 3623.dat
1 71 940 -64 1170 1 0 0 0 1 0 0 0 1 3023.dat
1 72 950 -64 1110 0 0 1 0 1 0 -1 0 0 3623.dat
1 72 970 -64 1180 0 0 1 0 1 0 -1 0 0 3710.dat
1 72 1060 -64 930 1 0 0 0 1 0 0 0 1 3460.dat
1 72 1060 -64 1200 1 0 0 0 1 0 0 0 1 3034.dat
1 72 990 -64 1280 0 0 1 0 1 0 -1 0 0 3666.dat
1 72 1000 -64 1350 1 0 0 0 1 0 0 0 1 3023.dat
1 72 1010 -64 1420 0 0 1 0 1 0 -1 0 0 3666.dat
1 484 1010 -64 1490 1 0 0 0 1 0 0 0 1 3024.dat
1 72 1060 -64 1600 1 0 0 0 1 0 0 0 1 3795.dat
1 72 1020 -64 1640 1 0 0 0 1 0 0 0 1 3022.dat
1 72 1060 -64 1390 1 0 0 0 1 0 0 0 1 3710.dat
1 72 1030 -64 1410 1 0 0 0 1 0 0 0 1 3024.dat
1 72 1030 -64 1480 0 0 1 0 1 0 -1 0 0 3023.dat
1 484 1030 -64 1540 0 0 1 0 1 0 -1 0 0 3710.dat
1 72 1030 -64 1740 0 0 1 0 1 0 -1 0 0 3460.dat
1 72 1050 -64 1830 1 0 0 0 1 0 0 0 1 3623.dat
1 72 1070 -64 1490 1 0 0 0 1 0 0 0 1 3623.dat
1 72 1070 -64 1690 1 0 0 0 1 0 0 0 1 3623.dat
1 72 1070 -64 1760 1 0 0 0 1 0 0 0 1 3021.dat
1 72 1070 -64 1790 1 0 0 0 1 0 0 0 1 3623.dat
1 72 1090 -64 1410 1 0 0 0 1 0 0 0 1 3623.dat
1 72 1090 -64 1670 1 0 0 0 1 0 0 0 1 3623.dat
1 72 1080 -64 1810 1 0 0 0 1 0 0 0 1 3023.dat
1 72 1100 -64 1470 1 0 0 0 1 0 0 0 1 3023.dat
1 484 1090 -64 1540 0 0 1 0 1 0 -1 0 0 3710.dat
1 72 1100 -64 1640 1 0 0 0 1 0 0 0 1 3022.dat
1 72 1090 -64 1720 0 0 1 0 1 0 -1 0 0 3023.dat
1 72 1120 -64 950 1 0 0 0 1 0 0 0 1 3023.dat
1 72 1110 -64 1340 0 0 1 0 1 0 -1 0 0 3666.dat
1 72 1110 -64 1440 0 0 1 0 1 0 -1 0 0 3023.dat
1 72 1130 -64 1060 0 0 1 0 1 0 -1 0 0 4477.dat
1 72 1130 -64 1170 1 0 0 0 1 0 0 0 1 3024.dat
1 72 1130 -64 1260 0 0 1 0 1 0 -1 0 0 3710.dat
1 0 1170 -64 220 0 0 1 0 1 0 -1 0 0 60479.dat
1 0 1170 -64 460 0 0 1 0 1 0 -1 0 0 60479.dat
1 0 1170 -64 700 0 0 1 0 1 0 -1 0 0 60479.dat
1 0 1190 -64 120 0 0 1 0 1 0 -1 0 0 3023.dat
1 0 1280 -64 810 1 0 0 0 1 0 0 0 1 4477.dat
1 72 1220 -64 100 1 0 0 0 1 0 0 0 1 3022.dat
1 0 1300 -64 130 1 0 0 0 1 0 0 0 1 4477.dat
1 72 1220 -64 830 1 0 0 0 1 0 0 0 1 3023.dat
1 0 1250 -64 110 1 0 0 0 1 0 0 0 1 3024.dat
1 72 1280 -64 110 1 0 0 0 1 0 0 0 1 3023.dat
1 72 1290 -64 90 1 0 0 0 1 0 0 0 1 3024.dat
1 72 1290 -64 830 1 0 0 0 1 0 0 0 1 3024.dat
1 0 1320 -64 110 1 0 0 0 1 0 0 0 1 3023.dat
1 0 1330 -64 260 0 0 1 0 1 0 -1 0 0 60479.dat
1 0 1360 -64 500 0 0 1 0 1 0 -1 0 0 3029.dat
1 0 1360 -64 680 0 0 1 0 1 0 -1 0 0 3032.dat
1 0 1330 -64 770 0 0 1 0 1 0 -1 0 0 3623.dat
1 72 1360 -64 100 1 0 0 0 1 0 0 0 1 3022.dat
1 0 1360 -64 280 0 0 1 0 1 0 -1 0 0 3832.dat
1 72 1360 -64 830 1 0 0 0 1 0 0 0 1 3023.dat
1 0 1380 -64 790 1 0 0 0 1 0 0 0 1 3023.dat
1 72 1390 -64 110 1 0 0 0 1 0 0 0 1 3024.dat
1 0 1390 -64 260 0 0 1 0 1 0 -1 0 0 60479.dat
1 0 1390 -64 760 0 0 1 0 1 0 -1 0 0 3023.dat
1 0 1390 -64 810 1 0 0 0 1 0 0 0 1 3024.dat
1 72 10 -72 110 1 0 0 0 1 0 0 0 1 3024.dat
1 0 10 -72 300 0 0 1 0 1 0 -1 0 0 60479.dat
1 0 10 -72 540 0 0 1 0 1 0 -1 0 0 60479.dat
1 0 20 -72 700 0 0 1 0 1 0 -1 0 0 3020.dat
1 72 10 -72 810 1 0 0 0 1 0 0 0 1 3024.dat
1 72 40 -72 90 1 0 0 0 1 0 0 0 1 3023.dat
1 0 120 -72 110 1 0 0 0 1 0 0 0 1 4477.dat
1 0 30 -72 200 0 0 1 0 1 0 -1 0 0 3460.dat
1 0 50 -72 650 1 0 0 0 1 0 0 0 1 3623.dat
1 0 30 -72 780 0 0 1 0 1 0 -1 0 0 3710.dat
1 72 40 -72 830 1 0 0 0 1 0 0 0 1 3023.dat
1 0 60 -72 190 1 0 0 0 1 0 0 0 1 3023.dat
1 0 60 -72 270 1 0 0 0 1 0 0 0 1 3023.dat
1 0 60 -72 730 1 0 0 0 1 0 0 0 1 3023.dat
1 0 140 -72 810 1 0 0 0 1 0 0 0 1 4477.dat
1 0 70 -72 150 0 0 1 0 1 0 -1 0 0 3623.dat
1 0 70 -72 230 0 0 1 0 1 0 -1 0 0 3623.dat
1 0 70 -72 400 0 0 1 0 1 0 -1 0 0 60479.dat
1 0 70 -72 580 0 0 1 0 1 0 -1 0 0 3666.dat
1 0 70 -72 690 0 0 1 0 1 0 -1 0 0 3623.dat
1 0 70 -72 770 0 0 1 0 1 0 -1 0 0 3623.dat
1 72 120 -72 90 1 0 0 0 1 0 0 0 1 3023.dat
1 72 110 -72 830 1 0 0 0 1 0 0 0 1 3024.dat
1 72 180 -72 90 1 0 0 0 1 0 0 0 1 3023.dat
1 72 180 -72 830 1 0 0 0 1 0 0 0 1 3023.dat
1 0 240 -72 1630 1 0 0 0 1 0 0 0 1 3460.dat
1 0 170 -72 1660 0 0 1 0 1 0 -1 0 0 3023.dat
1 71 220 -72 1610 1 0 0 0 1 0 0 0 1 3710.dat
1 72 240 -72 1650 1 0 0 0 1 0 0 0 1 3666.dat
1 0 240 -72 1670 1 0 0 0 1 0 0 0 1 3666.dat
1 0 230 -72 220 0 0 1 0 1 0 -1 0 0 60479.dat
1 484 240 -72 500 0 0 1 0 1 0 -1 0 0 4282.dat
1 0 230 -72 720 0 0 1 0 1 0 -1 0 0 3666.dat
1 0 230 -72 790 1 0 0 0 1 0 0 0 1 3024.dat
1 72 380 -72 930 1 0 0 0 1 0 0 0 1 60479.dat
1 72 270 -72 1060 0 0 1 0 1 0 -1 0 0 60479.dat
1 72 340 -72 1200 1 0 0 0 1 0 0 0 1 3034.dat
1 72 270 -72 1250 0 0 1 0 1 0 -1 0 0 3623.dat
1 71 270 -72 1610 1 0 0 0 1 0 0 0 1 3024.dat
1 72 340 -72 910 1 0 0 0 1 0 0 0 1 3666.dat
1 72 290 -72 1320 0 0 1 0 1 0 -1 0 0 3666.dat
1 72 340 -72 1390 1 0 0 0 1 0 0 0 1 3666.dat
1 72 290 -72 1450 0 0 1 0 1 0 -1 0 0 3623.dat
1 72 290 -72 1600 0 0 1 0 1 0 -1 0 0 3023.dat
1 72 320 -72 1410 1 0 0 0 1 0 0 0 1 3023.dat
1 72 310 -72 1430 1 0 0 0 1 0 0 0 1 3024.dat
1 72 310 -72 1480 0 0 1 0 1 0 -1 0 0 3023.dat
1 484 310 -72 1540 0 0 1 0 1 0 -1 0 0 3710.dat
1 484 310 -72 1590 1 0 0 0 1 0 0 0 1 3024.dat
1 72 340 -72 1610 1 0 0 0 1 0 0 0 1 3710.dat
1 0 310 -72 1660 0 0 1 0 1 0 -1 0 0 3023.dat
1 72 340 -72 1690 1 0 0 0 1 0 0 0 1 3710.dat
1 72 310 -72 1740 0 0 1 0 1 0 -1 0 0 3710.dat
1 323 310 -72 1840 0 0 1 0 1 0 -1 0 0 3710.dat
1 72 360 -72 1490 1 0 0 0 1 0 0 0 1 3710.dat
1 72 340 -72 1590 1 0 0 0 1 0 0 0 1 3023.dat
1 72 330 -72 1670 1 0 0 0 1 0 0 0 1 3024.dat
1 72 330 -72 1780 0 0 1 0 1 0 -1 0 0 3666.dat
1 323 330 -72 1860 0 0 1 0 1 0 -1 0 0 3023.dat
1 72 360 -72 1770 0 0 1 0 1 0 -1 0 0 3021.dat
1 323 350 -72 1810 1 0 0 0 1 0 0 0 1 3024.dat
1 72 360 -72 1830 1 0 0 0 1 0 0 0 1 3023.dat
1 72 380 -72 1410 1 0 0 0 1 0 0 0 1 3023.dat
1 484 370 -72 1560 0 0 1 0 1 0 -1 0 0 3710.dat
1 72 380 -72 1630 1 0 0 0 1 0 0 0 1 3023.dat
1 72 380 -72 1670 1 0 0 0 1 0 0 0 1 3023.dat
1 72 370 -72 1720 0 0 1 0 1 0 -1 0 0 3023.dat
1 72 370 -72 1810 1 0 0 0 1 0 0 0 1 3024.dat
1 323 380 -72 1850 1 0 0 0 1 0 0 0 1 3023.dat
1 323 370 -72 1870 1 0 0 0 1 0 0 0 1 3024.dat
1 72 400 -72 1370 1 0 0 0 1 0 0 0 1 3023.dat
1 72 390 -72 1450 0 0 1 0 1 0 -1 0 0 3623.dat
1 484 390 -72 1510 1 0 0 0 1 0 0 0 1 3024.dat
1 72 390 -72 1600 0 0 1 0 1 0 -1 0 0 3023.dat
1 72 390 -72 1650 1 0 0 0 1 0 0 0 1 3024.dat
1 323 390 -72 1820 0 0 1 0 1 0 -1 0 0 3023.dat
1 72 410 -72 910 1 0 0 0 1 0 0 0 1 3024.dat
1 72 410 -72 1300 0 0 1 0 1 0 -1 0 0 3666.dat
1 72 430 -72 1180 0 0 1 0 1 0 -1 0 0 3710.dat
1 72 430 -72 1230 1 0 0 0 1 0 0 0 1 3024.dat
1 72 450 -72 1130 0 0 1 0 1 0 -1 0 0 3623.dat
1 72 470 -72 1070 0 0 1 0 1 0 -1 0 0 3623.dat
1 71 480 -72 1120 1 0 0 0 1 0 0 0 1 3022.dat
1 72 510 -72 950 1 0 0 0 1 0 0 0 1 3623.dat
1 72 490 -72 1030 0 0 1 0 1 0 -1 0 0 3623.dat
1 0 490 -72 1160 0 0 1 0 1 0 -1 0 0 3023.dat
1 72 520 -72 930 1 0 0 0 1 0 0 0 1 3023.dat
1 72 510 -72 990 0 0 1 0 1 0 -1 0 0 3623.dat
1 0 510 -72 1100 0 0 1 0 1 0 -1 0 0 3023.dat
1 71 520 -72 1130 1 0 0 0 1 0 0 0 1 3023.dat
1 71 540 -72 1110 1 0 0 0 1 0 0 0 1 3023.dat
1 0 550 -72 1140 0 0 1 0 1 0 -1 0 0 3023.dat
1 0 570 -72 1100 0 0 1 0 1 0 -1 0 0 3023.dat
1 71 680 -72 1130 1 0 0 0 1 0 0 0 1 60479.dat
1 71 600 -72 1110 1 0 0 0 1 0 0 0 1 3023.dat
1 0 630 -72 1100 0 0 1 0 1 0 -1 0 0 3023.dat
1 71 660 -72 1110 1 0 0 0 1 0 0 0 1 3023.dat
1 0 700 -72 1100 1 0 0 0 1 0 0 0 1 3022.dat
1 71 740 -72 1110 1 0 0 0 1 0 0 0 1 3023.dat
1 0 770 -72 1100 0 0 1 0 1 0 -1 0 0 3023.dat
1 71 800 -72 1110 1 0 0 0 1 0 0 0 1 3023.dat
1 71 820 -72 1130 1 0 0 0 1 0 0 0 1 3023.dat
1 0 830 -72 1100 0 0 1 0 1 0 -1 0 0 3023.dat
1 71 860 -72 1110 1 0 0 0 1 0 0 0 1 3023.dat
1 0 850 -72 1140 0 0 1 0 1 0 -1 0 0 3023.dat
1 72 980 -72 930 1 0 0 0 1 0 0 0 1 60479.dat
1 72 900 -72 950 1 0 0 0 1 0 0 0 1 3710.dat
1 71 900 -72 1130 1 0 0 0 1 0 0 0 1 3710.dat
1 72 890 -72 990 0 0 1 0 1 0 -1 0 0 3623.dat
1 0 890 -72 1100 0 0 1 0 1 0 -1 0 0 3023.dat
1 72 910 -72 1030 0 0 1 0 1 0 -1 0 0 3623.dat
1 71 920 -72 1110 1 0 0 0 1 0 0 0 1 3023.dat
1 0 910 -72 1160 0 0 1 0 1 0 -1 0 0 3023.dat
1 72 930 -72 1070 0 0 1 0 1 0 -1 0 0 3623.dat
1 72 950 -72 1120 0 0 1 0 1 0 -1 0 0 3710.dat
1 71 970 -72 1130 1 0 0 0 1 0 0 0 1 3024.dat
1 72 970 -72 1180 0 0 1 0 1 0 -1 0 0 3710.dat
1 72 1040 -72 910 1 0 0 0 1 0 0 0 1 3666.dat
1 72 1060 -72 1200 1 0 0 0 1 0 0 0 1 3034.dat
1 72 990 -72 1280 0 0 1 0 1 0 -1 0 0 3666.dat
1 72 1000 -72 1350 1 0 0 0 1 0 0 0 1 3023.dat
1 72 1010 -72 1420 0 0 1 0 1 0 -1 0 0 3666.dat
1 484 1010 -72 1490 1 0 0 0 1 0 0 0 1 3024.dat
1 72 1010 -72 1620 0 0 1 0 1 0 -1 0 0 3710.dat
1 323 1010 -72 1830 0 0 1 0 1 0 -1 0 0 3623.dat
1 72 1060 -72 1390 1 0 0 0 1 0 0 0 1 3710.dat
1 72 1030 -72 1410 1 0 0 0 1 0 0 0 1 3024.dat
1 72 1030 -72 1480 0 0 1 0 1 0 -1 0 0 3023.dat
1 484 1030 -72 1540 0 0 1 0 1 0 -1 0 0 3710.dat
1 484 1030 -72 1590 1 0 0 0 1 0 0 0 1 3024.dat
1 72 1030 -72 1720 0 0 1 0 1 0 -1 0 0 60479.dat
1 323 1030 -72 1860 0 0 1 0 1 0 -1 0 0 3023.dat
1 72 1070 -72 1490 1 0 0 0 1 0 0 0 1 3623.dat
1 72 1080 -72 1600 1 0 0 0 1 0 0 0 1 3020.dat
1 72 1070 -72 1690 1 0 0 0 1 0 0 0 1 3623.dat
1 72 1070 -72 1760 1 0 0 0 1 0 0 0 1 3021.dat
1 72 1070 -72 1790 1 0 0 0 1 0 0 0 1 3623.dat
1 323 1060 -72 1810 1 0 0 0 1 0 0 0 1 3023.dat
1 72 1060 -72 1830 1 0 0 0 1 0 0 0 1 3023.dat
1 323 1070 -72 1870 1 0 0 0 1 0 0 0 1 3623.dat
1 72 1090 -72 1410 1 0 0 0 1 0 0 0 1 3623.dat
1 72 1070 -72 1670 1 0 0 0 1 0 0 0 1 3024.dat
1 323 1080 -72 1850 1 0 0 0 1 0 0 0 1 3023.dat
1 72 1100 -72 1470 1 0 0 0 1 0 0 0 1 3023.dat
1 484 1090 -72 1540 0 0 1 0 1 0 -1 0 0 3710.dat
1 0 1160 -72 1630 1 0 0 0 1 0 0 0 1 3460.dat
1 0 1090 -72 1660 0 0 1 0 1 0 -1 0 0 3023.dat
1 72 1090 -72 1720 0 0 1 0 1 0 -1 0 0 3023.dat
1 72 1090 -72 1810 1 0 0 0 1 0 0 0 1 3024.dat
1 323 1090 -72 1830 1 0 0 0 1 0 0 0 1 3024.dat
1 72 1110 -72 920 0 0 1 0 1 0 -1 0 0 3023.dat
1 72 1110 -72 1340 0 0 1 0 1 0 -1 0 0 3666.dat
1 72 1110 -72 1440 0 0 1 0 1 0 -1 0 0 3023.dat
1 72 1160 -72 1650 1 0 0 0 1 0 0 0 1 3666.dat
1 0 1160 -72 1670 1 0 0 0 1 0 0 0 1 3666.dat
1 72 1130 -72 1040 0 0 1 0 1 0 -1 0 0 60479.dat
1 72 1130 -72 1170 1 0 0 0 1 0 0 0 1 3024.dat
1 72 1130 -72 1260 0 0 1 0 1 0 -1 0 0 3710.dat
1 71 1160 -72 1610 1 0 0 0 1 0 0 0 1 3710.dat
1 484 1160 -72 500 0 0 1 0 1 0 -1 0 0 4282.dat
1 0 1170 -72 220 0 0 1 0 1 0 -1 0 0 60479.dat
1 0 1170 -72 740 0 0 1 0 1 0 -1 0 0 3460.dat
1 0 1280 -72 110 1 0 0 0 1 0 0 0 1 4477.dat
1 0 1280 -72 810 1 0 0 0 1 0 0 0 1 4477.dat
1 72 1220 -72 90 1 0 0 0 1 0 0 0 1 3023.dat
1 72 1220 -72 830 1 0 0 0 1 0 0 0 1 3023.dat
1 71 1210 -72 1610 1 0 0 0 1 0 0 0 1 3024.dat
1 0 1230 -72 1660 0 0 1 0 1 0 -1 0 0 3023.dat
1 72 1290 -72 90 1 0 0 0 1 0 0 0 1 3024.dat
1 72 1290 -72 830 1 0 0 0 1 0 0 0 1 3024.dat
1 0 1330 -72 240 0 0 1 0 1 0 -1 0 0 60479.dat
1 0 1330 -72 480 0 0 1 0 1 0 -1 0 0 60479.dat
1 0 1330 -72 700 0 0 1 0 1 0 -1 0 0 4477.dat
1 72 1360 -72 90 1 0 0 0 1 0 0 0 1 3023.dat
1 0 1370 -72 190 1 0 0 0 1 0 0 0 1 3623.dat
1 0 1370 -72 270 1 0 0 0 1 0 0 0 1 3623.dat
1 0 1370 -72 650 1 0 0 0 1 0 0 0 1 3623.dat
1 0 1370 -72 730 1 0 0 0 1 0 0 0 1 3623.dat
1 72 1360 -72 830 1 0 0 0 1 0 0 0 1 3023.dat
1 0 1380 -72 130 1 0 0 0 1 0 0 0 1 3023.dat
1 0 1380 -72 250 1 0 0 0 1 0 0 0 1 3023.dat
1 0 1380 -72 670 1 0 0 0 1 0 0 0 1 3023.dat
1 72 1390 -72 110 1 0 0 0 1 0 0 0 1 3024.dat
1 0 1390 -72 160 0 0 1 0 1 0 -1 0 0 3023.dat
1 0 1390 -72 220 0 0 1 0 1 0 -1 0 0 3023.dat
1 0 1390 -72 400 0 0 1 0 1 0 -1 0 0 60479.dat
1 0 1390 -72 580 0 0 1 0 1 0 -1 0 0 3666.dat
1 0 1390 -72 700 0 0 1 0 1 0 -1 0 0 3023.dat
1 0 1390 -72 780 0 0 1 0 1 0 -1 0 0 3710.dat
1 0 20 -80 110 1 0 0 0 1 0 0 0 1 3023.dat
1 0 10 -80 300 0 0 1 0 1 0 -1 0 0 60479.dat
1 0 10 -80 540 0 0 1 0 1 0 -1 0 0 60479.dat
1 0 20 -80 700 0 0 1 0 1 0 -1 0 0 3020.dat
1 72 10 -80 820 0 0 1 0 1 0 -1 0 0 3023.dat
1 0 30 -80 200 0 0 1 0 1 0 -1 0 0 3460.dat
1 0 50 -80 650 1 0 0 0 1 0 0 0 1 3623.dat
1 0 30 -80 780 0 0 1 0 1 0 -1 0 0 3710.dat
1 72 120 -80 830 1 0 0 0 1 0 0 0 1 4477.dat
1 72 50 -80 100 0 0 1 0 1 0 -1 0 0 3023.dat
1 0 60 -80 190 1 0 0 0 1 0 0 0 1 3023.dat
1 0 60 -80 270 1 0 0 0 1 0 0 0 1 3023.dat
1 0 60 -80 730 1 0 0 0 1 0 0 0 1 3023.dat
1 72 50 -80 810 1 0 0 0 1 0 0 0 1 3024.dat
1 0 140 -80 110 1 0 0 0 1 0 0 0 1 3460.dat
1 0 70 -80 150 0 0 1 0 1 0 -1 0 0 3623.dat
1 0 70 -80 230 0 0 1 0 1 0 -1 0 0 3623.dat
1 0 70 -80 400 0 0 1 0 1 0 -1 0 0 60479.dat
1 0 70 -80 580 0 0 1 0 1 0 -1 0 0 3666.dat
1 0 70 -80 690 0 0 1 0 1 0 -1 0 0 3623.dat
1 0 70 -80 780 0 0 1 0 1 0 -1 0 0 3710.dat
1 0 90 -80 810 1 0 0 0 1 0 0 0 1 3024.dat
1 72 110 -80 90 1 0 0 0 1 0 0 0 1 3024.dat
1 72 110 -80 810 1 0 0 0 1 0 0 0 1 3024.dat
1 0 150 -80 810 1 0 0 0 1 0 0 0 1 3623.dat
1 72 180 -80 90 1 0 0 0 1 0 0 0 1 3023.dat
1 72 200 -80 810 1 0 0 0 1 0 0 0 1 3023.dat
1 0 230 -80 220 0 0 1 0 1 0 -1 0 0 60479.dat
1 484 240 -80 400 0 0 1 0 1 0 -1 0 0 3795.dat
1 0 230 -80 470 1 0 0 0 1 0 0 0 1 3024.dat
1 484 240 -80 520 0 0 1 0 1 0 -1 0 0 3020.dat
1 0 230 -80 570 1 0 0 0 1 0 0 0 1 3024.dat
1 484 240 -80 620 0 0 1 0 1 0 -1 0 0 3020.dat
1 0 230 -80 740 0 0 1 0 1 0 -1 0 0 3460.dat
1 484 260 -80 470 1 0 0 0 1 0 0 0 1 3023.dat
1 484 260 -80 570 1 0 0 0 1 0 0 0 1 3023.dat
1 484 270 -80 400 0 0 1 0 1 0 -1 0 0 3666.dat
1 484 270 -80 520 0 0 1 0 1 0 -1 0 0 3710.dat
1 484 270 -80 620 0 0 1 0 1 0 -1 0 0 3710.dat
1 72 380 -80 910 1 0 0 0 1 0 0 0 1 60479.dat
1 72 270 -80 1040 0 0 1 0 1 0 -1 0 0 60479.dat
1 72 270 -80 1220 0 0 1 0 1 0 -1 0 0 3666.dat
1 484 290 -80 350 1 0 0 0 1 0 0 0 1 3024.dat
1 484 290 -80 650 1 0 0 0 1 0 0 0 1 3024.dat
1 72 340 -80 890 1 0 0 0 1 0 0 0 1 3666.dat
1 72 360 -80 1200 1 0 0 0 1 0 0 0 1 3034.dat
1 72 290 -80 1320 0 0 1 0 1 0 -1 0 0 3666.dat
1 72 340 -80 1390 1 0 0 0 1 0 0 0 1 3666.dat
1 72 290 -80 1450 0 0 1 0 1 0 -1 0 0 3623.dat
1 72 290 -80 1620 0 0 1 0 1 0 -1 0 0 3710.dat
1 72 310 -80 1670 1 0 0 0 1 0 0 0 1 3623.dat
1 72 320 -80 1410 1 0 0 0 1 0 0 0 1 3023.dat
1 72 310 -80 1430 1 0 0 0 1 0 0 0 1 3024.dat
1 72 310 -80 1480 0 0 1 0 1 0 -1 0 0 3023.dat
1 484 310 -80 1540 0 0 1 0 1 0 -1 0 0 3710.dat
1 484 310 -80 1590 1 0 0 0 1 0 0 0 1 3024.dat
1 72 340 -80 1610 1 0 0 0 1 0 0 0 1 3710.dat
1 72 310 -80 1640 0 0 1 0 1 0 -1 0 0 3023.dat
1 72 310 -80 1760 0 0 1 0 1 0 -1 0 0 3460.dat
1 72 360 -80 1490 1 0 0 0 1 0 0 0 1 3710.dat
1 72 340 -80 1590 1 0 0 0 1 0 0 0 1 3023.dat
1 72 350 -80 1690 1 0 0 0 1 0 0 0 1 3623.dat
1 72 330 -80 1780 0 0 1 0 1 0 -1 0 0 3666.dat
1 72 360 -80 1770 0 0 1 0 1 0 -1 0 0 3021.dat
1 72 360 -80 1830 1 0 0 0 1 0 0 0 1 3023.dat
1 72 380 -80 1410 1 0 0 0 1 0 0 0 1 3023.dat
1 484 370 -80 1560 0 0 1 0 1 0 -1 0 0 3710.dat
1 72 380 -80 1630 1 0 0 0 1 0 0 0 1 3023.dat
1 72 380 -80 1670 1 0 0 0 1 0 0 0 1 3023.dat
1 72 370 -80 1720 0 0 1 0 1 0 -1 0 0 3023.dat
1 72 370 -80 1810 1 0 0 0 1 0 0 0 1 3024.dat
1 72 400 -80 1370 1 0 0 0 1 0 0 0 1 3023.dat
1 72 390 -80 1450 0 0 1 0 1 0 -1 0 0 3623.dat
1 484 390 -80 1510 1 0 0 0 1 0 0 0 1 3024.dat
1 72 390 -80 1600 0 0 1 0 1 0 -1 0 0 3023.dat
1 72 390 -80 1650 1 0 0 0 1 0 0 0 1 3024.dat
1 72 410 -80 890 1 0 0 0 1 0 0 0 1 3024.dat
1 72 410 -80 1300 0 0 1 0 1 0 -1 0 0 3666.dat
1 72 440 -80 1150 1 0 0 0 1 0 0 0 1 3023.dat
1 72 430 -80 1170 1 0 0 0 1 0 0 0 1 3024.dat
1 72 430 -80 1240 0 0 1 0 1 0 -1 0 0 3023.dat
1 71 450 -80 1090 1 0 0 0 1 0 0 0 1 3024.dat
1 72 450 -80 1120 0 0 1 0 1 0 -1 0 0 3023.dat
1 72 500 -80 930 1 0 0 0 1 0 0 0 1 3710.dat
1 72 470 -80 1070 0 0 1 0 1 0 -1 0 0 3623.dat
1 71 480 -80 1110 1 0 0 0 1 0 0 0 1 3023.dat
1 72 490 -80 1030 0 0 1 0 1 0 -1 0 0 3623.dat
1 0 490 -80 1070 1 0 0 0 1 0 0 0 1 3024.dat
1 71 540 -80 1090 1 0 0 0 1 0 0 0 1 3666.dat
1 0 490 -80 1150 0 0 1 0 1 0 -1 0 0 3623.dat
1 72 530 -80 910 1 0 0 0 1 0 0 0 1 3623.dat
1 72 510 -80 990 0 0 1 0 1 0 -1 0 0 3623.dat
1 0 510 -80 1120 0 0 1 0 1 0 -1 0 0 3023.dat
1 72 530 -80 950 1 0 0 0 1 0 0 0 1 3024.dat
1 71 540 -80 1110 1 0 0 0 1 0 0 0 1 3023.dat
1 0 550 -80 1070 1 0 0 0 1 0 0 0 1 3024.dat
1 0 560 -80 1130 1 0 0 0 1 0 0 0 1 3023.dat
1 0 550 -80 1150 1 0 0 0 1 0 0 0 1 3024.dat
1 0 570 -80 1110 1 0 0 0 1 0 0 0 1 3024.dat
1 71 600 -80 1110 1 0 0 0 1 0 0 0 1 3023.dat
1 0 610 -80 1080 0 0 1 0 1 0 -1 0 0 3023.dat
1 71 740 -80 1090 1 0 0 0 1 0 0 0 1 60479.dat
1 0 630 -80 1120 0 0 1 0 1 0 -1 0 0 3023.dat
1 0 650 -80 1070 1 0 0 0 1 0 0 0 1 3024.dat
1 71 660 -80 1110 1 0 0 0 1 0 0 0 1 3023.dat
1 0 700 -80 1120 1 0 0 0 1 0 0 0 1 3022.dat
1 71 740 -80 1110 1 0 0 0 1 0 0 0 1 3023.dat
1 0 750 -80 1070 1 0 0 0 1 0 0 0 1 3024.dat
1 0 770 -80 1120 0 0 1 0 1 0 -1 0 0 3023.dat
1 71 800 -80 1110 1 0 0 0 1 0 0 0 1 3023.dat
1 0 810 -80 1070 1 0 0 0 1 0 0 0 1 3024.dat
1 0 830 -80 1120 0 0 1 0 1 0 -1 0 0 3023.dat
1 0 850 -80 1070 1 0 0 0 1 0 0 0 1 3024.dat
1 71 860 -80 1110 1 0 0 0 1 0 0 0 1 3023.dat
1 0 850 -80 1140 0 0 1 0 1 0 -1 0 0 3023.dat
1 72 980 -80 910 1 0 0 0 1 0 0 0 1 60479.dat
1 72 900 -80 930 1 0 0 0 1 0 0 0 1 3710.dat
1 72 870 -80 950 1 0 0 0 1 0 0 0 1 3024.dat
1 71 880 -80 1090 1 0 0 0 1 0 0 0 1 3023.dat
1 72 890 -80 990 0 0 1 0 1 0 -1 0 0 3623.dat
1 0 890 -80 1120 0 0 1 0 1 0 -1 0 0 3023.dat
1 72 910 -80 1030 0 0 1 0 1 0 -1 0 0 3623.dat
1 0 910 -80 1080 0 0 1 0 1 0 -1 0 0 3023.dat
1 71 920 -80 1110 1 0 0 0 1 0 0 0 1 3023.dat
1 0 910 -80 1150 0 0 1 0 1 0 -1 0 0 3623.dat
1 72 930 -80 1070 0 0 1 0 1 0 -1 0 0 3623.dat
1 71 950 -80 1090 1 0 0 0 1 0 0 0 1 3024.dat
1 72 950 -80 1130 0 0 1 0 1 0 -1 0 0 3623.dat
1 72 970 -80 1180 0 0 1 0 1 0 -1 0 0 3710.dat
1 72 980 -80 1230 1 0 0 0 1 0 0 0 1 3023.dat
1 72 1040 -80 890 1 0 0 0 1 0 0 0 1 3666.dat
1 72 1060 -80 1200 1 0 0 0 1 0 0 0 1 3034.dat
1 72 990 -80 1300 0 0 1 0 1 0 -1 0 0 3666.dat
1 72 1010 -80 1400 0 0 1 0 1 0 -1 0 0 3666.dat
1 72 1020 -80 1470 1 0 0 0 1 0 0 0 1 3023.dat
1 484 1010 -80 1490 1 0 0 0 1 0 0 0 1 3024.dat
1 72 1010 -80 1620 0 0 1 0 1 0 -1 0 0 3710.dat
1 72 1060 -80 1390 1 0 0 0 1 0 0 0 1 3710.dat
1 72 1030 -80 1410 1 0 0 0 1 0 0 0 1 3024.dat
1 72 1060 -80 1490 1 0 0 0 1 0 0 0 1 3710.dat
1 484 1030 -80 1540 0 0 1 0 1 0 -1 0 0 3710.dat
1 484 1030 -80 1590 1 0 0 0 1 0 0 0 1 3024.dat
1 72 1030 -80 1720 0 0 1 0 1 0 -1 0 0 60479.dat
1 72 1080 -80 1600 1 0 0 0 1 0 0 0 1 3020.dat
1 72 1070 -80 1690 1 0 0 0 1 0 0 0 1 3623.dat
1 72 1070 -80 1760 1 0 0 0 1 0 0 0 1 3021.dat
1 72 1070 -80 1790 1 0 0 0 1 0 0 0 1 3623.dat
1 72 1070 -80 1830 1 0 0 0 1 0 0 0 1 3623.dat
1 72 1090 -80 1410 1 0 0 0 1 0 0 0 1 3623.dat
1 72 1090 -80 1670 1 0 0 0 1 0 0 0 1 3623.dat
1 72 1080 -80 1810 1 0 0 0 1 0 0 0 1 3023.dat
1 72 1100 -80 1470 1 0 0 0 1 0 0 0 1 3023.dat
1 484 1090 -80 1540 0 0 1 0 1 0 -1 0 0 3710.dat
1 72 1100 -80 1640 1 0 0 0 1 0 0 0 1 3022.dat
1 72 1090 -80 1720 0 0 1 0 1 0 -1 0 0 3023.dat
1 72 1110 -80 900 0 0 1 0 1 0 -1 0 0 3023.dat
1 72 1110 -80 1340 0 0 1 0 1 0 -1 0 0 3666.dat
1 72 1110 -80 1440 0 0 1 0 1 0 -1 0 0 3023.dat
1 484 1140 -80 500 0 0 1 0 1 0 -1 0 0 4282.dat
1 72 1130 -80 1020 0 0 1 0 1 0 -1 0 0 60479.dat
1 72 1130 -80 1160 0 0 1 0 1 0 -1 0 0 3023.dat
1 72 1130 -80 1260 0 0 1 0 1 0 -1 0 0 3710.dat
1 0 1170 -80 220 0 0 1 0 1 0 -1 0 0 60479.dat
1 484 1170 -80 400 0 0 1 0 1 0 -1 0 0 3666.dat
1 0 1170 -80 470 1 0 0 0 1 0 0 0 1 3024.dat
1 484 1170 -80 520 0 0 1 0 1 0 -1 0 0 3710.dat
1 0 1170 -80 570 1 0 0 0 1 0 0 0 1 3024.dat
1 484 1170 -80 620 0 0 1 0 1 0 -1 0 0 3710.dat
1 0 1170 -80 740 0 0 1 0 1 0 -1 0 0 3460.dat
1 0 1220 -80 110 1 0 0 0 1 0 0 0 1 3710.dat
1 72 1190 -80 820 0 0 1 0 1 0 -1 0 0 3023.dat
1 72 1220 -80 90 1 0 0 0 1 0 0 0 1 3023.dat
1 0 1210 -80 810 1 0 0 0 1 0 0 0 1 3024.dat
1 72 1300 -80 830 1 0 0 0 1 0 0 0 1 4477.dat
1 72 1230 -80 810 1 0 0 0 1 0 0 0 1 3024.dat
1 0 1260 -80 810 1 0 0 0 1 0 0 0 1 3023.dat
1 0 1270 -80 110 1 0 0 0 1 0 0 0 1 3024.dat
1 72 1290 -80 100 0 0 1 0 1 0 -1 0 0 3023.dat
1 72 1290 -80 810 1 0 0 0 1 0 0 0 1 3024.dat
1 0 1340 -80 110 1 0 0 0 1 0 0 0 1 3710.dat
1 0 1320 -80 810 1 0 0 0 1 0 0 0 1 3023.dat
1 0 1330 -80 240 0 0 1 0 1 0 -1 0 0 60479.dat
1 0 1330 -80 480 0 0 1 0 1 0 -1 0 0 60479.dat
1 0 1330 -80 700 0 0 1 0 1 0 -1 0 0 4477.dat
1 72 1360 -80 90 1 0 0 0 1 0 0 0 1 3023.dat
1 0 1370 -80 190 1 0 0 0 1 0 0 0 1 3623.dat
1 0 1370 -80 270 1 0 0 0 1 0 0 0 1 3623.dat
1 0 1370 -80 650 1 0 0 0 1 0 0 0 1 3623.dat
1 0 1370 -80 730 1 0 0 0 1 0 0 0 1 3623.dat
1 72 1350 -80 810 1 0 0 0 1 0 0 0 1 3024.dat
1 0 1370 -80 810 1 0 0 0 1 0 0 0 1 3024.dat
1 0 1390 -80 140 0 0 1 0 1 0 -1 0 0 3710.dat
1 0 1390 -80 230 0 0 1 0 1 0 -1 0 0 3623.dat
1 0 1390 -80 400 0 0 1 0 1 0 -1 0 0 60479.dat
1 0 1390 -80 580 0 0 1 0 1 0 -1 0 0 3666.dat
1 0 1390 -80 690 0 0 1 0 1 0 -1 0 0 3623.dat
1 0 1390 -80 770 0 0 1 0 1 0 -1 0 0 3623.dat
1 72 1390 -80 810 1 0 0 0 1 0 0 0 1 3024.dat
1 72 100 -88 90 1 0 0 0 1 0 0 0 1 4477.dat
1 0 120 -88 110 1 0 0 0 1 0 0 0 1 60479.dat
1 0 20 -88 220 0 0 1 0 1 0 -1 0 0 3795.dat
1 0 10 -88 400 0 0 1 0 1 0 -1 0 0 60479.dat
1 0 10 -88 640 0 0 1 0 1 0 -1 0 0 60479.dat
1 0 120 -88 810 1 0 0 0 1 0 0 0 1 60479.dat
1 0 20 -88 830 1 0 0 0 1 0 0 0 1 3023.dat
1 0 30 -88 140 0 0 1 0 1 0 -1 0 0 3023.dat
1 0 30 -88 720 0 0 1 0 1 0 -1 0 0 3460.dat
1 0 60 -88 190 1 0 0 0 1 0 0 0 1 3023.dat
1 0 60 -88 270 1 0 0 0 1 0 0 0 1 3023.dat
1 0 60 -88 650 1 0 0 0 1 0 0 0 1 3023.dat
1 0 60 -88 730 1 0 0 0 1 0 0 0 1 3023.dat
1 72 50 -88 830 1 0 0 0 1 0 0 0 1 3024.dat
1 0 70 -88 150 0 0 1 0 1 0 -1 0 0 3623.dat
1 0 70 -88 230 0 0 1 0 1 0 -1 0 0 3623.dat
1 0 70 -88 400 0 0 1 0 1 0 -1 0 0 60479.dat
1 0 70 -88 580 0 0 1 0 1 0 -1 0 0 3666.dat
1 0 70 -88 690 0 0 1 0 1 0 -1 0 0 3623.dat
1 0 70 -88 770 0 0 1 0 1 0 -1 0 0 3623.dat
1 0 140 -88 830 1 0 0 0 1 0 0 0 1 3460.dat
1 72 210 -88 90 1 0 0 0 1 0 0 0 1 3024.dat
1 0 230 -88 220 0 0 1 0 1 0 -1 0 0 4477.dat
1 0 230 -88 330 1 0 0 0 1 0 0 0 1 3024.dat
1 484 260 -88 350 1 0 0 0 1 0 0 0 1 3710.dat
1 0 230 -88 480 0 0 1 0 1 0 -1 0 0 60479.dat
1 0 230 -88 620 0 0 1 0 1 0 -1 0 0 3023.dat
1 484 260 -88 650 1 0 0 0 1 0 0 0 1 3710.dat
1 0 230 -88 720 0 0 1 0 1 0 -1 0 0 3666.dat
1 0 230 -88 790 1 0 0 0 1 0 0 0 1 3024.dat
1 72 270 -88 1020 0 0 1 0 1 0 -1 0 0 60479.dat
1 72 270 -88 1200 0 0 1 0 1 0 -1 0 0 3666.dat
1 72 270 -88 1270 1 0 0 0 1 0 0 0 1 3024.dat
1 484 300 -88 480 0 0 1 0 1 0 -1 0 0 2445.dat
1 484 300 -88 620 1 0 0 0 1 0 0 0 1 3022.dat
1 72 400 -88 890 1 0 0 0 1 0 0 0 1 60479.dat
1 72 290 -88 910 1 0 0 0 1 0 0 0 1 3024.dat
1 72 360 -88 1200 1 0 0 0 1 0 0 0 1 3034.dat
1 72 290 -88 1340 0 0 1 0 1 0 -1 0 0 3666.dat
1 72 290 -88 1450 0 0 1 0 1 0 -1 0 0 3623.dat
1 72 290 -88 1620 0 0 1 0 1 0 -1 0 0 3710.dat
1 72 310 -88 1670 1 0 0 0 1 0 0 0 1 3623.dat
1 71 300 -88 1860 0 0 1 0 1 0 -1 0 0 3020.dat
1 484 310 -88 350 1 0 0 0 1 0 0 0 1 3024.dat
1 484 310 -88 650 1 0 0 0 1 0 0 0 1 3024.dat
1 72 340 -88 1390 1 0 0 0 1 0 0 0 1 3710.dat
1 72 320 -88 1410 1 0 0 0 1 0 0 0 1 3023.dat
1 72 310 -88 1430 1 0 0 0 1 0 0 0 1 3024.dat
1 72 310 -88 1480 0 0 1 0 1 0 -1 0 0 3023.dat
1 484 310 -88 1540 0 0 1 0 1 0 -1 0 0 3710.dat
1 484 310 -88 1590 1 0 0 0 1 0 0 0 1 3024.dat
1 72 340 -88 1610 1 0 0 0 1 0 0 0 1 3710.dat
1 72 310 -88 1640 0 0 1 0 1 0 -1 0 0 3023.dat
1 72 310 -88 1740 0 0 1 0 1 0 -1 0 0 3666.dat
1 71 340 -88 1810 1 0 0 0 1 0 0 0 1 3710.dat
1 71 320 -88 1910 1 0 0 0 1 0 0 0 1 3023.dat
1 72 360 -88 1490 1 0 0 0 1 0 0 0 1 3710.dat
1 72 340 -88 1590 1 0 0 0 1 0 0 0 1 3023.dat
1 72 350 -88 1690 1 0 0 0 1 0 0 0 1 3623.dat
1 72 340 -88 1760 0 0 1 0 1 0 -1 0 0 3020.dat
1 72 340 -88 1830 1 0 0 0 1 0 0 0 1 3023.dat
1 72 380 -88 1410 1 0 0 0 1 0 0 0 1 3023.dat
1 484 370 -88 1560 0 0 1 0 1 0 -1 0 0 3710.dat
1 72 380 -88 1630 1 0 0 0 1 0 0 0 1 3023.dat
1 72 380 -88 1670 1 0 0 0 1 0 0 0 1 3023.dat
1 72 370 -88 1740 0 0 1 0 1 0 -1 0 0 3710.dat
1 72 370 -88 1790 1 0 0 0 1 0 0 0 1 3024.dat
1 71 380 -88 1860 0 0 1 0 1 0 -1 0 0 3020.dat
1 71 370 -88 1910 1 0 0 0 1 0 0 0 1 3024.dat
1 72 400 -88 1370 1 0 0 0 1 0 0 0 1 3023.dat
1 72 390 -88 1390 1 0 0 0 1 0 0 0 1 3024.dat
1 72 390 -88 1450 0 0 1 0 1 0 -1 0 0 3623.dat
1 484 390 -88 1510 1 0 0 0 1 0 0 0 1 3024.dat
1 72 390 -88 1600 0 0 1 0 1 0 -1 0 0 3023.dat
1 72 390 -88 1650 1 0 0 0 1 0 0 0 1 3024.dat
1 71 390 -88 1810 1 0 0 0 1 0 0 0 1 3024.dat
1 72 410 -88 1300 0 0 1 0 1 0 -1 0 0 3666.dat
1 72 440 -88 1150 1 0 0 0 1 0 0 0 1 3023.dat
1 72 430 -88 1170 1 0 0 0 1 0 0 0 1 3024.dat
1 72 430 -88 1240 0 0 1 0 1 0 -1 0 0 3023.dat
1 71 450 -88 1070 1 0 0 0 1 0 0 0 1 3024.dat
1 72 460 -88 1110 1 0 0 0 1 0 0 0 1 3023.dat
1 72 450 -88 1130 1 0 0 0 1 0 0 0 1 3024.dat
1 72 500 -88 910 1 0 0 0 1 0 0 0 1 3710.dat
1 72 470 -88 1070 0 0 1 0 1 0 -1 0 0 3623.dat
1 72 490 -88 1030 0 0 1 0 1 0 -1 0 0 3623.dat
1 0 490 -88 1080 0 0 1 0 1 0 -1 0 0 3023.dat
1 0 490 -88 1150 0 0 1 0 1 0 -1 0 0 3623.dat
1 72 510 -88 990 0 0 1 0 1 0 -1 0 0 3623.dat
1 0 510 -88 1050 1 0 0 0 1 0 0 0 1 3024.dat
1 71 520 -88 1070 1 0 0 0 1 0 0 0 1 3023.dat
1 0 510 -88 1110 0 0 1 0 1 0 -1 0 0 3623.dat
1 72 540 -88 890 1 0 0 0 1 0 0 0 1 3023.dat
1 72 530 -88 940 0 0 1 0 1 0 -1 0 0 3023.dat
1 72 550 -88 910 1 0 0 0 1 0 0 0 1 3024.dat
1 0 550 -88 1080 0 0 1 0 1 0 -1 0 0 3023.dat
1 0 560 -88 1130 1 0 0 0 1 0 0 0 1 3023.dat
1 0 550 -88 1150 1 0 0 0 1 0 0 0 1 3024.dat
1 0 570 -88 1050 1 0 0 0 1 0 0 0 1 3024.dat
1 71 580 -88 1070 1 0 0 0 1 0 0 0 1 3023.dat
1 0 570 -88 1100 0 0 1 0 1 0 -1 0 0 3023.dat
1 71 620 -88 1050 1 0 0 0 1 0 0 0 1 3710.dat
1 71 590 -88 1090 1 0 0 0 1 0 0 0 1 3024.dat
1 0 610 -88 1080 0 0 1 0 1 0 -1 0 0 3023.dat
1 71 700 -88 1070 1 0 0 0 1 0 0 0 1 3460.dat
1 0 630 -88 1110 0 0 1 0 1 0 -1 0 0 3623.dat
1 0 650 -88 1090 1 0 0 0 1 0 0 0 1 3024.dat
1 0 700 -88 1050 1 0 0 0 1 0 0 0 1 3023.dat
1 0 700 -88 1110 0 0 1 0 1 0 -1 0 0 3021.dat
1 71 780 -88 1050 1 0 0 0 1 0 0 0 1 3710.dat
1 0 760 -88 1090 1 0 0 0 1 0 0 0 1 3023.dat
1 0 770 -88 1120 0 0 1 0 1 0 -1 0 0 3023.dat
1 71 790 -88 1080 0 0 1 0 1 0 -1 0 0 3023.dat
1 0 810 -88 1080 0 0 1 0 1 0 -1 0 0 3023.dat
1 0 830 -88 1050 1 0 0 0 1 0 0 0 1 3024.dat
1 71 830 -88 1070 1 0 0 0 1 0 0 0 1 3024.dat
1 0 830 -88 1110 0 0 1 0 1 0 -1 0 0 3623.dat
1 72 960 -88 890 1 0 0 0 1 0 0 0 1 60479.dat
1 72 880 -88 910 1 0 0 0 1 0 0 0 1 3710.dat
1 0 850 -88 1080 0 0 1 0 1 0 -1 0 0 3023.dat
1 0 850 -88 1140 0 0 1 0 1 0 -1 0 0 3023.dat
1 72 870 -88 940 0 0 1 0 1 0 -1 0 0 3023.dat
1 71 880 -88 1070 1 0 0 0 1 0 0 0 1 3023.dat
1 72 890 -88 990 0 0 1 0 1 0 -1 0 0 3623.dat
1 0 890 -88 1050 1 0 0 0 1 0 0 0 1 3024.dat
1 0 890 -88 1110 0 0 1 0 1 0 -1 0 0 3623.dat
1 72 910 -88 1030 0 0 1 0 1 0 -1 0 0 3623.dat
1 0 910 -88 1080 0 0 1 0 1 0 -1 0 0 3023.dat
1 0 910 -88 1150 0 0 1 0 1 0 -1 0 0 3623.dat
1 72 930 -88 910 1 0 0 0 1 0 0 0 1 3024.dat
1 72 930 -88 1070 0 0 1 0 1 0 -1 0 0 3623.dat
1 71 950 -88 1070 1 0 0 0 1 0 0 0 1 3024.dat
1 72 950 -88 1120 0 0 1 0 1 0 -1 0 0 3710.dat
1 72 970 -88 1180 0 0 1 0 1 0 -1 0 0 3710.dat
1 72 980 -88 1230 1 0 0 0 1 0 0 0 1 3023.dat
1 72 1060 -88 1200 1 0 0 0 1 0 0 0 1 3034.dat
1 72 990 -88 1300 0 0 1 0 1 0 -1 0 0 3666.dat
1 72 1010 -88 1400 0 0 1 0 1 0 -1 0 0 3666.dat
1 72 1020 -88 1470 1 0 0 0 1 0 0 0 1 3023.dat
1 484 1010 -88 1490 1 0 0 0 1 0 0 0 1 3024.dat
1 72 1010 -88 1620 0 0 1 0 1 0 -1 0 0 3710.dat
1 71 1020 -88 1840 0 0 1 0 1 0 -1 0 0 3020.dat
1 71 1020 -88 1890 1 0 0 0 1 0 0 0 1 3023.dat
1 72 1060 -88 1390 1 0 0 0 1 0 0 0 1 3710.dat
1 72 1030 -88 1410 1 0 0 0 1 0 0 0 1 3024.dat
1 72 1060 -88 1490 1 0 0 0 1 0 0 0 1 3710.dat
1 484 1030 -88 1540 0 0 1 0 1 0 -1 0 0 3710.dat
1 484 1030 -88 1590 1 0 0 0 1 0 0 0 1 3024.dat
1 72 1030 -88 1700 0 0 1 0 1 0 -1 0 0 4477.dat
1 71 1030 -88 1910 1 0 0 0 1 0 0 0 1 3024.dat
1 72 1060 -88 1600 1 0 0 0 1 0 0 0 1 3022.dat
1 72 1070 -88 1690 1 0 0 0 1 0 0 0 1 3623.dat
1 72 1060 -88 1760 0 0 1 0 1 0 -1 0 0 3020.dat
1 71 1070 -88 1810 1 0 0 0 1 0 0 0 1 3623.dat
1 72 1060 -88 1830 1 0 0 0 1 0 0 0 1 3023.dat
1 72 1090 -88 1410 1 0 0 0 1 0 0 0 1 3623.dat
1 72 1090 -88 1670 1 0 0 0 1 0 0 0 1 3623.dat
1 71 1080 -88 1910 1 0 0 0 1 0 0 0 1 3023.dat
1 484 1100 -88 500 0 0 1 0 1 0 -1 0 0 4282.dat
1 72 1100 -88 890 1 0 0 0 1 0 0 0 1 3023.dat
1 72 1100 -88 1470 1 0 0 0 1 0 0 0 1 3023.dat
1 484 1090 -88 1540 0 0 1 0 1 0 -1 0 0 3710.dat
1 484 1090 -88 1590 1 0 0 0 1 0 0 0 1 3024.dat
1 72 1100 -88 1630 0 0 1 0 1 0 -1 0 0 3021.dat
1 72 1090 -88 1740 0 0 1 0 1 0 -1 0 0 3710.dat
1 72 1090 -88 1790 1 0 0 0 1 0 0 0 1 3024.dat
1 71 1100 -88 1860 0 0 1 0 1 0 -1 0 0 3020.dat
1 72 1120 -88 910 1 0 0 0 1 0 0 0 1 3023.dat
1 72 1110 -88 1340 0 0 1 0 1 0 -1 0 0 3666.dat
1 72 1110 -88 1440 0 0 1 0 1 0 -1 0 0 3023.dat
1 72 1110 -88 1590 1 0 0 0 1 0 0 0 1 3024.dat
1 484 1150 -88 350 1 0 0 0 1 0 0 0 1 3623.dat
1 484 1150 -88 650 1 0 0 0 1 0 0 0 1 3623.dat
1 72 1130 -88 1040 0 0 1 0 1 0 -1 0 0 60479.dat
1 72 1130 -88 1170 1 0 0 0 1 0 0 0 1 3024.dat
1 72 1130 -88 1260 0 0 1 0 1 0 -1 0 0 3710.dat
1 0 1280 -88 110 1 0 0 0 1 0 0 0 1 60479.dat
1 0 1170 -88 220 0 0 1 0 1 0 -1 0 0 4477.dat
1 0 1170 -88 330 1 0 0 0 1 0 0 0 1 3024.dat
1 0 1170 -88 480 0 0 1 0 1 0 -1 0 0 60479.dat
1 0 1170 -88 620 0 0 1 0 1 0 -1 0 0 3023.dat
1 0 1170 -88 740 0 0 1 0 1 0 -1 0 0 3460.dat
1 72 1280 -88 90 1 0 0 0 1 0 0 0 1 4477.dat
1 0 1280 -88 820 1 0 0 0 1 0 0 0 1 3832.dat
1 0 1330 -88 240 0 0 1 0 1 0 -1 0 0 60479.dat
1 0 1330 -88 480 0 0 1 0 1 0 -1 0 0 60479.dat
1 0 1330 -88 700 0 0 1 0 1 0 -1 0 0 4477.dat
1 0 1380 -88 190 1 0 0 0 1 0 0 0 1 3710.dat
1 0 1370 -88 270 1 0 0 0 1 0 0 0 1 3623.dat
1 0 1370 -88 650 1 0 0 0 1 0 0 0 1 3623.dat
1 0 1380 -88 730 1 0 0 0 1 0 0 0 1 3710.dat
1 0 1380 -88 170 1 0 0 0 1 0 0 0 1 3023.dat
1 0 1390 -88 220 1 0 0 0 1 0 0 0 1 3021.dat
1 0 1390 -88 710 1 0 0 0 1 0 0 0 1 3623.dat
1 0 1380 -88 760 1 0 0 0 1 0 0 0 1 3022.dat
1 72 1390 -88 90 1 0 0 0 1 0 0 0 1 3024.dat
1 0 1390 -88 140 0 0 1 0 1 0 -1 0 0 3023.dat
1 0 1390 -88 250 1 0 0 0 1 0 0 0 1 3024.dat
1 0 1390 -88 400 0 0 1 0 1 0 -1 0 0 60479.dat
1 0 1390 -88 580 0 0 1 0 1 0 -1 0 0 3666.dat
1 0 1390 -88 680 0 0 1 0 1 0 -1 0 0 3023.dat
1 0 1390 -88 810 0 0 1 0 1 0 -1 0 0 3623.dat
1 72 100 -96 90 1 0 0 0 1 0 0 0 1 4477.dat
1 72 10 -96 110 1 0 0 0 1 0 0 0 1 3024.dat
1 0 20 -96 220 0 0 1 0 1 0 -1 0 0 3795.dat
1 0 10 -96 400 0 0 1 0 1 0 -1 0 0 60479.dat
1 0 10 -96 640 0 0 1 0 1 0 -1 0 0 60479.dat
1 0 120 -96 810 1 0 0 0 1 0 0 0 1 60479.dat
1 0 10 -96 830 1 0 0 0 1 0 0 0 1 3024.dat
1 0 120 -96 110 1 0 0 0 1 0 0 0 1 4477.dat
1 0 30 -96 140 0 0 1 0 1 0 -1 0 0 3023.dat
1 0 30 -96 720 0 0 1 0 1 0 -1 0 0 3460.dat
1 72 40 -96 830 1 0 0 0 1 0 0 0 1 3023.dat
1 0 60 -96 190 1 0 0 0 1 0 0 0 1 3023.dat
1 0 60 -96 270 1 0 0 0 1 0 0 0 1 3023.dat
1 0 60 -96 650 1 0 0 0 1 0 0 0 1 3023.dat
1 0 60 -96 730 1 0 0 0 1 0 0 0 1 3023.dat
1 0 70 -96 150 0 0 1 0 1 0 -1 0 0 3623.dat
1 0 70 -96 230 0 0 1 0 1 0 -1 0 0 3623.dat
1 0 70 -96 400 0 0 1 0 1 0 -1 0 0 60479.dat
1 0 70 -96 580 0 0 1 0 1 0 -1 0 0 3666.dat
1 0 70 -96 690 0 0 1 0 1 0 -1 0 0 3623.dat
1 0 70 -96 770 0 0 1 0 1 0 -1 0 0 3623.dat
1 0 80 -96 830 1 0 0 0 1 0 0 0 1 3023.dat
1 72 110 -96 830 1 0 0 0 1 0 0 0 1 3024.dat
1 0 150 -96 830 1 0 0 0 1 0 0 0 1 3623.dat
1 72 190 -96 830 1 0 0 0 1 0 0 0 1 3024.dat
1 72 210 -96 90 1 0 0 0 1 0 0 0 1 3024.dat
1 0 220 -96 830 1 0 0 0 1 0 0 0 1 3023.dat
1 0 230 -96 220 0 0 1 0 1 0 -1 0 0 60479.dat
1 484 280 -96 350 1 0 0 0 1 0 0 0 1 3666.dat
1 484 230 -96 380 0 0 1 0 1 0 -1 0 0 3023.dat
1 0 230 -96 410 1 0 0 0 1 0 0 0 1 3024.dat
1 484 230 -96 440 0 0 1 0 1 0 -1 0 0 3023.dat
1 0 230 -96 470 1 0 0 0 1 0 0 0 1 3024.dat
1 484 230 -96 490 1 0 0 0 1 0 0 0 1 3024.dat
1 0 230 -96 520 0 0 1 0 1 0 -1 0 0 3023.dat
1 484 230 -96 600 0 0 1 0 1 0 -1 0 0 3666.dat
1 0 230 -96 720 0 0 1 0 1 0 -1 0 0 3666.dat
1 0 230 -96 790 1 0 0 0 1 0 0 0 1 3024.dat
1 484 280 -96 650 1 0 0 0 1 0 0 0 1 3710.dat
1 72 270 -96 1020 0 0 1 0 1 0 -1 0 0 60479.dat
1 72 270 -96 1220 0 0 1 0 1 0 -1 0 0 3460.dat
1 72 400 -96 870 1 0 0 0 1 0 0 0 1 60479.dat
1 72 290 -96 900 0 0 1 0 1 0 -1 0 0 3023.dat
1 72 360 -96 1200 1 0 0 0 1 0 0 0 1 3034.dat
1 72 290 -96 1340 0 0 1 0 1 0 -1 0 0 3666.dat
1 72 290 -96 1450 0 0 1 0 1 0 -1 0 0 3623.dat
1 72 340 -96 1600 1 0 0 0 1 0 0 0 1 3795.dat
1 72 300 -96 1650 0 0 1 0 1 0 -1 0 0 3021.dat
1 484 320 -96 480 0 0 1 0 1 0 -1 0 0 2445.dat
1 484 320 -96 620 1 0 0 0 1 0 0 0 1 3022.dat
1 72 340 -96 1390 1 0 0 0 1 0 0 0 1 3710.dat
1 72 320 -96 1410 1 0 0 0 1 0 0 0 1 3023.dat
1 72 310 -96 1430 1 0 0 0 1 0 0 0 1 3024.dat
1 72 310 -96 1480 0 0 1 0 1 0 -1 0 0 3023.dat
1 484 310 -96 1540 0 0 1 0 1 0 -1 0 0 3710.dat
1 72 340 -96 1700 1 0 0 0 1 0 0 0 1 3020.dat
1 72 340 -96 1730 1 0 0 0 1 0 0 0 1 3710.dat
1 72 340 -96 1790 1 0 0 0 1 0 0 0 1 3710.dat
1 72 310 -96 1820 0 0 1 0 1 0 -1 0 0 3023.dat
1 484 330 -96 650 1 0 0 0 1 0 0 0 1 3024.dat
1 72 360 -96 1490 1 0 0 0 1 0 0 0 1 3710.dat
1 72 330 -96 1670 1 0 0 0 1 0 0 0 1 3024.dat
1 72 340 -96 1760 1 0 0 0 1 0 0 0 1 3022.dat
1 71 330 -96 1810 1 0 0 0 1 0 0 0 1 3024.dat
1 72 350 -96 1830 1 0 0 0 1 0 0 0 1 3623.dat
1 72 360 -96 1810 1 0 0 0 1 0 0 0 1 3023.dat
1 72 380 -96 1410 1 0 0 0 1 0 0 0 1 3023.dat
1 484 370 -96 1550 0 0 1 0 1 0 -1 0 0 3623.dat
1 72 380 -96 1630 1 0 0 0 1 0 0 0 1 3023.dat
1 72 380 -96 1670 1 0 0 0 1 0 0 0 1 3023.dat
1 72 370 -96 1750 1 0 0 0 1 0 0 0 1 3024.dat
1 71 370 -96 1770 1 0 0 0 1 0 0 0 1 3024.dat
1 72 390 -96 890 1 0 0 0 1 0 0 0 1 3024.dat
1 72 400 -96 1370 1 0 0 0 1 0 0 0 1 3023.dat
1 72 390 -96 1390 1 0 0 0 1 0 0 0 1 3024.dat
1 72 390 -96 1450 0 0 1 0 1 0 -1 0 0 3623.dat
1 484 390 -96 1510 1 0 0 0 1 0 0 0 1 3024.dat
1 72 390 -96 1650 1 0 0 0 1 0 0 0 1 3024.dat
1 72 410 -96 1300 0 0 1 0 1 0 -1 0 0 3666.dat
1 72 440 -96 1150 1 0 0 0 1 0 0 0 1 3023.dat
1 72 430 -96 1170 1 0 0 0 1 0 0 0 1 3024.dat
1 72 430 -96 1240 0 0 1 0 1 0 -1 0 0 3023.dat
1 72 460 -96 1110 1 0 0 0 1 0 0 0 1 3023.dat
1 72 450 -96 1130 1 0 0 0 1 0 0 0 1 3024.dat
1 72 500 -96 890 1 0 0 0 1 0 0 0 1 3710.dat
1 71 470 -96 1040 0 0 1 0 1 0 -1 0 0 3023.dat
1 72 470 -96 1080 0 0 1 0 1 0 -1 0 0 3023.dat
1 72 490 -96 1030 0 0 1 0 1 0 -1 0 0 3623.dat
1 0 500 -96 1080 1 0 0 0 1 0 0 0 1 3022.dat
1 72 510 -96 990 0 0 1 0 1 0 -1 0 0 3623.dat
1 0 510 -96 1040 0 0 1 0 1 0 -1 0 0 3023.dat
1 0 510 -96 1120 0 0 1 0 1 0 -1 0 0 3023.dat
1 72 540 -96 870 1 0 0 0 1 0 0 0 1 3023.dat
1 72 530 -96 930 0 0 1 0 1 0 -1 0 0 3623.dat
1 71 540 -96 1040 1 0 0 0 1 0 0 0 1 3022.dat
1 72 550 -96 900 0 0 1 0 1 0 -1 0 0 3023.dat
1 0 560 -96 1080 1 0 0 0 1 0 0 0 1 3022.dat
1 0 570 -96 1030 1 0 0 0 1 0 0 0 1 3024.dat
1 71 590 -96 1050 1 0 0 0 1 0 0 0 1 3623.dat
1 0 570 -96 1120 0 0 1 0 1 0 -1 0 0 3023.dat
1 71 600 -96 1030 1 0 0 0 1 0 0 0 1 3023.dat
1 0 630 -96 1080 1 0 0 0 1 0 0 0 1 3021.dat
1 0 630 -96 1040 0 0 1 0 1 0 -1 0 0 3023.dat
1 0 630 -96 1120 0 0 1 0 1 0 -1 0 0 3023.dat
1 71 700 -96 1040 1 0 0 0 1 0 0 0 1 3795.dat
1 0 700 -96 1100 0 0 1 0 1 0 -1 0 0 3020.dat
1 0 760 -96 1080 1 0 0 0 1 0 0 0 1 3022.dat
1 0 770 -96 1040 0 0 1 0 1 0 -1 0 0 3023.dat
1 0 770 -96 1120 0 0 1 0 1 0 -1 0 0 3023.dat
1 71 800 -96 1040 1 0 0 0 1 0 0 0 1 3022.dat
1 0 830 -96 1080 1 0 0 0 1 0 0 0 1 3021.dat
1 0 830 -96 1040 0 0 1 0 1 0 -1 0 0 3023.dat
1 0 830 -96 1120 0 0 1 0 1 0 -1 0 0 3023.dat
1 72 960 -96 870 1 0 0 0 1 0 0 0 1 60479.dat
1 72 880 -96 890 1 0 0 0 1 0 0 0 1 3710.dat
1 72 860 -96 910 1 0 0 0 1 0 0 0 1 3023.dat
1 71 860 -96 1040 1 0 0 0 1 0 0 0 1 3022.dat
1 72 870 -96 940 0 0 1 0 1 0 -1 0 0 3023.dat
1 72 890 -96 990 0 0 1 0 1 0 -1 0 0 3623.dat
1 0 890 -96 1080 0 0 1 0 1 0 -1 0 0 3666.dat
1 72 910 -96 1030 0 0 1 0 1 0 -1 0 0 3623.dat
1 0 910 -96 1080 0 0 1 0 1 0 -1 0 0 3023.dat
1 72 930 -96 890 1 0 0 0 1 0 0 0 1 3024.dat
1 71 930 -96 1030 1 0 0 0 1 0 0 0 1 3024.dat
1 72 930 -96 1070 0 0 1 0 1 0 -1 0 0 3623.dat
1 72 950 -96 1120 0 0 1 0 1 0 -1 0 0 3710.dat
1 72 970 -96 1180 0 0 1 0 1 0 -1 0 0 3710.dat
1 72 970 -96 1230 1 0 0 0 1 0 0 0 1 3024.dat
1 72 1060 -96 1200 1 0 0 0 1 0 0 0 1 3034.dat
1 72 990 -96 1300 0 0 1 0 1 0 -1 0 0 3666.dat
1 72 1010 -96 890 1 0 0 0 1 0 0 0 1 3024.dat
1 72 1010 -96 1400 0 0 1 0 1 0 -1 0 0 3666.dat
1 72 1020 -96 1470 1 0 0 0 1 0 0 0 1 3023.dat
1 484 1010 -96 1490 1 0 0 0 1 0 0 0 1 3024.dat
1 72 1060 -96 1600 1 0 0 0 1 0 0 0 1 3795.dat
1 72 1020 -96 1640 1 0 0 0 1 0 0 0 1 3022.dat
1 72 1060 -96 1390 1 0 0 0 1 0 0 0 1 3710.dat
1 72 1030 -96 1410 1 0 0 0 1 0 0 0 1 3024.dat
1 72 1060 -96 1490 1 0 0 0 1 0 0 0 1 3710.dat
1 484 1030 -96 1540 0 0 1 0 1 0 -1 0 0 3710.dat
1 72 1030 -96 1700 0 0 1 0 1 0 -1 0 0 3710.dat
1 72 1050 -96 1750 1 0 0 0 1 0 0 0 1 3623.dat
1 71 1030 -96 1770 1 0 0 0 1 0 0 0 1 3024.dat
1 72 1040 -96 1810 0 0 1 0 1 0 -1 0 0 3021.dat
1 72 1070 -96 1700 1 0 0 0 1 0 0 0 1 3021.dat
1 72 1070 -96 1730 1 0 0 0 1 0 0 0 1 3623.dat
1 72 1060 -96 1770 1 0 0 0 1 0 0 0 1 3023.dat
1 484 1080 -96 500 0 0 1 0 1 0 -1 0 0 4282.dat
1 72 1090 -96 1410 1 0 0 0 1 0 0 0 1 3623.dat
1 72 1090 -96 1670 1 0 0 0 1 0 0 0 1 3623.dat
1 72 1080 -96 1790 1 0 0 0 1 0 0 0 1 3023.dat
1 71 1070 -96 1810 1 0 0 0 1 0 0 0 1 3024.dat
1 72 1080 -96 1830 1 0 0 0 1 0 0 0 1 3023.dat
1 72 1100 -96 870 1 0 0 0 1 0 0 0 1 3023.dat
1 72 1100 -96 1470 1 0 0 0 1 0 0 0 1 3023.dat
1 484 1090 -96 1540 0 0 1 0 1 0 -1 0 0 3710.dat
1 72 1100 -96 1640 1 0 0 0 1 0 0 0 1 3022.dat
1 72 1090 -96 1810 1 0 0 0 1 0 0 0 1 3024.dat
1 484 1140 -96 350 1 0 0 0 1 0 0 0 1 3710.dat
1 484 1140 -96 650 1 0 0 0 1 0 0 0 1 3710.dat
1 72 1110 -96 900 0 0 1 0 1 0 -1 0 0 3023.dat
1 72 1110 -96 1340 0 0 1 0 1 0 -1 0 0 3710.dat
1 72 1110 -96 1390 1 0 0 0 1 0 0 0 1 3024.dat
1 72 1110 -96 1440 0 0 1 0 1 0 -1 0 0 3023.dat
1 72 1130 -96 1020 0 0 1 0 1 0 -1 0 0 60479.dat
1 72 1130 -96 1160 0 0 1 0 1 0 -1 0 0 3023.dat
1 72 1130 -96 1260 0 0 1 0 1 0 -1 0 0 3710.dat
1 0 1280 -96 110 1 0 0 0 1 0 0 0 1 60479.dat
1 0 1170 -96 220 0 0 1 0 1 0 -1 0 0 4477.dat
1 0 1170 -96 330 1 0 0 0 1 0 0 0 1 3024.dat
1 484 1170 -96 380 0 0 1 0 1 0 -1 0 0 3023.dat
1 0 1170 -96 410 1 0 0 0 1 0 0 0 1 3024.dat
1 484 1170 -96 440 0 0 1 0 1 0 -1 0 0 3023.dat
1 0 1170 -96 470 1 0 0 0 1 0 0 0 1 3024.dat
1 484 1170 -96 490 1 0 0 0 1 0 0 0 1 3024.dat
1 0 1170 -96 520 0 0 1 0 1 0 -1 0 0 3023.dat
1 484 1170 -96 580 0 0 1 0 1 0 -1 0 0 3710.dat
1 484 1170 -96 630 1 0 0 0 1 0 0 0 1 3024.dat
1 0 1170 -96 740 0 0 1 0 1 0 -1 0 0 3460.dat
1 0 1180 -96 830 1 0 0 0 1 0 0 0 1 3023.dat
1 72 1280 -96 90 1 0 0 0 1 0 0 0 1 4477.dat
1 0 1280 -96 810 1 0 0 0 1 0 0 0 1 4477.dat
1 72 1220 -96 830 1 0 0 0 1 0 0 0 1 3023.dat
1 0 1260 -96 830 1 0 0 0 1 0 0 0 1 3023.dat
1 72 1290 -96 830 1 0 0 0 1 0 0 0 1 3024.dat
1 0 1330 -96 830 1 0 0 0 1 0 0 0 1 3623.dat
1 0 1330 -96 240 0 0 1 0 1 0 -1 0 0 60479.dat
1 0 1330 -96 480 0 0 1 0 1 0 -1 0 0 60479.dat
1 0 1330 -96 700 0 0 1 0 1 0 -1 0 0 4477.dat
1 0 1380 -96 190 1 0 0 0 1 0 0 0 1 3710.dat
1 0 1370 -96 270 1 0 0 0 1 0 0 0 1 3623.dat
1 0 1370 -96 650 1 0 0 0 1 0 0 0 1 3623.dat
1 0 1380 -96 730 1 0 0 0 1 0 0 0 1 3710.dat
1 0 1380 -96 170 1 0 0 0 1 0 0 0 1 3023.dat
1 0 1390 -96 230 1 0 0 0 1 0 0 0 1 3623.dat
1 0 1390 -96 710 1 0 0 0 1 0 0 0 1 3623.dat
1 0 1380 -96 760 1 0 0 0 1 0 0 0 1 3022.dat
1 72 1370 -96 830 1 0 0 0 1 0 0 0 1 3024.dat
1 72 1390 -96 90 1 0 0 0 1 0 0 0 1 3024.dat
1 0 1390 -96 140 0 0 1 0 1 0 -1 0 0 3023.dat
1 0 1400 -96 210 1 0 0 0 1 0 0 0 1 3023.dat
1 0 1390 -96 250 1 0 0 0 1 0 0 0 1 3024.dat
1 0 1390 -96 400 0 0 1 0 1 0 -1 0 0 60479.dat
1 0 1390 -96 580 0 0 1 0 1 0 -1 0 0 3666.dat
1 0 1390 -96 680 0 0 1 0 1 0 -1 0 0 3023.dat
1 0 1390 -96 810 0 0 1 0 1 0 -1 0 0 3623.dat
1 72 100 -104 90 1 0 0 0 1 0 0 0 1 4477.dat
1 0 120 -104 110 1 0 0 0 1 0 0 0 1 60479.dat
1 0 20 -104 220 0 0 1 0 1 0 -1 0 0 3795.dat
1 0 10 -104 400 0 0 1 0 1 0 -1 0 0 60479.dat
1 0 10 -104 640 0 0 1 0 1 0 -1 0 0 60479.dat
1 0 120 -104 810 1 0 0 0 1 0 0 0 1 60479.dat
1 72 30 -104 830 1 0 0 0 1 0 0 0 1 3623.dat
1 0 30 -104 140 0 0 1 0 1 0 -1 0 0 3023.dat
1 0 30 -104 720 0 0 1 0 1 0 -1 0 0 3460.dat
1 72 50 -104 70 1 0 0 0 1 0 0 0 1 3024.dat
1 0 60 -104 190 1 0 0 0 1 0 0 0 1 3023.dat
1 0 60 -104 270 1 0 0 0 1 0 0 0 1 3023.dat
1 0 60 -104 650 1 0 0 0 1 0 0 0 1 3023.dat
1 0 60 -104 730 1 0 0 0 1 0 0 0 1 3023.dat
1 72 50 -104 850 1 0 0 0 1 0 0 0 1 3024.dat
1 0 70 -104 150 0 0 1 0 1 0 -1 0 0 3623.dat
1 0 70 -104 230 0 0 1 0 1 0 -1 0 0 3623.dat
1 0 70 -104 400 0 0 1 0 1 0 -1 0 0 60479.dat
1 0 70 -104 580 0 0 1 0 1 0 -1 0 0 3666.dat
1 0 70 -104 690 0 0 1 0 1 0 -1 0 0 3623.dat
1 0 70 -104 770 0 0 1 0 1 0 -1 0 0 3623.dat
1 0 80 -104 830 1 0 0 0 1 0 0 0 1 3023.dat
1 72 110 -104 70 1 0 0 0 1 0 0 0 1 3024.dat
1 72 120 -104 830 1 0 0 0 1 0 0 0 1 3023.dat
1 72 110 -104 850 1 0 0 0 1 0 0 0 1 3024.dat
1 0 150 -104 830 1 0 0 0 1 0 0 0 1 3024.dat
1 72 180 -104 830 1 0 0 0 1 0 0 0 1 3023.dat
1 72 190 -104 70 1 0 0 0 1 0 0 0 1 3024.dat
1 72 190 -104 850 1 0 0 0 1 0 0 0 1 3024.dat
1 72 210 -104 90 1 0 0 0 1 0 0 0 1 3024.dat
1 0 220 -104 830 1 0 0 0 1 0 0 0 1 3023.dat
1 0 230 -104 220 0 0 1 0 1 0 -1 0 0 4477.dat
1 0 230 -104 330 1 0 0 0 1 0 0 0 1 3024.dat
1 484 300 -104 350 1 0 0 0 1 0 0 0 1 3460.dat
1 0 230 -104 480 0 0 1 0 1 0 -1 0 0 60479.dat
1 0 230 -104 620 0 0 1 0 1 0 -1 0 0 3023.dat
1 484 300 -104 650 1 0 0 0 1 0 0 0 1 3460.dat
1 0 230 -104 720 0 0 1 0 1 0 -1 0 0 3666.dat
1 0 230 -104 790 1 0 0 0 1 0 0 0 1 3024.dat
1 72 270 -104 1020 0 0 1 0 1 0 -1 0 0 60479.dat
1 72 270 -104 1220 0 0 1 0 1 0 -1 0 0 3460.dat
1 72 400 -104 870 1 0 0 0 1 0 0 0 1 60479.dat
1 72 290 -104 900 0 0 1 0 1 0 -1 0 0 3023.dat
1 72 360 -104 1200 1 0 0 0 1 0 0 0 1 3034.dat
1 72 290 -104 1340 0 0 1 0 1 0 -1 0 0 3666.dat
1 72 290 -104 1450 0 0 1 0 1 0 -1 0 0 3623.dat
1 72 300 -104 1640 0 0 1 0 1 0 -1 0 0 3020.dat
1 72 420 -104 850 1 0 0 0 1 0 0 0 1 60479.dat
1 72 340 -104 1390 1 0 0 0 1 0 0 0 1 3710.dat
1 72 320 -104 1410 1 0 0 0 1 0 0 0 1 3023.dat
1 72 310 -104 1430 1 0 0 0 1 0 0 0 1 3024.dat
1 72 310 -104 1480 0 0 1 0 1 0 -1 0 0 3023.dat
1 484 310 -104 1540 0 0 1 0 1 0 -1 0 0 3710.dat
1 72 340 -104 1590 1 0 0 0 1 0 0 0 1 3710.dat
1 72 340 -104 1700 1 0 0 0 1 0 0 0 1 3020.dat
1 72 360 -104 1490 1 0 0 0 1 0 0 0 1 3710.dat
1 72 360 -104 1610 1 0 0 0 1 0 0 0 1 3710.dat
1 72 330 -104 1670 1 0 0 0 1 0 0 0 1 3024.dat
1 71 330 -104 1790 0 0 1 0 1 0 -1 0 0 3623.dat
1 484 360 -104 480 0 0 1 0 1 0 -1 0 0 2445.dat
1 484 360 -104 620 1 0 0 0 1 0 0 0 1 3022.dat
1 72 350 -104 1760 0 0 1 0 1 0 -1 0 0 3023.dat
1 71 360 -104 1800 1 0 0 0 1 0 0 0 1 3022.dat
1 72 380 -104 1410 1 0 0 0 1 0 0 0 1 3023.dat
1 484 370 -104 1550 0 0 1 0 1 0 -1 0 0 3623.dat
1 72 380 -104 1630 1 0 0 0 1 0 0 0 1 3023.dat
1 72 380 -104 1670 1 0 0 0 1 0 0 0 1 3023.dat
1 71 370 -104 1770 1 0 0 0 1 0 0 0 1 3024.dat
1 72 400 -104 1370 1 0 0 0 1 0 0 0 1 3023.dat
1 72 390 -104 1390 1 0 0 0 1 0 0 0 1 3024.dat
1 72 390 -104 1450 0 0 1 0 1 0 -1 0 0 3623.dat
1 484 390 -104 1510 1 0 0 0 1 0 0 0 1 3024.dat
1 72 390 -104 1590 1 0 0 0 1 0 0 0 1 3024.dat
1 72 390 -104 1650 1 0 0 0 1 0 0 0 1 3024.dat
1 72 410 -104 1300 0 0 1 0 1 0 -1 0 0 3666.dat
1 72 440 -104 1150 1 0 0 0 1 0 0 0 1 3023.dat
1 72 430 -104 1170 1 0 0 0 1 0 0 0 1 3024.dat
1 72 430 -104 1240 0 0 1 0 1 0 -1 0 0 3023.dat
1 72 460 -104 1110 1 0 0 0 1 0 0 0 1 3023.dat
1 72 450 -104 1130 1 0 0 0 1 0 0 0 1 3024.dat
1 71 470 -104 1020 0 0 1 0 1 0 -1 0 0 3023.dat
1 72 470 -104 1070 0 0 1 0 1 0 -1 0 0 3623.dat
1 72 490 -104 1030 0 0 1 0 1 0 -1 0 0 3623.dat
1 0 500 -104 1070 1 0 0 0 1 0 0 0 1 3023.dat
1 0 490 -104 1090 1 0 0 0 1 0 0 0 1 3024.dat
1 72 510 -104 990 0 0 1 0 1 0 -1 0 0 3623.dat
1 0 510 -104 1040 0 0 1 0 1 0 -1 0 0 3023.dat
1 72 550 -104 870 1 0 0 0 1 0 0 0 1 3623.dat
1 72 530 -104 940 0 0 1 0 1 0 -1 0 0 3710.dat
1 71 640 -104 1010 1 0 0 0 1 0 0 0 1 60479.dat
1 71 540 -104 1030 1 0 0 0 1 0 0 0 1 3023.dat
1 72 560 -104 850 1 0 0 0 1 0 0 0 1 3023.dat
1 72 550 -104 900 0 0 1 0 1 0 -1 0 0 3023.dat
1 0 550 -104 990 1 0 0 0 1 0 0 0 1 3024.dat
1 0 560 -104 1070 1 0 0 0 1 0 0 0 1 3023.dat
1 0 550 -104 1090 1 0 0 0 1 0 0 0 1 3024.dat
1 0 570 -104 1040 0 0 1 0 1 0 -1 0 0 3023.dat
1 71 600 -104 1030 1 0 0 0 1 0 0 0 1 3023.dat
1 0 610 -104 990 1 0 0 0 1 0 0 0 1 3024.dat
1 0 630 -104 1070 1 0 0 0 1 0 0 0 1 3623.dat
1 0 610 -104 1090 1 0 0 0 1 0 0 0 1 3024.dat
1 0 630 -104 1040 0 0 1 0 1 0 -1 0 0 3023.dat
1 0 650 -104 990 1 0 0 0 1 0 0 0 1 3024.dat
1 71 660 -104 1030 1 0 0 0 1 0 0 0 1 3023.dat
1 0 650 -104 1090 1 0 0 0 1 0 0 0 1 3024.dat
1 0 690 -104 1050 0 0 1 0 1 0 -1 0 0 3623.dat
1 71 730 -104 1030 1 0 0 0 1 0 0 0 1 3623.dat
1 0 710 -104 1060 0 0 1 0 1 0 -1 0 0 3023.dat
1 0 750 -104 990 1 0 0 0 1 0 0 0 1 3024.dat
1 0 760 -104 1070 1 0 0 0 1 0 0 0 1 3023.dat
1 0 750 -104 1090 1 0 0 0 1 0 0 0 1 3024.dat
1 71 820 -104 1010 1 0 0 0 1 0 0 0 1 3666.dat
1 0 770 -104 1040 0 0 1 0 1 0 -1 0 0 3023.dat
1 71 800 -104 1030 1 0 0 0 1 0 0 0 1 3023.dat
1 0 810 -104 990 1 0 0 0 1 0 0 0 1 3024.dat
1 0 830 -104 1070 1 0 0 0 1 0 0 0 1 3623.dat
1 0 810 -104 1090 1 0 0 0 1 0 0 0 1 3024.dat
1 72 940 -104 850 1 0 0 0 1 0 0 0 1 60479.dat
1 0 830 -104 1040 0 0 1 0 1 0 -1 0 0 3023.dat
1 72 960 -104 870 1 0 0 0 1 0 0 0 1 60479.dat
1 72 850 -104 900 0 0 1 0 1 0 -1 0 0 3023.dat
1 0 850 -104 990 1 0 0 0 1 0 0 0 1 3024.dat
1 71 860 -104 1030 1 0 0 0 1 0 0 0 1 3023.dat
1 0 850 -104 1090 1 0 0 0 1 0 0 0 1 3024.dat
1 72 870 -104 930 0 0 1 0 1 0 -1 0 0 3623.dat
1 72 890 -104 980 0 0 1 0 1 0 -1 0 0 3023.dat
1 71 890 -104 1010 1 0 0 0 1 0 0 0 1 3024.dat
1 0 890 -104 1050 0 0 1 0 1 0 -1 0 0 3623.dat
1 72 910 -104 1030 0 0 1 0 1 0 -1 0 0 3623.dat
1 0 910 -104 1080 0 0 1 0 1 0 -1 0 0 3023.dat
1 71 930 -104 1020 0 0 1 0 1 0 -1 0 0 3023.dat
1 72 930 -104 1070 0 0 1 0 1 0 -1 0 0 3623.dat
1 72 950 -104 1120 0 0 1 0 1 0 -1 0 0 3710.dat
1 72 970 -104 1180 0 0 1 0 1 0 -1 0 0 3710.dat
1 72 970 -104 1230 1 0 0 0 1 0 0 0 1 3024.dat
1 72 1060 -104 1200 1 0 0 0 1 0 0 0 1 3034.dat
1 72 990 -104 1300 0 0 1 0 1 0 -1 0 0 3666.dat
1 72 1010 -104 1400 0 0 1 0 1 0 -1 0 0 3666.dat
1 72 1020 -104 1470 1 0 0 0 1 0 0 0 1 3023.dat
1 484 1010 -104 1490 1 0 0 0 1 0 0 0 1 3024.dat
1 72 1060 -104 1600 1 0 0 0 1 0 0 0 1 3795.dat
1 72 1020 -104 1640 1 0 0 0 1 0 0 0 1 3022.dat
1 484 1040 -104 500 0 0 1 0 1 0 -1 0 0 4282.dat
1 72 1060 -104 1390 1 0 0 0 1 0 0 0 1 3710.dat
1 72 1030 -104 1410 1 0 0 0 1 0 0 0 1 3024.dat
1 72 1060 -104 1490 1 0 0 0 1 0 0 0 1 3710.dat
1 484 1030 -104 1540 0 0 1 0 1 0 -1 0 0 3710.dat
1 72 1030 -104 1690 0 0 1 0 1 0 -1 0 0 3623.dat
1 71 1050 -104 1780 1 0 0 0 1 0 0 0 1 3021.dat
1 71 1050 -104 1810 1 0 0 0 1 0 0 0 1 3623.dat
1 72 1070 -104 1700 1 0 0 0 1 0 0 0 1 3021.dat
1 72 1060 -104 1750 1 0 0 0 1 0 0 0 1 3023.dat
1 484 1120 -104 350 1 0 0 0 1 0 0 0 1 3666.dat
1 484 1120 -104 650 1 0 0 0 1 0 0 0 1 3666.dat
1 72 1090 -104 850 1 0 0 0 1 0 0 0 1 3623.dat
1 72 1090 -104 1410 1 0 0 0 1 0 0 0 1 3623.dat
1 72 1090 -104 1670 1 0 0 0 1 0 0 0 1 3623.dat
1 72 1100 -104 870 1 0 0 0 1 0 0 0 1 3023.dat
1 72 1100 -104 1470 1 0 0 0 1 0 0 0 1 3023.dat
1 484 1090 -104 1540 0 0 1 0 1 0 -1 0 0 3710.dat
1 72 1100 -104 1640 1 0 0 0 1 0 0 0 1 3022.dat
1 72 1120 -104 890 1 0 0 0 1 0 0 0 1 3023.dat
1 72 1110 -104 1340 0 0 1 0 1 0 -1 0 0 3710.dat
1 72 1110 -104 1390 1 0 0 0 1 0 0 0 1 3024.dat
1 72 1110 -104 1440 0 0 1 0 1 0 -1 0 0 3023.dat
1 72 1130 -104 1020 0 0 1 0 1 0 -1 0 0 60479.dat
1 72 1130 -104 1160 0 0 1 0 1 0 -1 0 0 3023.dat
1 72 1130 -104 1260 0 0 1 0 1 0 -1 0 0 3710.dat
1 72 1130 -104 1310 1 0 0 0 1 0 0 0 1 3024.dat
1 0 1280 -104 110 1 0 0 0 1 0 0 0 1 60479.dat
1 0 1170 -104 220 0 0 1 0 1 0 -1 0 0 4477.dat
1 0 1170 -104 330 1 0 0 0 1 0 0 0 1 3024.dat
1 0 1170 -104 480 0 0 1 0 1 0 -1 0 0 60479.dat
1 0 1170 -104 620 0 0 1 0 1 0 -1 0 0 3023.dat
1 0 1170 -104 740 0 0 1 0 1 0 -1 0 0 3460.dat
1 0 1180 -104 830 1 0 0 0 1 0 0 0 1 3023.dat
1 72 1280 -104 90 1 0 0 0 1 0 0 0 1 4477.dat
1 0 1280 -104 810 1 0 0 0 1 0 0 0 1 4477.dat
1 72 1220 -104 830 1 0 0 0 1 0 0 0 1 3023.dat
1 72 1230 -104 70 1 0 0 0 1 0 0 0 1 3024.dat
1 72 1230 -104 850 1 0 0 0 1 0 0 0 1 3024.dat
1 0 1250 -104 830 1 0 0 0 1 0 0 0 1 3024.dat
1 72 1280 -104 830 1 0 0 0 1 0 0 0 1 3023.dat
1 72 1290 -104 70 1 0 0 0 1 0 0 0 1 3024.dat
1 72 1290 -104 850 1 0 0 0 1 0 0 0 1 3024.dat
1 0 1320 -104 830 1 0 0 0 1 0 0 0 1 3023.dat
1 0 1330 -104 240 0 0 1 0 1 0 -1 0 0 60479.dat
1 0 1330 -104 480 0 0 1 0 1 0 -1 0 0 60479.dat
1 0 1330 -104 700 0 0 1 0 1 0 -1 0 0 4477.dat
1 72 1350 -104 70 1 0 0 0 1 0 0 0 1 3024.dat
1 0 1380 -104 190 1 0 0 0 1 0 0 0 1 3710.dat
1 0 1370 -104 270 1 0 0 0 1 0 0 0 1 3623.dat
1 0 1370 -104 650 1 0 0 0 1 0 0 0 1 3623.dat
1 0 1380 -104 730 1 0 0 0 1 0 0 0 1 3710.dat
1 72 1370 -104 830 1 0 0 0 1 0 0 0 1 3623.dat
1 72 1350 -104 850 1 0 0 0 1 0 0 0 1 3024.dat
1 0 1380 -104 170 1 0 0 0 1 0 0 0 1 3023.dat
1 0 1390 -104 230 1 0 0 0 1 0 0 0 1 3623.dat
1 0 1390 -104 710 1 0 0 0 1 0 0 0 1 3623.dat
1 0 1380 -104 760 1 0 0 0 1 0 0 0 1 3022.dat
1 72 1390 -104 90 1 0 0 0 1 0 0 0 1 3024.dat
1 0 1390 -104 140 0 0 1 0 1 0 -1 0 0 3023.dat
1 0 1400 -104 210 1 0 0 0 1 0 0 0 1 3023.dat
1 0 1390 -104 250 1 0 0 0 1 0 0 0 1 3024.dat
1 0 1390 -104 400 0 0 1 0 1 0 -1 0 0 60479.dat
1 0 1390 -104 580 0 0 1 0 1 0 -1 0 0 3666.dat
1 0 1390 -104 680 0 0 1 0 1 0 -1 0 0 3023.dat
1 0 1390 -104 800 0 0 1 0 1 0 -1 0 0 3023.dat
1 0 10 -112 100 0 0 1 0 1 0 -1 0 0 3023.dat
1 0 20 -112 320 0 0 1 0 1 0 -1 0 0 4282.dat
1 0 40 -112 600 0 0 1 0 1 0 -1 0 0 3029.dat
1 0 40 -112 730 1 0 0 0 1 0 0 0 1 3710.dat
1 0 20 -112 750 1 0 0 0 1 0 0 0 1 3023.dat
1 0 120 -112 810 1 0 0 0 1 0 0 0 1 60479.dat
1 72 30 -112 830 1 0 0 0 1 0 0 0 1 3623.dat
1 72 40 -112 90 1 0 0 0 1 0 0 0 1 3023.dat
1 0 120 -112 110 1 0 0 0 1 0 0 0 1 4477.dat
1 0 30 -112 140 0 0 1 0 1 0 -1 0 0 3023.dat
1 0 30 -112 780 0 0 1 0 1 0 -1 0 0 3023.dat
1 0 60 -112 300 0 0 1 0 1 0 -1 0 0 2445.dat
1 0 60 -112 450 0 0 1 0 1 0 -1 0 0 3021.dat
1 0 80 -112 90 1 0 0 0 1 0 0 0 1 3023.dat
1 0 70 -112 150 0 0 1 0 1 0 -1 0 0 3623.dat
1 0 70 -112 770 0 0 1 0 1 0 -1 0 0 3623.dat
1 0 80 -112 830 1 0 0 0 1 0 0 0 1 3023.dat
1 72 110 -112 90 1 0 0 0 1 0 0 0 1 3024.dat
1 72 110 -112 830 1 0 0 0 1 0 0 0 1 3024.dat
1 0 140 -112 90 1 0 0 0 1 0 0 0 1 3023.dat
1 0 140 -112 830 1 0 0 0 1 0 0 0 1 3023.dat
1 72 180 -112 90 1 0 0 0 1 0 0 0 1 3023.dat
1 72 180 -112 830 1 0 0 0 1 0 0 0 1 3023.dat
1 0 210 -112 90 1 0 0 0 1 0 0 0 1 3024.dat
1 0 220 -112 830 1 0 0 0 1 0 0 0 1 3023.dat
1 0 230 -112 220 0 0 1 0 1 0 -1 0 0 60479.dat
1 484 300 -112 350 1 0 0 0 1 0 0 0 1 3460.dat
1 0 230 -112 480 0 0 1 0 1 0 -1 0 0 60479.dat
1 0 230 -112 620 0 0 1 0 1 0 -1 0 0 3023.dat
1 484 300 -112 650 1 0 0 0 1 0 0 0 1 3460.dat
1 0 230 -112 720 0 0 1 0 1 0 -1 0 0 3666.dat
1 0 230 -112 790 1 0 0 0 1 0 0 0 1 3024.dat
1 72 270 -112 1000 0 0 1 0 1 0 -1 0 0 60479.dat
1 72 270 -112 1200 0 0 1 0 1 0 -1 0 0 3460.dat
1 72 280 -112 1290 1 0 0 0 1 0 0 0 1 3023.dat
1 72 290 -112 880 0 0 1 0 1 0 -1 0 0 3023.dat
1 72 360 -112 1200 1 0 0 0 1 0 0 0 1 3034.dat
1 72 290 -112 1340 0 0 1 0 1 0 -1 0 0 3710.dat
1 72 340 -112 1390 1 0 0 0 1 0 0 0 1 3666.dat
1 72 290 -112 1450 0 0 1 0 1 0 -1 0 0 3623.dat
1 72 300 -112 1640 0 0 1 0 1 0 -1 0 0 3020.dat
1 72 420 -112 840 1 0 0 0 1 0 0 0 1 2445.dat
1 72 320 -112 1410 1 0 0 0 1 0 0 0 1 3023.dat
1 72 310 -112 1430 1 0 0 0 1 0 0 0 1 3024.dat
1 72 310 -112 1480 0 0 1 0 1 0 -1 0 0 3023.dat
1 484 310 -112 1540 0 0 1 0 1 0 -1 0 0 3710.dat
1 72 340 -112 1590 1 0 0 0 1 0 0 0 1 3710.dat
1 72 360 -112 1490 1 0 0 0 1 0 0 0 1 3710.dat
1 484 350 -112 1570 1 0 0 0 1 0 0 0 1 3623.dat
1 72 360 -112 1610 1 0 0 0 1 0 0 0 1 3710.dat
1 72 350 -112 1680 1 0 0 0 1 0 0 0 1 3021.dat
1 71 350 -112 1780 1 0 0 0 1 0 0 0 1 3021.dat
1 484 380 -112 480 0 0 1 0 1 0 -1 0 0 2445.dat
1 484 380 -112 620 1 0 0 0 1 0 0 0 1 3022.dat
1 72 380 -112 1410 1 0 0 0 1 0 0 0 1 3023.dat
1 484 370 -112 1540 0 0 1 0 1 0 -1 0 0 3023.dat
1 72 380 -112 1630 1 0 0 0 1 0 0 0 1 3023.dat
1 72 400 -112 1370 1 0 0 0 1 0 0 0 1 3023.dat
1 72 390 -112 1450 0 0 1 0 1 0 -1 0 0 3623.dat
1 484 390 -112 1510 1 0 0 0 1 0 0 0 1 3024.dat
1 72 390 -112 1590 1 0 0 0 1 0 0 0 1 3024.dat
1 72 390 -112 1660 0 0 1 0 1 0 -1 0 0 3023.dat
1 484 410 -112 480 0 0 1 0 1 0 -1 0 0 60479.dat
1 484 410 -112 610 1 0 0 0 1 0 0 0 1 3024.dat
1 72 410 -112 1300 0 0 1 0 1 0 -1 0 0 3666.dat
1 72 440 -112 1150 1 0 0 0 1 0 0 0 1 3023.dat
1 72 430 -112 1170 1 0 0 0 1 0 0 0 1 3024.dat
1 72 430 -112 1240 0 0 1 0 1 0 -1 0 0 3023.dat
1 72 460 -112 1110 1 0 0 0 1 0 0 0 1 3023.dat
1 72 450 -112 1130 1 0 0 0 1 0 0 0 1 3024.dat
1 72 470 -112 1070 0 0 1 0 1 0 -1 0 0 3623.dat
1 72 490 -112 1020 0 0 1 0 1 0 -1 0 0 3710.dat
1 0 500 -112 1070 1 0 0 0 1 0 0 0 1 3023.dat
1 0 490 -112 1090 1 0 0 0 1 0 0 0 1 3024.dat
1 72 520 -112 980 1 0 0 0 1 0 0 0 1 3022.dat
1 72 510 -112 1010 1 0 0 0 1 0 0 0 1 3024.dat
1 0 510 -112 1040 0 0 1 0 1 0 -1 0 0 3023.dat
1 72 530 -112 930 0 0 1 0 1 0 -1 0 0 3623.dat
1 71 640 -112 1010 1 0 0 0 1 0 0 0 1 60479.dat
1 72 560 -112 850 0 0 1 0 1 0 -1 0 0 3021.dat
1 72 550 -112 900 0 0 1 0 1 0 -1 0 0 3023.dat
1 0 550 -112 980 0 0 1 0 1 0 -1 0 0 3023.dat
1 0 560 -112 1070 1 0 0 0 1 0 0 0 1 3023.dat
1 0 550 -112 1090 1 0 0 0 1 0 0 0 1 3024.dat
1 72 580 -112 990 1 0 0 0 1 0 0 0 1 3023.dat
1 0 570 -112 1040 0 0 1 0 1 0 -1 0 0 3023.dat
1 0 610 -112 980 0 0 1 0 1 0 -1 0 0 3023.dat
1 0 630 -112 1070 1 0 0 0 1 0 0 0 1 3623.dat
1 0 610 -112 1090 1 0 0 0 1 0 0 0 1 3024.dat
1 72 700 -112 990 1 0 0 0 1 0 0 0 1 3460.dat
1 0 630 -112 1040 0 0 1 0 1 0 -1 0 0 3023.dat
1 0 650 -112 970 1 0 0 0 1 0 0 0 1 3024.dat
1 0 650 -112 1090 1 0 0 0 1 0 0 0 1 3024.dat
1 0 700 -112 1050 0 0 1 0 1 0 -1 0 0 3021.dat
1 0 750 -112 970 1 0 0 0 1 0 0 0 1 3024.dat
1 0 760 -112 1070 1 0 0 0 1 0 0 0 1 3023.dat
1 0 750 -112 1090 1 0 0 0 1 0 0 0 1 3024.dat
1 71 820 -112 1010 1 0 0 0 1 0 0 0 1 3666.dat
1 0 770 -112 1040 0 0 1 0 1 0 -1 0 0 3023.dat
1 72 790 -112 990 1 0 0 0 1 0 0 0 1 3024.dat
1 0 810 -112 980 0 0 1 0 1 0 -1 0 0 3023.dat
1 0 830 -112 1070 1 0 0 0 1 0 0 0 1 3623.dat
1 0 810 -112 1090 1 0 0 0 1 0 0 0 1 3024.dat
1 72 940 -112 840 1 0 0 0 1 0 0 0 1 2445.dat
1 72 830 -112 990 1 0 0 0 1 0 0 0 1 3024.dat
1 0 830 -112 1040 0 0 1 0 1 0 -1 0 0 3023.dat
1 72 850 -112 890 0 0 1 0 1 0 -1 0 0 3623.dat
1 0 850 -112 980 0 0 1 0 1 0 -1 0 0 3023.dat
1 0 850 -112 1090 1 0 0 0 1 0 0 0 1 3024.dat
1 72 870 -112 930 0 0 1 0 1 0 -1 0 0 3623.dat
1 72 890 -112 990 1 0 0 0 1 0 0 0 1 3623.dat
1 72 890 -112 970 1 0 0 0 1 0 0 0 1 3024.dat
1 71 890 -112 1010 1 0 0 0 1 0 0 0 1 3024.dat
1 0 890 -112 1050 0 0 1 0 1 0 -1 0 0 3623.dat
1 72 910 -112 1030 0 0 1 0 1 0 -1 0 0 3623.dat
1 0 910 -112 1080 0 0 1 0 1 0 -1 0 0 3023.dat
1 72 930 -112 1070 0 0 1 0 1 0 -1 0 0 3623.dat
1 72 950 -112 1120 0 0 1 0 1 0 -1 0 0 3710.dat
1 72 970 -112 1200 0 0 1 0 1 0 -1 0 0 3666.dat
1 484 1000 -112 480 0 0 1 0 1 0 -1 0 0 2445.dat
1 484 1010 -112 610 1 0 0 0 1 0 0 0 1 3623.dat
1 72 1060 -112 1200 1 0 0 0 1 0 0 0 1 3034.dat
1 72 990 -112 1300 0 0 1 0 1 0 -1 0 0 3666.dat
1 484 1020 -112 630 1 0 0 0 1 0 0 0 1 3023.dat
1 72 1010 -112 1400 0 0 1 0 1 0 -1 0 0 3666.dat
1 72 1020 -112 1470 1 0 0 0 1 0 0 0 1 3023.dat
1 484 1010 -112 1490 1 0 0 0 1 0 0 0 1 3024.dat
1 72 1040 -112 1600 1 0 0 0 1 0 0 0 1 3020.dat
1 72 1020 -112 1640 1 0 0 0 1 0 0 0 1 3022.dat
1 484 1030 -112 460 0 0 1 0 1 0 -1 0 0 60479.dat
1 484 1030 -112 590 1 0 0 0 1 0 0 0 1 3024.dat
1 484 1100 -112 650 1 0 0 0 1 0 0 0 1 3460.dat
1 72 1060 -112 1390 1 0 0 0 1 0 0 0 1 3710.dat
1 72 1030 -112 1410 1 0 0 0 1 0 0 0 1 3024.dat
1 72 1060 -112 1490 1 0 0 0 1 0 0 0 1 3710.dat
1 484 1030 -112 1540 0 0 1 0 1 0 -1 0 0 3710.dat
1 72 1050 -112 1680 1 0 0 0 1 0 0 0 1 3021.dat
1 484 1100 -112 350 1 0 0 0 1 0 0 0 1 3666.dat
1 484 1070 -112 1570 1 0 0 0 1 0 0 0 1 3623.dat
1 71 1060 -112 1780 1 0 0 0 1 0 0 0 1 3022.dat
1 72 1080 -112 840 1 0 0 0 1 0 0 0 1 3022.dat
1 72 1090 -112 1410 1 0 0 0 1 0 0 0 1 3623.dat
1 72 1100 -112 1470 1 0 0 0 1 0 0 0 1 3023.dat
1 484 1090 -112 1530 0 0 1 0 1 0 -1 0 0 3623.dat
1 72 1090 -112 1620 0 0 1 0 1 0 -1 0 0 3710.dat
1 72 1100 -112 1670 1 0 0 0 1 0 0 0 1 3023.dat
1 72 1110 -112 870 0 0 1 0 1 0 -1 0 0 3623.dat
1 72 1110 -112 1340 0 0 1 0 1 0 -1 0 0 3710.dat
1 72 1110 -112 1390 1 0 0 0 1 0 0 0 1 3024.dat
1 72 1110 -112 1440 0 0 1 0 1 0 -1 0 0 3023.dat
1 72 1110 -112 1630 0 0 1 0 1 0 -1 0 0 3623.dat
1 72 1130 -112 1000 0 0 1 0 1 0 -1 0 0 60479.dat
1 72 1130 -112 1150 0 0 1 0 1 0 -1 0 0 3623.dat
1 72 1130 -112 1260 0 0 1 0 1 0 -1 0 0 3710.dat
1 72 1130 -112 1310 1 0 0 0 1 0 0 0 1 3024.dat
1 0 1280 -112 110 1 0 0 0 1 0 0 0 1 60479.dat
1 0 1170 -112 220 0 0 1 0 1 0 -1 0 0 4477.dat
1 0 1170 -112 330 1 0 0 0 1 0 0 0 1 3024.dat
1 484 1170 -112 350 1 0 0 0 1 0 0 0 1 3024.dat
1 0 1170 -112 480 0 0 1 0 1 0 -1 0 0 60479.dat
1 0 1170 -112 620 0 0 1 0 1 0 -1 0 0 3023.dat
1 0 1170 -112 740 0 0 1 0 1 0 -1 0 0 3460.dat
1 0 1180 -112 830 1 0 0 0 1 0 0 0 1 3023.dat
1 0 1190 -112 90 1 0 0 0 1 0 0 0 1 3024.dat
1 0 1280 -112 810 1 0 0 0 1 0 0 0 1 4477.dat
1 72 1220 -112 90 1 0 0 0 1 0 0 0 1 3023.dat
1 72 1220 -112 830 1 0 0 0 1 0 0 0 1 3023.dat
1 0 1260 -112 90 1 0 0 0 1 0 0 0 1 3023.dat
1 0 1260 -112 830 1 0 0 0 1 0 0 0 1 3023.dat
1 72 1290 -112 90 1 0 0 0 1 0 0 0 1 3024.dat
1 72 1290 -112 830 1 0 0 0 1 0 0 0 1 3024.dat
1 0 1320 -112 90 1 0 0 0 1 0 0 0 1 3023.dat
1 0 1330 -112 830 1 0 0 0 1 0 0 0 1 3623.dat
1 0 1330 -112 240 0 0 1 0 1 0 -1 0 0 60479.dat
1 0 1360 -112 480 0 0 1 0 1 0 -1 0 0 3029.dat
1 0 1360 -112 660 0 0 1 0 1 0 -1 0 0 3032.dat
1 0 1360 -112 730 1 0 0 0 1 0 0 0 1 3710.dat
1 0 1330 -112 770 0 0 1 0 1 0 -1 0 0 3623.dat
1 72 1360 -112 90 1 0 0 0 1 0 0 0 1 3023.dat
1 0 1360 -112 260 0 0 1 0 1 0 -1 0 0 3034.dat
1 0 1370 -112 350 1 0 0 0 1 0 0 0 1 3623.dat
1 0 1380 -112 170 1 0 0 0 1 0 0 0 1 3023.dat
1 0 1380 -112 760 1 0 0 0 1 0 0 0 1 3022.dat
1 72 1380 -112 830 1 0 0 0 1 0 0 0 1 3023.dat
1 0 1390 -112 90 1 0 0 0 1 0 0 0 1 3024.dat
1 0 1390 -112 140 0 0 1 0 1 0 -1 0 0 3023.dat
1 0 1390 -112 260 0 0 1 0 1 0 -1 0 0 3460.dat
1 0 1390 -112 800 0 0 1 0 1 0 -1 0 0 3023.dat
1 0 1410 -112 210 0 0 1 0 1 0 -1 0 0 3623.dat
1 0 1410 -112 720 0 0 1 0 1 0 -1 0 0 3023.dat
1 0 100 -120 100 1 0 0 0 1 0 0 0 1 3832.dat
1 0 20 -120 200 0 0 1 0 1 0 -1 0 0 3020.dat
1 0 10 -120 380 0 0 1 0 1 0 -1 0 0 60479.dat
1 0 10 -120 580 0 0 1 0 1 0 -1 0 0 3460.dat
1 0 20 -120 730 0 0 1 0 1 0 -1 0 0 3021.dat
1 0 120 -120 820 1 0 0 0 1 0 0 0 1 2445.dat
1 0 30 -120 140 0 0 1 0 1 0 -1 0 0 3023.dat
1 0 30 -120 260 0 0 1 0 1 0 -1 0 0 3023.dat
1 0 50 -120 650 1 0 0 0 1 0 0 0 1 3623.dat
1 0 30 -120 680 0 0 1 0 1 0 -1 0 0 3023.dat
1 0 30 -120 780 0 0 1 0 1 0 -1 0 0 3023.dat
1 0 60 -120 270 1 0 0 0 1 0 0 0 1 3023.dat
1 0 70 -120 180 0 0 1 0 1 0 -1 0 0 3666.dat
1 0 70 -120 250 1 0 0 0 1 0 0 0 1 3024.dat
1 0 70 -120 400 0 0 1 0 1 0 -1 0 0 60479.dat
1 0 70 -120 580 0 0 1 0 1 0 -1 0 0 3666.dat
1 0 70 -120 720 0 0 1 0 1 0 -1 0 0 3666.dat
1 0 70 -120 790 1 0 0 0 1 0 0 0 1 3024.dat
1 0 210 -120 100 0 0 1 0 1 0 -1 0 0 3023.dat
1 0 230 -120 220 0 0 1 0 1 0 -1 0 0 60479.dat
1 484 300 -120 350 1 0 0 0 1 0 0 0 1 3460.dat
1 484 230 -120 390 0 0 1 0 1 0 -1 0 0 3623.dat
1 0 230 -120 460 0 0 1 0 1 0 -1 0 0 3710.dat
1 484 230 -120 580 0 0 1 0 1 0 -1 0 0 3460.dat
1 0 230 -120 720 0 0 1 0 1 0 -1 0 0 3666.dat
1 0 230 -120 790 1 0 0 0 1 0 0 0 1 3024.dat
1 484 300 -120 650 1 0 0 0 1 0 0 0 1 3666.dat
1 72 270 -120 1000 0 0 1 0 1 0 -1 0 0 60479.dat
1 72 270 -120 1200 0 0 1 0 1 0 -1 0 0 3460.dat
1 72 270 -120 1290 1 0 0 0 1 0 0 0 1 3024.dat
1 72 290 -120 870 0 0 1 0 1 0 -1 0 0 3623.dat
1 72 360 -120 1200 1 0 0 0 1 0 0 0 1 3034.dat
1 72 290 -120 1340 0 0 1 0 1 0 -1 0 0 3710.dat
1 72 340 -120 1390 1 0 0 0 1 0 0 0 1 3666.dat
1 72 290 -120 1450 0 0 1 0 1 0 -1 0 0 3623.dat
1 72 320 -120 1640 1 0 0 0 1 0 0 0 1 3031.dat
1 72 360 -120 820 1 0 0 0 1 0 0 0 1 3795.dat
1 72 310 -120 850 1 0 0 0 1 0 0 0 1 3024.dat
1 72 320 -120 1410 1 0 0 0 1 0 0 0 1 3023.dat
1 72 310 -120 1430 1 0 0 0 1 0 0 0 1 3024.dat
1 72 310 -120 1480 0 0 1 0 1 0 -1 0 0 3023.dat
1 484 310 -120 1540 0 0 1 0 1 0 -1 0 0 3710.dat
1 72 340 -120 1590 1 0 0 0 1 0 0 0 1 3710.dat
1 72 360 -120 1490 1 0 0 0 1 0 0 0 1 3710.dat
1 484 350 -120 1540 1 0 0 0 1 0 0 0 1 3021.dat
1 72 350 -120 1690 1 0 0 0 1 0 0 0 1 3623.dat
1 484 390 -120 370 1 0 0 0 1 0 0 0 1 3623.dat
1 484 380 -120 630 1 0 0 0 1 0 0 0 1 3023.dat
1 484 370 -120 650 1 0 0 0 1 0 0 0 1 3024.dat
1 72 380 -120 1410 1 0 0 0 1 0 0 0 1 3023.dat
1 484 370 -120 1570 1 0 0 0 1 0 0 0 1 3024.dat
1 72 370 -120 1640 0 0 1 0 1 0 -1 0 0 3710.dat
1 484 410 -120 610 1 0 0 0 1 0 0 0 1 3623.dat
1 72 400 -120 1370 1 0 0 0 1 0 0 0 1 3023.dat
1 72 390 -120 1450 0 0 1 0 1 0 -1 0 0 3623.dat
1 484 390 -120 1510 1 0 0 0 1 0 0 0 1 3024.dat
1 72 390 -120 1650 0 0 1 0 1 0 -1 0 0 3623.dat
1 484 420 -120 480 0 0 1 0 1 0 -1 0 0 3832.dat
1 484 430 -120 590 1 0 0 0 1 0 0 0 1 3623.dat
1 72 410 -120 1300 0 0 1 0 1 0 -1 0 0 3710.dat
1 72 410 -120 1350 1 0 0 0 1 0 0 0 1 3024.dat
1 72 500 -120 830 1 0 0 0 1 0 0 0 1 3460.dat
1 72 440 -120 1150 1 0 0 0 1 0 0 0 1 3023.dat
1 72 430 -120 1170 1 0 0 0 1 0 0 0 1 3024.dat
1 72 430 -120 1240 0 0 1 0 1 0 -1 0 0 3023.dat
1 484 450 -120 480 0 0 1 0 1 0 -1 0 0 3460.dat
1 484 450 -120 570 1 0 0 0 1 0 0 0 1 3024.dat
1 72 460 -120 810 1 0 0 0 1 0 0 0 1 3023.dat
1 72 460 -120 1110 1 0 0 0 1 0 0 0 1 3023.dat
1 72 450 -120 1130 1 0 0 0 1 0 0 0 1 3024.dat
1 72 470 -120 1070 0 0 1 0 1 0 -1 0 0 3623.dat
1 72 600 -120 970 1 0 0 0 1 0 0 0 1 60479.dat
1 72 490 -120 1030 0 0 1 0 1 0 -1 0 0 3623.dat
1 72 530 -120 810 1 0 0 0 1 0 0 0 1 3623.dat
1 72 510 -120 1000 0 0 1 0 1 0 -1 0 0 3023.dat
1 0 510 -120 1050 0 0 1 0 1 0 -1 0 0 3623.dat
1 72 530 -120 930 0 0 1 0 1 0 -1 0 0 3623.dat
1 72 550 -120 890 0 0 1 0 1 0 -1 0 0 3623.dat
1 0 550 -120 1000 0 0 1 0 1 0 -1 0 0 3023.dat
1 72 570 -120 860 0 0 1 0 1 0 -1 0 0 3023.dat
1 0 570 -120 1050 0 0 1 0 1 0 -1 0 0 3623.dat
1 72 590 -120 830 1 0 0 0 1 0 0 0 1 3024.dat
1 0 610 -120 1000 0 0 1 0 1 0 -1 0 0 3023.dat
1 0 630 -120 1050 0 0 1 0 1 0 -1 0 0 3623.dat
1 0 650 -120 1000 0 0 1 0 1 0 -1 0 0 3023.dat
1 0 700 -120 1050 0 0 1 0 1 0 -1 0 0 3021.dat
1 72 780 -120 970 1 0 0 0 1 0 0 0 1 3666.dat
1 0 750 -120 1000 0 0 1 0 1 0 -1 0 0 3023.dat
1 0 770 -120 1050 0 0 1 0 1 0 -1 0 0 3623.dat
1 0 810 -120 1000 0 0 1 0 1 0 -1 0 0 3023.dat
1 72 940 -120 830 1 0 0 0 1 0 0 0 1 60479.dat
1 72 830 -120 850 1 0 0 0 1 0 0 0 1 3024.dat
1 0 830 -120 1050 0 0 1 0 1 0 -1 0 0 3623.dat
1 72 860 -120 810 1 0 0 0 1 0 0 0 1 3023.dat
1 72 850 -120 890 0 0 1 0 1 0 -1 0 0 3623.dat
1 0 850 -120 990 0 0 1 0 1 0 -1 0 0 3623.dat
1 72 870 -120 940 0 0 1 0 1 0 -1 0 0 3710.dat
1 72 890 -120 990 0 0 1 0 1 0 -1 0 0 3623.dat
1 0 890 -120 1050 0 0 1 0 1 0 -1 0 0 3623.dat
1 72 920 -120 810 1 0 0 0 1 0 0 0 1 3023.dat
1 72 910 -120 970 1 0 0 0 1 0 0 0 1 3024.dat
1 72 910 -120 1030 0 0 1 0 1 0 -1 0 0 3623.dat
1 72 930 -120 1070 0 0 1 0 1 0 -1 0 0 3623.dat
1 72 950 -120 1120 0 0 1 0 1 0 -1 0 0 3710.dat
1 484 980 -120 480 0 0 1 0 1 0 -1 0 0 3832.dat
1 484 980 -120 590 1 0 0 0 1 0 0 0 1 3023.dat
1 72 1020 -120 810 1 0 0 0 1 0 0 0 1 3666.dat
1 72 970 -120 1200 0 0 1 0 1 0 -1 0 0 3666.dat
1 484 1010 -120 370 1 0 0 0 1 0 0 0 1 3623.dat
1 484 1000 -120 610 1 0 0 0 1 0 0 0 1 3023.dat
1 72 1060 -120 1200 1 0 0 0 1 0 0 0 1 3034.dat
1 72 990 -120 1300 0 0 1 0 1 0 -1 0 0 3666.dat
1 484 1020 -120 630 1 0 0 0 1 0 0 0 1 3023.dat
1 72 1010 -120 1400 0 0 1 0 1 0 -1 0 0 3666.dat
1 72 1020 -120 1470 1 0 0 0 1 0 0 0 1 3023.dat
1 484 1010 -120 1490 1 0 0 0 1 0 0 0 1 3024.dat
1 72 1060 -120 1640 1 0 0 0 1 0 0 0 1 3795.dat
1 484 1100 -120 350 1 0 0 0 1 0 0 0 1 3460.dat
1 484 1100 -120 650 1 0 0 0 1 0 0 0 1 3460.dat
1 72 1060 -120 1390 1 0 0 0 1 0 0 0 1 3710.dat
1 72 1030 -120 1410 1 0 0 0 1 0 0 0 1 3024.dat
1 72 1060 -120 1490 1 0 0 0 1 0 0 0 1 3710.dat
1 484 1030 -120 1540 0 0 1 0 1 0 -1 0 0 3710.dat
1 72 1060 -120 1600 1 0 0 0 1 0 0 0 1 3020.dat
1 72 1050 -120 1680 1 0 0 0 1 0 0 0 1 3021.dat
1 484 1070 -120 1540 1 0 0 0 1 0 0 0 1 3021.dat
1 72 1080 -120 830 1 0 0 0 1 0 0 0 1 3023.dat
1 72 1090 -120 1410 1 0 0 0 1 0 0 0 1 3623.dat
1 72 1090 -120 810 1 0 0 0 1 0 0 0 1 3024.dat
1 72 1100 -120 850 1 0 0 0 1 0 0 0 1 3023.dat
1 72 1100 -120 1470 1 0 0 0 1 0 0 0 1 3023.dat
1 484 1090 -120 1510 1 0 0 0 1 0 0 0 1 3024.dat
1 484 1090 -120 1570 1 0 0 0 1 0 0 0 1 3024.dat
1 72 1100 -120 1670 1 0 0 0 1 0 0 0 1 3023.dat
1 72 1110 -120 880 0 0 1 0 1 0 -1 0 0 3023.dat
1 72 1110 -120 1340 0 0 1 0 1 0 -1 0 0 3710.dat
1 72 1110 -120 1390 1 0 0 0 1 0 0 0 1 3024.dat
1 72 1110 -120 1440 0 0 1 0 1 0 -1 0 0 3023.dat
1 72 1110 -120 1610 1 0 0 0 1 0 0 0 1 3024.dat
1 72 1130 -120 1000 0 0 1 0 1 0 -1 0 0 60479.dat
1 72 1130 -120 1150 0 0 1 0 1 0 -1 0 0 3623.dat
1 72 1130 -120 1260 0 0 1 0 1 0 -1 0 0 3710.dat
1 72 1130 -120 1310 1 0 0 0 1 0 0 0 1 3024.dat
1 0 1280 -120 110 1 0 0 0 1 0 0 0 1 60479.dat
1 0 1170 -120 220 0 0 1 0 1 0 -1 0 0 4477.dat
1 0 1170 -120 330 1 0 0 0 1 0 0 0 1 3024.dat
1 484 1170 -120 390 0 0 1 0 1 0 -1 0 0 3623.dat
1 0 1170 -120 460 0 0 1 0 1 0 -1 0 0 3710.dat
1 484 1170 -120 560 0 0 1 0 1 0 -1 0 0 3666.dat
1 484 1170 -120 630 1 0 0 0 1 0 0 0 1 3024.dat
1 0 1170 -120 740 0 0 1 0 1 0 -1 0 0 3460.dat
1 0 1280 -120 830 1 0 0 0 1 0 0 0 1 60479.dat
1 0 1280 -120 90 1 0 0 0 1 0 0 0 1 4477.dat
1 0 1280 -120 810 1 0 0 0 1 0 0 0 1 4477.dat
1 0 1330 -120 240 0 0 1 0 1 0 -1 0 0 60479.dat
1 0 1330 -120 480 0 0 1 0 1 0 -1 0 0 60479.dat
1 0 1330 -120 700 0 0 1 0 1 0 -1 0 0 4477.dat
1 0 1370 -120 270 1 0 0 0 1 0 0 0 1 3623.dat
1 0 1370 -120 650 1 0 0 0 1 0 0 0 1 3623.dat
1 0 1380 -120 170 1 0 0 0 1 0 0 0 1 3023.dat
1 0 1390 -120 230 1 0 0 0 1 0 0 0 1 3623.dat
1 0 1390 -120 710 1 0 0 0 1 0 0 0 1 3623.dat
1 0 1380 -120 760 1 0 0 0 1 0 0 0 1 3022.dat
1 0 1390 -120 90 1 0 0 0 1 0 0 0 1 3024.dat
1 0 1390 -120 140 0 0 1 0 1 0 -1 0 0 3023.dat
1 0 1400 -120 200 1 0 0 0 1 0 0 0 1 3022.dat
1 0 1390 -120 250 1 0 0 0 1 0 0 0 1 3024.dat
1 0 1390 -120 400 0 0 1 0 1 0 -1 0 0 60479.dat
1 0 1390 -120 580 0 0 1 0 1 0 -1 0 0 3666.dat
1 0 1390 -120 680 0 0 1 0 1 0 -1 0 0 3023.dat
1 0 1400 -120 730 1 0 0 0 1 0 0 0 1 3023.dat
1 0 1390 -120 800 0 0 1 0 1 0 -1 0 0 3023.dat
1 72 100 -128 90 1 0 0 0 1 0 0 0 1 4477.dat
1 72 10 -128 110 1 0 0 0 1 0 0 0 1 3024.dat
1 0 20 -128 200 0 0 1 0 1 0 -1 0 0 3020.dat
1 0 10 -128 380 0 0 1 0 1 0 -1 0 0 60479.dat
1 0 10 -128 580 0 0 1 0 1 0 -1 0 0 3460.dat
1 0 20 -128 730 0 0 1 0 1 0 -1 0 0 3021.dat
1 0 120 -128 810 1 0 0 0 1 0 0 0 1 60479.dat
1 0 20 -128 830 1 0 0 0 1 0 0 0 1 3023.dat
1 0 120 -128 110 1 0 0 0 1 0 0 0 1 4477.dat
1 0 30 -128 140 0 0 1 0 1 0 -1 0 0 3023.dat
1 0 30 -128 260 0 0 1 0 1 0 -1 0 0 3023.dat
1 0 50 -128 650 1 0 0 0 1 0 0 0 1 3623.dat
1 0 30 -128 680 0 0 1 0 1 0 -1 0 0 3023.dat
1 0 30 -128 780 0 0 1 0 1 0 -1 0 0 3023.dat
1 0 60 -128 270 1 0 0 0 1 0 0 0 1 3023.dat
1 72 50 -128 830 1 0 0 0 1 0 0 0 1 3024.dat
1 0 70 -128 180 0 0 1 0 1 0 -1 0 0 3666.dat
1 0 70 -128 250 1 0 0 0 1 0 0 0 1 3024.dat
1 0 70 -128 400 0 0 1 0 1 0 -1 0 0 60479.dat
1 0 70 -128 580 0 0 1 0 1 0 -1 0 0 3666.dat
1 0 70 -128 720 0 0 1 0 1 0 -1 0 0 3666.dat
1 0 70 -128 790 1 0 0 0 1 0 0 0 1 3024.dat
1 0 80 -128 830 1 0 0 0 1 0 0 0 1 3023.dat
1 72 110 -128 830 1 0 0 0 1 0 0 0 1 3024.dat
1 0 140 -128 830 1 0 0 0 1 0 0 0 1 3023.dat
1 72 180 -128 830 1 0 0 0 1 0 0 0 1 3023.dat
1 72 210 -128 90 1 0 0 0 1 0 0 0 1 3024.dat
1 0 220 -128 830 1 0 0 0 1 0 0 0 1 3023.dat
1 0 230 -128 220 0 0 1 0 1 0 -1 0 0 60479.dat
1 484 300 -128 350 1 0 0 0 1 0 0 0 1 3460.dat
1 0 230 -128 480 0 0 1 0 1 0 -1 0 0 60479.dat
1 0 230 -128 620 0 0 1 0 1 0 -1 0 0 3023.dat
1 484 300 -128 650 1 0 0 0 1 0 0 0 1 3460.dat
1 0 230 -128 720 0 0 1 0 1 0 -1 0 0 3666.dat
1 0 230 -128 790 1 0 0 0 1 0 0 0 1 3024.dat
1 72 270 -128 1000 0 0 1 0 1 0 -1 0 0 60479.dat
1 72 270 -128 1220 0 0 1 0 1 0 -1 0 0 4477.dat
1 72 290 -128 870 0 0 1 0 1 0 -1 0 0 3623.dat
1 72 360 -128 1200 1 0 0 0 1 0 0 0 1 3034.dat
1 72 290 -128 1340 0 0 1 0 1 0 -1 0 0 3710.dat
1 72 340 -128 1390 1 0 0 0 1 0 0 0 1 3666.dat
1 72 290 -128 1450 0 0 1 0 1 0 -1 0 0 3623.dat
1 72 420 -128 810 1 0 0 0 1 0 0 0 1 60479.dat
1 72 310 -128 840 0 0 1 0 1 0 -1 0 0 3023.dat
1 72 320 -128 1410 1 0 0 0 1 0 0 0 1 3023.dat
1 72 310 -128 1430 1 0 0 0 1 0 0 0 1 3024.dat
1 72 310 -128 1480 0 0 1 0 1 0 -1 0 0 3023.dat
1 484 340 -128 1520 1 0 0 0 1 0 0 0 1 3020.dat
1 72 350 -128 1490 1 0 0 0 1 0 0 0 1 3623.dat
1 72 350 -128 1600 1 0 0 0 1 0 0 0 1 3021.dat
1 72 350 -128 790 1 0 0 0 1 0 0 0 1 3024.dat
1 484 390 -128 370 1 0 0 0 1 0 0 0 1 3623.dat
1 484 380 -128 630 1 0 0 0 1 0 0 0 1 3023.dat
1 72 380 -128 1410 1 0 0 0 1 0 0 0 1 3023.dat
1 484 410 -128 610 1 0 0 0 1 0 0 0 1 3623.dat
1 72 400 -128 1370 1 0 0 0 1 0 0 0 1 3023.dat
1 72 390 -128 1450 0 0 1 0 1 0 -1 0 0 3623.dat
1 484 390 -128 1500 0 0 1 0 1 0 -1 0 0 3023.dat
1 484 420 -128 390 1 0 0 0 1 0 0 0 1 3023.dat
1 72 410 -128 1300 0 0 1 0 1 0 -1 0 0 3710.dat
1 72 410 -128 1350 1 0 0 0 1 0 0 0 1 3024.dat
1 484 440 -128 410 1 0 0 0 1 0 0 0 1 3023.dat
1 484 440 -128 590 1 0 0 0 1 0 0 0 1 3023.dat
1 72 440 -128 1150 1 0 0 0 1 0 0 0 1 3023.dat
1 72 430 -128 1170 1 0 0 0 1 0 0 0 1 3024.dat
1 72 430 -128 1250 0 0 1 0 1 0 -1 0 0 3623.dat
1 484 450 -128 500 0 0 1 0 1 0 -1 0 0 3460.dat
1 72 460 -128 1110 1 0 0 0 1 0 0 0 1 3023.dat
1 72 450 -128 1130 1 0 0 0 1 0 0 0 1 3024.dat
1 72 470 -128 1070 0 0 1 0 1 0 -1 0 0 3623.dat
1 72 490 -128 1030 0 0 1 0 1 0 -1 0 0 3623.dat
1 72 530 -128 940 1 0 0 0 1 0 0 0 1 3021.dat
1 72 510 -128 990 0 0 1 0 1 0 -1 0 0 3623.dat
1 72 530 -128 970 1 0 0 0 1 0 0 0 1 3024.dat
1 72 570 -128 810 1 0 0 0 1 0 0 0 1 3623.dat
1 72 550 -128 890 0 0 1 0 1 0 -1 0 0 3623.dat
1 0 550 -128 990 0 0 1 0 1 0 -1 0 0 3623.dat
1 72 570 -128 850 0 0 1 0 1 0 -1 0 0 3623.dat
1 0 570 -128 940 0 0 1 0 1 0 -1 0 0 3023.dat
1 72 600 -128 940 1 0 0 0 1 0 0 0 1 3022.dat
1 0 610 -128 990 0 0 1 0 1 0 -1 0 0 3623.dat
1 0 630 -128 930 1 0 0 0 1 0 0 0 1 3024.dat
1 72 720 -128 950 1 0 0 0 1 0 0 0 1 4477.dat
1 72 700 -128 930 1 0 0 0 1 0 0 0 1 3666.dat
1 0 650 -128 990 0 0 1 0 1 0 -1 0 0 3623.dat
1 0 750 -128 990 0 0 1 0 1 0 -1 0 0 3623.dat
1 0 770 -128 930 1 0 0 0 1 0 0 0 1 3024.dat
1 72 800 -128 930 1 0 0 0 1 0 0 0 1 3023.dat
1 72 920 -128 810 1 0 0 0 1 0 0 0 1 60479.dat
1 0 810 -128 990 0 0 1 0 1 0 -1 0 0 3623.dat
1 72 830 -128 850 0 0 1 0 1 0 -1 0 0 3623.dat
1 0 830 -128 940 0 0 1 0 1 0 -1 0 0 3023.dat
1 72 850 -128 900 0 0 1 0 1 0 -1 0 0 3710.dat
1 72 870 -128 950 1 0 0 0 1 0 0 0 1 3623.dat
1 0 850 -128 990 0 0 1 0 1 0 -1 0 0 3623.dat
1 72 870 -128 920 0 0 1 0 1 0 -1 0 0 3023.dat
1 72 890 -128 930 1 0 0 0 1 0 0 0 1 3024.dat
1 72 890 -128 990 0 0 1 0 1 0 -1 0 0 3623.dat
1 72 910 -128 1030 0 0 1 0 1 0 -1 0 0 3623.dat
1 72 930 -128 1070 0 0 1 0 1 0 -1 0 0 3623.dat
1 72 950 -128 1120 0 0 1 0 1 0 -1 0 0 3710.dat
1 484 970 -128 480 0 0 1 0 1 0 -1 0 0 4477.dat
1 484 970 -128 590 1 0 0 0 1 0 0 0 1 3024.dat
1 72 970 -128 1200 0 0 1 0 1 0 -1 0 0 3666.dat
1 484 1010 -128 370 1 0 0 0 1 0 0 0 1 3623.dat
1 484 990 -128 390 1 0 0 0 1 0 0 0 1 3024.dat
1 484 1000 -128 610 1 0 0 0 1 0 0 0 1 3023.dat
1 72 1060 -128 1200 1 0 0 0 1 0 0 0 1 3034.dat
1 72 990 -128 1300 0 0 1 0 1 0 -1 0 0 3666.dat
1 72 1000 -128 1370 1 0 0 0 1 0 0 0 1 3023.dat
1 484 1020 -128 630 1 0 0 0 1 0 0 0 1 3023.dat
1 72 1060 -128 1390 1 0 0 0 1 0 0 0 1 3666.dat
1 72 1010 -128 1440 0 0 1 0 1 0 -1 0 0 3710.dat
1 484 1010 -128 1490 1 0 0 0 1 0 0 0 1 3024.dat
1 484 1100 -128 350 1 0 0 0 1 0 0 0 1 3460.dat
1 484 1100 -128 650 1 0 0 0 1 0 0 0 1 3460.dat
1 72 1030 -128 1410 1 0 0 0 1 0 0 0 1 3024.dat
1 72 1030 -128 1480 0 0 1 0 1 0 -1 0 0 3023.dat
1 484 1060 -128 1520 1 0 0 0 1 0 0 0 1 3020.dat
1 72 1050 -128 1600 1 0 0 0 1 0 0 0 1 3021.dat
1 72 1050 -128 800 0 0 1 0 1 0 -1 0 0 3023.dat
1 72 1070 -128 1490 1 0 0 0 1 0 0 0 1 3623.dat
1 72 1080 -128 810 1 0 0 0 1 0 0 0 1 3023.dat
1 72 1090 -128 1410 1 0 0 0 1 0 0 0 1 3623.dat
1 72 1090 -128 840 0 0 1 0 1 0 -1 0 0 3023.dat
1 72 1100 -128 1470 1 0 0 0 1 0 0 0 1 3023.dat
1 72 1110 -128 870 0 0 1 0 1 0 -1 0 0 3623.dat
1 72 1110 -128 1340 0 0 1 0 1 0 -1 0 0 3710.dat
1 72 1110 -128 1440 0 0 1 0 1 0 -1 0 0 3023.dat
1 72 1130 -128 1000 0 0 1 0 1 0 -1 0 0 60479.dat
1 72 1130 -128 1150 0 0 1 0 1 0 -1 0 0 3623.dat
1 72 1130 -128 1260 0 0 1 0 1 0 -1 0 0 3710.dat
1 72 1130 -128 1310 1 0 0 0 1 0 0 0 1 3024.dat
1 72 1150 -128 1210 1 0 0 0 1 0 0 0 1 3024.dat
1 0 1280 -128 110 1 0 0 0 1 0 0 0 1 60479.dat
1 0 1170 -128 220 0 0 1 0 1 0 -1 0 0 4477.dat
1 0 1170 -128 330 1 0 0 0 1 0 0 0 1 3024.dat
1 0 1170 -128 480 0 0 1 0 1 0 -1 0 0 60479.dat
1 0 1170 -128 620 0 0 1 0 1 0 -1 0 0 3023.dat
1 0 1170 -128 740 0 0 1 0 1 0 -1 0 0 3460.dat
1 0 1180 -128 830 1 0 0 0 1 0 0 0 1 3023.dat
1 72 1280 -128 90 1 0 0 0 1 0 0 0 1 4477.dat
1 0 1280 -128 810 1 0 0 0 1 0 0 0 1 4477.dat
1 72 1220 -128 830 1 0 0 0 1 0 0 0 1 3023.dat
1 0 1260 -128 830 1 0 0 0 1 0 0 0 1 3023.dat
1 72 1290 -128 830 1 0 0 0 1 0 0 0 1 3024.dat
1 0 1320 -128 830 1 0 0 0 1 0 0 0 1 3023.dat
1 0 1330 -128 240 0 0 1 0 1 0 -1 0 0 60479.dat
1 0 1330 -128 480 0 0 1 0 1 0 -1 0 0 60479.dat
1 0 1330 -128 700 0 0 1 0 1 0 -1 0 0 4477.dat
1 0 1370 -128 270 1 0 0 0 1 0 0 0 1 3623.dat
1 0 1370 -128 650 1 0 0 0 1 0 0 0 1 3623.dat
1 72 1360 -128 830 1 0 0 0 1 0 0 0 1 3023.dat
1 0 1380 -128 170 1 0 0 0 1 0 0 0 1 3023.dat
1 0 1390 -128 230 1 0 0 0 1 0 0 0 1 3623.dat
1 0 1390 -128 710 1 0 0 0 1 0 0 0 1 3623.dat
1 0 1380 -128 760 1 0 0 0 1 0 0 0 1 3022.dat
1 72 1390 -128 90 1 0 0 0 1 0 0 0 1 3024.dat
1 0 1390 -128 140 0 0 1 0 1 0 -1 0 0 3023.dat
1 0 1400 -128 200 1 0 0 0 1 0 0 0 1 3022.dat
1 0 1390 -128 250 1 0 0 0 1 0 0 0 1 3024.dat
1 0 1390 -128 400 0 0 1 0 1 0 -1 0 0 60479.dat
1 0 1390 -128 580 0 0 1 0 1 0 -1 0 0 3666.dat
1 0 1390 -128 680 0 0 1 0 1 0 -1 0 0 3023.dat
1 0 1400 -128 730 1 0 0 0 1 0 0 0 1 3023.dat
1 0 1390 -128 810 0 0 1 0 1 0 -1 0 0 3623.dat
1 72 100 -136 90 1 0 0 0 1 0 0 0 1 4477.dat
1 0 120 -136 110 1 0 0 0 1 0 0 0 1 60479.dat
1 0 20 -136 200 0 0 1 0 1 0 -1 0 0 3020.dat
1 0 40 -136 380 0 0 1 0 1 0 -1 0 0 3029.dat
1 0 40 -136 580 0 0 1 0 1 0 -1 0 0 3035.dat
1 0 20 -136 730 0 0 1 0 1 0 -1 0 0 3021.dat
1 0 120 -136 810 1 0 0 0 1 0 0 0 1 60479.dat
1 72 100 -136 830 1 0 0 0 1 0 0 0 1 4477.dat
1 0 30 -136 140 0 0 1 0 1 0 -1 0 0 3023.dat
1 0 30 -136 250 1 0 0 0 1 0 0 0 1 3024.dat
1 0 30 -136 680 0 0 1 0 1 0 -1 0 0 3023.dat
1 0 30 -136 780 0 0 1 0 1 0 -1 0 0 3023.dat
1 0 70 -136 180 0 0 1 0 1 0 -1 0 0 3666.dat
1 0 70 -136 250 1 0 0 0 1 0 0 0 1 3024.dat
1 0 70 -136 720 0 0 1 0 1 0 -1 0 0 3666.dat
1 0 70 -136 790 1 0 0 0 1 0 0 0 1 3024.dat
1 72 210 -136 90 1 0 0 0 1 0 0 0 1 3024.dat
1 72 210 -136 830 1 0 0 0 1 0 0 0 1 3024.dat
1 0 230 -136 220 0 0 1 0 1 0 -1 0 0 4477.dat
1 0 230 -136 330 1 0 0 0 1 0 0 0 1 3024.dat
1 484 300 -136 350 1 0 0 0 1 0 0 0 1 3460.dat
1 0 230 -136 480 0 0 1 0 1 0 -1 0 0 60479.dat
1 0 230 -136 620 0 0 1 0 1 0 -1 0 0 3023.dat
1 484 300 -136 650 1 0 0 0 1 0 0 0 1 3460.dat
1 0 230 -136 720 0 0 1 0 1 0 -1 0 0 3666.dat
1 0 230 -136 790 1 0 0 0 1 0 0 0 1 3024.dat
1 72 270 -136 980 0 0 1 0 1 0 -1 0 0 60479.dat
1 72 270 -136 1200 0 0 1 0 1 0 -1 0 0 4477.dat
1 72 280 -136 1310 1 0 0 0 1 0 0 0 1 3023.dat
1 72 290 -136 870 0 0 1 0 1 0 -1 0 0 3623.dat
1 72 360 -136 1200 1 0 0 0 1 0 0 0 1 3034.dat
1 72 290 -136 1330 1 0 0 0 1 0 0 0 1 3024.dat
1 484 290 -136 1350 1 0 0 0 1 0 0 0 1 3024.dat
1 72 290 -136 1370 1 0 0 0 1 0 0 0 1 3024.dat
1 484 290 -136 1400 0 0 1 0 1 0 -1 0 0 3023.dat
1 72 340 -136 1440 1 0 0 0 1 0 0 0 1 3795.dat
1 72 340 -136 1470 1 0 0 0 1 0 0 0 1 3666.dat
1 72 310 -136 830 0 0 1 0 1 0 -1 0 0 3623.dat
1 72 340 -136 1400 1 0 0 0 1 0 0 0 1 3020.dat
1 72 340 -136 1490 1 0 0 0 1 0 0 0 1 3710.dat
1 72 440 -136 790 1 0 0 0 1 0 0 0 1 60479.dat
1 72 330 -136 810 1 0 0 0 1 0 0 0 1 3024.dat
1 484 390 -136 370 1 0 0 0 1 0 0 0 1 3623.dat
1 484 380 -136 630 1 0 0 0 1 0 0 0 1 3023.dat
1 484 410 -136 610 1 0 0 0 1 0 0 0 1 3623.dat
1 72 390 -136 1400 0 0 1 0 1 0 -1 0 0 3023.dat
1 72 390 -136 1490 1 0 0 0 1 0 0 0 1 3024.dat
1 484 420 -136 390 1 0 0 0 1 0 0 0 1 3023.dat
1 72 410 -136 1300 0 0 1 0 1 0 -1 0 0 3710.dat
1 484 410 -136 1350 1 0 0 0 1 0 0 0 1 3024.dat
1 72 410 -136 1370 1 0 0 0 1 0 0 0 1 3024.dat
1 484 440 -136 410 1 0 0 0 1 0 0 0 1 3023.dat
1 484 440 -136 590 1 0 0 0 1 0 0 0 1 3023.dat
1 72 440 -136 1150 1 0 0 0 1 0 0 0 1 3023.dat
1 72 430 -136 1170 1 0 0 0 1 0 0 0 1 3024.dat
1 72 430 -136 1250 0 0 1 0 1 0 -1 0 0 3623.dat
1 484 450 -136 500 0 0 1 0 1 0 -1 0 0 3460.dat
1 72 460 -136 810 1 0 0 0 1 0 0 0 1 3023.dat
1 72 460 -136 1110 1 0 0 0 1 0 0 0 1 3023.dat
1 72 450 -136 1130 1 0 0 0 1 0 0 0 1 3024.dat
1 72 470 -136 1070 0 0 1 0 1 0 -1 0 0 3623.dat
1 72 490 -136 1030 0 0 1 0 1 0 -1 0 0 3623.dat
1 72 530 -136 930 1 0 0 0 1 0 0 0 1 3623.dat
1 72 510 -136 990 0 0 1 0 1 0 -1 0 0 3623.dat
1 72 560 -136 810 1 0 0 0 1 0 0 0 1 3710.dat
1 72 640 -136 910 1 0 0 0 1 0 0 0 1 60479.dat
1 72 530 -136 960 0 0 1 0 1 0 -1 0 0 3023.dat
1 72 560 -136 870 1 0 0 0 1 0 0 0 1 3023.dat
1 72 550 -136 890 1 0 0 0 1 0 0 0 1 3024.dat
1 0 550 -136 990 0 0 1 0 1 0 -1 0 0 3623.dat
1 72 580 -136 790 1 0 0 0 1 0 0 0 1 3023.dat
1 72 570 -136 840 0 0 1 0 1 0 -1 0 0 3023.dat
1 0 570 -136 940 0 0 1 0 1 0 -1 0 0 3023.dat
1 72 600 -136 930 1 0 0 0 1 0 0 0 1 3023.dat
1 0 610 -136 880 0 0 1 0 1 0 -1 0 0 3023.dat
1 0 610 -136 990 0 0 1 0 1 0 -1 0 0 3623.dat
1 0 630 -136 940 0 0 1 0 1 0 -1 0 0 3023.dat
1 0 650 -136 880 0 0 1 0 1 0 -1 0 0 3023.dat
1 72 660 -136 930 1 0 0 0 1 0 0 0 1 3023.dat
1 0 650 -136 990 0 0 1 0 1 0 -1 0 0 3623.dat
1 0 700 -136 940 1 0 0 0 1 0 0 0 1 3022.dat
1 72 740 -136 930 1 0 0 0 1 0 0 0 1 3023.dat
1 0 750 -136 880 0 0 1 0 1 0 -1 0 0 3023.dat
1 0 750 -136 990 0 0 1 0 1 0 -1 0 0 3623.dat
1 72 820 -136 910 1 0 0 0 1 0 0 0 1 3666.dat
1 0 770 -136 940 0 0 1 0 1 0 -1 0 0 3023.dat
1 0 790 -136 880 0 0 1 0 1 0 -1 0 0 3023.dat
1 72 800 -136 930 1 0 0 0 1 0 0 0 1 3023.dat
1 72 920 -136 790 1 0 0 0 1 0 0 0 1 60479.dat
1 72 840 -136 810 1 0 0 0 1 0 0 0 1 3710.dat
1 0 810 -136 990 0 0 1 0 1 0 -1 0 0 3623.dat
1 72 830 -136 850 0 0 1 0 1 0 -1 0 0 3623.dat
1 0 830 -136 940 0 0 1 0 1 0 -1 0 0 3023.dat
1 72 850 -136 880 0 0 1 0 1 0 -1 0 0 3023.dat
1 72 870 -136 930 1 0 0 0 1 0 0 0 1 3623.dat
1 0 850 -136 990 0 0 1 0 1 0 -1 0 0 3623.dat
1 72 870 -136 950 1 0 0 0 1 0 0 0 1 3024.dat
1 72 890 -136 910 1 0 0 0 1 0 0 0 1 3024.dat
1 72 890 -136 990 0 0 1 0 1 0 -1 0 0 3623.dat
1 72 910 -136 1030 0 0 1 0 1 0 -1 0 0 3623.dat
1 72 930 -136 810 1 0 0 0 1 0 0 0 1 3024.dat
1 72 930 -136 1070 0 0 1 0 1 0 -1 0 0 3623.dat
1 72 950 -136 1120 0 0 1 0 1 0 -1 0 0 3710.dat
1 484 970 -136 480 0 0 1 0 1 0 -1 0 0 4477.dat
1 484 970 -136 590 1 0 0 0 1 0 0 0 1 3024.dat
1 72 970 -136 810 1 0 0 0 1 0 0 0 1 3024.dat
1 72 970 -136 1200 0 0 1 0 1 0 -1 0 0 3666.dat
1 484 1010 -136 370 1 0 0 0 1 0 0 0 1 3623.dat
1 484 990 -136 390 1 0 0 0 1 0 0 0 1 3024.dat
1 484 1000 -136 610 1 0 0 0 1 0 0 0 1 3023.dat
1 72 1060 -136 1200 1 0 0 0 1 0 0 0 1 3034.dat
1 72 990 -136 1280 0 0 1 0 1 0 -1 0 0 3710.dat
1 72 990 -136 1330 1 0 0 0 1 0 0 0 1 3024.dat
1 484 990 -136 1350 1 0 0 0 1 0 0 0 1 3024.dat
1 72 990 -136 1370 1 0 0 0 1 0 0 0 1 3024.dat
1 484 1020 -136 630 1 0 0 0 1 0 0 0 1 3023.dat
1 484 1010 -136 1370 1 0 0 0 1 0 0 0 1 3024.dat
1 72 1040 -136 1420 1 0 0 0 1 0 0 0 1 3031.dat
1 72 1060 -136 1470 1 0 0 0 1 0 0 0 1 3666.dat
1 484 1010 -136 1490 1 0 0 0 1 0 0 0 1 3024.dat
1 484 1100 -136 350 1 0 0 0 1 0 0 0 1 3460.dat
1 484 1100 -136 650 1 0 0 0 1 0 0 0 1 3460.dat
1 72 1060 -136 1490 1 0 0 0 1 0 0 0 1 3710.dat
1 72 1060 -136 790 1 0 0 0 1 0 0 0 1 3023.dat
1 72 1090 -136 830 0 0 1 0 1 0 -1 0 0 3623.dat
1 72 1090 -136 1420 0 0 1 0 1 0 -1 0 0 3710.dat
1 72 1110 -136 860 0 0 1 0 1 0 -1 0 0 3023.dat
1 72 1110 -136 1330 1 0 0 0 1 0 0 0 1 3024.dat
1 484 1110 -136 1350 1 0 0 0 1 0 0 0 1 3024.dat
1 72 1110 -136 1370 1 0 0 0 1 0 0 0 1 3024.dat
1 484 1110 -136 1400 0 0 1 0 1 0 -1 0 0 3023.dat
1 72 1110 -136 1440 0 0 1 0 1 0 -1 0 0 3023.dat
1 72 1130 -136 980 0 0 1 0 1 0 -1 0 0 60479.dat
1 72 1130 -136 1140 0 0 1 0 1 0 -1 0 0 3710.dat
1 72 1130 -136 1260 0 0 1 0 1 0 -1 0 0 3710.dat
1 72 1130 -136 1310 1 0 0 0 1 0 0 0 1 3024.dat
1 72 1150 -136 1210 1 0 0 0 1 0 0 0 1 3024.dat
1 0 1280 -136 110 1 0 0 0 1 0 0 0 1 60479.dat
1 0 1170 -136 220 0 0 1 0 1 0 -1 0 0 4477.dat
1 0 1170 -136 330 1 0 0 0 1 0 0 0 1 3024.dat
1 0 1170 -136 480 0 0 1 0 1 0 -1 0 0 60479.dat
1 0 1170 -136 620 0 0 1 0 1 0 -1 0 0 3023.dat
1 0 1170 -136 740 0 0 1 0 1 0 -1 0 0 3460.dat
1 72 1280 -136 90 1 0 0 0 1 0 0 0 1 4477.dat
1 0 1280 -136 810 1 0 0 0 1 0 0 0 1 4477.dat
1 72 1280 -136 830 1 0 0 0 1 0 0 0 1 4477.dat
1 0 1330 -136 240 0 0 1 0 1 0 -1 0 0 60479.dat
1 0 1360 -136 480 0 0 1 0 1 0 -1 0 0 3029.dat
1 0 1330 -136 700 0 0 1 0 1 0 -1 0 0 4477.dat
1 0 1360 -136 300 0 0 1 0 1 0 -1 0 0 3020.dat
1 0 1370 -136 350 1 0 0 0 1 0 0 0 1 3623.dat
1 0 1370 -136 620 1 0 0 0 1 0 0 0 1 3021.dat
1 0 1370 -136 650 1 0 0 0 1 0 0 0 1 3623.dat
1 0 1380 -136 200 0 0 1 0 1 0 -1 0 0 3020.dat
1 0 1380 -136 740 0 0 1 0 1 0 -1 0 0 3020.dat
1 72 1390 -136 90 1 0 0 0 1 0 0 0 1 3024.dat
1 0 1390 -136 140 0 0 1 0 1 0 -1 0 0 3023.dat
1 0 1390 -136 280 0 0 1 0 1 0 -1 0 0 3710.dat
1 0 1390 -136 330 1 0 0 0 1 0 0 0 1 3024.dat
1 0 1390 -136 680 0 0 1 0 1 0 -1 0 0 3023.dat
1 0 1390 -136 800 0 0 1 0 1 0 -1 0 0 3023.dat
1 72 1390 -136 830 1 0 0 0 1 0 0 0 1 3024.dat
1 0 1410 -136 210 0 0 1 0 1 0 -1 0 0 3623.dat
1 0 1410 -136 720 0 0 1 0 1 0 -1 0 0 3023.dat
1 0 120 -144 110 1 0 0 0 1 0 0 0 1 60479.dat
1 0 40 -144 360 1 0 0 0 1 0 0 0 1 3020.dat
1 0 40 -144 390 1 0 0 0 1 0 0 0 1 3710.dat
1 0 20 -144 550 0 0 1 0 1 0 -1 0 0 3021.dat
1 72 10 -144 820 0 0 1 0 1 0 -1 0 0 3023.dat
1 72 40 -144 90 1 0 0 0 1 0 0 0 1 3023.dat
1 0 30 -144 200 0 0 1 0 1 0 -1 0 0 3460.dat
1 0 30 -144 720 0 0 1 0 1 0 -1 0 0 3460.dat
1 0 30 -144 810 1 0 0 0 1 0 0 0 1 3024.dat
1 72 120 -144 830 1 0 0 0 1 0 0 0 1 4477.dat
1 0 60 -144 270 1 0 0 0 1 0 0 0 1 3023.dat
1 0 60 -144 530 1 0 0 0 1 0 0 0 1 3023.dat
1 0 60 -144 570 1 0 0 0 1 0 0 0 1 3023.dat
1 0 60 -144 650 1 0 0 0 1 0 0 0 1 3023.dat
1 72 50 -144 810 1 0 0 0 1 0 0 0 1 3024.dat
1 72 50 -144 850 1 0 0 0 1 0 0 0 1 3024.dat
1 0 70 -144 180 0 0 1 0 1 0 -1 0 0 3666.dat
1 0 70 -144 250 1 0 0 0 1 0 0 0 1 3024.dat
1 0 70 -144 310 0 0 1 0 1 0 -1 0 0 3623.dat
1 0 70 -144 460 0 0 1 0 1 0 -1 0 0 3666.dat
1 0 70 -144 550 1 0 0 0 1 0 0 0 1 3024.dat
1 0 70 -144 610 0 0 1 0 1 0 -1 0 0 3623.dat
1 0 70 -144 740 0 0 1 0 1 0 -1 0 0 3460.dat
1 72 110 -144 810 1 0 0 0 1 0 0 0 1 3623.dat
1 72 110 -144 90 1 0 0 0 1 0 0 0 1 3024.dat
1 72 110 -144 850 1 0 0 0 1 0 0 0 1 3024.dat
1 0 150 -144 810 1 0 0 0 1 0 0 0 1 3024.dat
1 72 180 -144 90 1 0 0 0 1 0 0 0 1 3023.dat
1 72 190 -144 810 1 0 0 0 1 0 0 0 1 3623.dat
1 72 190 -144 850 1 0 0 0 1 0 0 0 1 3024.dat
1 0 230 -144 220 0 0 1 0 1 0 -1 0 0 4477.dat
1 0 230 -144 330 1 0 0 0 1 0 0 0 1 3024.dat
1 484 230 -144 460 0 0 1 0 1 0 -1 0 0 60479.dat
1 484 230 -144 620 0 0 1 0 1 0 -1 0 0 3710.dat
1 0 230 -144 740 0 0 1 0 1 0 -1 0 0 3460.dat
1 484 300 -144 350 1 0 0 0 1 0 0 0 1 3666.dat
1 484 300 -144 650 1 0 0 0 1 0 0 0 1 3666.dat
1 72 270 -144 980 0 0 1 0 1 0 -1 0 0 60479.dat
1 72 270 -144 1140 0 0 1 0 1 0 -1 0 0 3710.dat
1 72 340 -144 1190 1 0 0 0 1 0 0 0 1 3460.dat
1 484 340 -144 1210 1 0 0 0 1 0 0 0 1 3460.dat
1 484 270 -144 1260 0 0 1 0 1 0 -1 0 0 3710.dat
1 72 300 -144 850 1 0 0 0 1 0 0 0 1 3023.dat
1 72 290 -144 870 1 0 0 0 1 0 0 0 1 3024.dat
1 484 290 -144 1340 0 0 1 0 1 0 -1 0 0 3666.dat
1 484 300 -144 1410 1 0 0 0 1 0 0 0 1 3023.dat
1 72 320 -144 810 1 0 0 0 1 0 0 0 1 3023.dat
1 72 310 -144 830 1 0 0 0 1 0 0 0 1 3024.dat
1 484 310 -144 1390 1 0 0 0 1 0 0 0 1 3024.dat
1 484 340 -144 1430 1 0 0 0 1 0 0 0 1 3710.dat
1 72 440 -144 770 1 0 0 0 1 0 0 0 1 60479.dat
1 72 350 -144 790 1 0 0 0 1 0 0 0 1 3623.dat
1 484 370 -144 360 0 0 1 0 1 0 -1 0 0 3023.dat
1 484 380 -144 630 1 0 0 0 1 0 0 0 1 3023.dat
1 484 370 -144 650 1 0 0 0 1 0 0 0 1 3024.dat
1 484 400 -144 370 1 0 0 0 1 0 0 0 1 3023.dat
1 484 400 -144 610 1 0 0 0 1 0 0 0 1 3023.dat
1 484 390 -144 1400 0 0 1 0 1 0 -1 0 0 3710.dat
1 484 420 -144 390 1 0 0 0 1 0 0 0 1 3023.dat
1 72 500 -144 790 1 0 0 0 1 0 0 0 1 4477.dat
1 484 410 -144 1320 0 0 1 0 1 0 -1 0 0 3666.dat
1 484 440 -144 410 1 0 0 0 1 0 0 0 1 3023.dat
1 484 440 -144 590 1 0 0 0 1 0 0 0 1 3023.dat
1 72 430 -144 1170 0 0 1 0 1 0 -1 0 0 3623.dat
1 484 430 -144 1240 0 0 1 0 1 0 -1 0 0 3710.dat
1 484 450 -144 500 0 0 1 0 1 0 -1 0 0 3460.dat
1 72 450 -144 1130 0 0 1 0 1 0 -1 0 0 3623.dat
1 72 470 -144 1080 0 0 1 0 1 0 -1 0 0 3710.dat
1 72 490 -144 1030 0 0 1 0 1 0 -1 0 0 3623.dat
1 72 510 -144 990 0 0 1 0 1 0 -1 0 0 3623.dat
1 72 640 -144 890 1 0 0 0 1 0 0 0 1 60479.dat
1 72 530 -144 950 0 0 1 0 1 0 -1 0 0 3623.dat
1 0 550 -144 860 0 0 1 0 1 0 -1 0 0 3023.dat
1 72 550 -144 910 1 0 0 0 1 0 0 0 1 3024.dat
1 72 590 -144 770 1 0 0 0 1 0 0 0 1 3623.dat
1 72 570 -144 850 0 0 1 0 1 0 -1 0 0 3623.dat
1 0 570 -144 940 0 0 1 0 1 0 -1 0 0 3023.dat
1 72 590 -144 810 1 0 0 0 1 0 0 0 1 3024.dat
1 0 610 -144 860 0 0 1 0 1 0 -1 0 0 3023.dat
1 0 630 -144 940 0 0 1 0 1 0 -1 0 0 3023.dat
1 0 650 -144 860 0 0 1 0 1 0 -1 0 0 3023.dat
1 0 700 -144 940 1 0 0 0 1 0 0 0 1 3022.dat
1 0 750 -144 860 0 0 1 0 1 0 -1 0 0 3023.dat
1 72 820 -144 890 1 0 0 0 1 0 0 0 1 3666.dat
1 0 770 -144 940 0 0 1 0 1 0 -1 0 0 3023.dat
1 72 900 -144 770 1 0 0 0 1 0 0 0 1 60479.dat
1 0 790 -144 860 0 0 1 0 1 0 -1 0 0 3023.dat
1 72 900 -144 790 1 0 0 0 1 0 0 0 1 4477.dat
1 72 820 -144 810 1 0 0 0 1 0 0 0 1 3023.dat
1 72 830 -144 850 0 0 1 0 1 0 -1 0 0 3623.dat
1 0 830 -144 940 0 0 1 0 1 0 -1 0 0 3023.dat
1 0 850 -144 860 0 0 1 0 1 0 -1 0 0 3023.dat
1 72 860 -144 910 1 0 0 0 1 0 0 0 1 3023.dat
1 72 870 -144 940 0 0 1 0 1 0 -1 0 0 3023.dat
1 72 890 -144 990 0 0 1 0 1 0 -1 0 0 3623.dat
1 72 910 -144 1030 0 0 1 0 1 0 -1 0 0 3623.dat
1 72 930 -144 1070 0 0 1 0 1 0 -1 0 0 3623.dat
1 72 950 -144 1120 0 0 1 0 1 0 -1 0 0 3710.dat
1 484 970 -144 480 0 0 1 0 1 0 -1 0 0 4477.dat
1 484 970 -144 590 1 0 0 0 1 0 0 0 1 3024.dat
1 72 970 -144 1170 0 0 1 0 1 0 -1 0 0 3623.dat
1 484 1060 -144 1210 1 0 0 0 1 0 0 0 1 4477.dat
1 484 970 -144 1240 0 0 1 0 1 0 -1 0 0 3023.dat
1 484 1010 -144 370 1 0 0 0 1 0 0 0 1 3623.dat
1 484 990 -144 390 1 0 0 0 1 0 0 0 1 3024.dat
1 484 1000 -144 610 1 0 0 0 1 0 0 0 1 3023.dat
1 72 1060 -144 1190 1 0 0 0 1 0 0 0 1 3460.dat
1 484 990 -144 1300 0 0 1 0 1 0 -1 0 0 3666.dat
1 484 1020 -144 630 1 0 0 0 1 0 0 0 1 3023.dat
1 484 1010 -144 1380 0 0 1 0 1 0 -1 0 0 3710.dat
1 484 1040 -144 1430 1 0 0 0 1 0 0 0 1 3710.dat
1 484 1100 -144 350 1 0 0 0 1 0 0 0 1 3460.dat
1 484 1100 -144 650 1 0 0 0 1 0 0 0 1 3460.dat
1 72 1050 -144 780 1 0 0 0 1 0 0 0 1 3021.dat
1 72 1090 -144 810 0 0 1 0 1 0 -1 0 0 3623.dat
1 484 1100 -144 1410 1 0 0 0 1 0 0 0 1 3023.dat
1 484 1090 -144 1430 1 0 0 0 1 0 0 0 1 3024.dat
1 72 1110 -144 850 0 0 1 0 1 0 -1 0 0 3623.dat
1 484 1110 -144 1340 0 0 1 0 1 0 -1 0 0 3710.dat
1 484 1110 -144 1390 1 0 0 0 1 0 0 0 1 3024.dat
1 72 1130 -144 980 0 0 1 0 1 0 -1 0 0 60479.dat
1 72 1130 -144 1140 0 0 1 0 1 0 -1 0 0 3710.dat
1 484 1130 -144 1260 0 0 1 0 1 0 -1 0 0 3710.dat
1 484 1130 -144 1310 1 0 0 0 1 0 0 0 1 3024.dat
1 0 1170 -144 220 0 0 1 0 1 0 -1 0 0 60479.dat
1 484 1170 -144 480 0 0 1 0 1 0 -1 0 0 60479.dat
1 484 1170 -144 620 0 0 1 0 1 0 -1 0 0 3023.dat
1 0 1170 -144 740 0 0 1 0 1 0 -1 0 0 3460.dat
1 0 1220 -144 110 1 0 0 0 1 0 0 0 1 3710.dat
1 72 1210 -144 820 1 0 0 0 1 0 0 0 1 3021.dat
1 72 1220 -144 90 1 0 0 0 1 0 0 0 1 3023.dat
1 72 1230 -144 850 1 0 0 0 1 0 0 0 1 3024.dat
1 0 1250 -144 810 1 0 0 0 1 0 0 0 1 3024.dat
1 72 1320 -144 830 1 0 0 0 1 0 0 0 1 3460.dat
1 0 1270 -144 110 1 0 0 0 1 0 0 0 1 3024.dat
1 72 1290 -144 810 1 0 0 0 1 0 0 0 1 3623.dat
1 72 1290 -144 100 0 0 1 0 1 0 -1 0 0 3023.dat
1 72 1290 -144 850 1 0 0 0 1 0 0 0 1 3024.dat
1 0 1340 -144 110 1 0 0 0 1 0 0 0 1 3710.dat
1 0 1330 -144 240 0 0 1 0 1 0 -1 0 0 60479.dat
1 0 1330 -144 480 0 0 1 0 1 0 -1 0 0 60479.dat
1 0 1330 -144 700 0 0 1 0 1 0 -1 0 0 4477.dat
1 0 1330 -144 810 1 0 0 0 1 0 0 0 1 3024.dat
1 72 1360 -144 90 1 0 0 0 1 0 0 0 1 3023.dat
1 0 1370 -144 270 1 0 0 0 1 0 0 0 1 3623.dat
1 0 1370 -144 360 1 0 0 0 1 0 0 0 1 3021.dat
1 0 1370 -144 390 1 0 0 0 1 0 0 0 1 3623.dat
1 0 1370 -144 530 1 0 0 0 1 0 0 0 1 3623.dat
1 0 1370 -144 570 1 0 0 0 1 0 0 0 1 3623.dat
1 0 1370 -144 650 1 0 0 0 1 0 0 0 1 3623.dat
1 72 1370 -144 810 1 0 0 0 1 0 0 0 1 3623.dat
1 72 1350 -144 850 1 0 0 0 1 0 0 0 1 3024.dat
1 0 1380 -144 550 1 0 0 0 1 0 0 0 1 3023.dat
1 0 1390 -144 180 0 0 1 0 1 0 -1 0 0 3460.dat
1 0 1390 -144 720 0 0 1 0 1 0 -1 0 0 3666.dat
1 0 1390 -144 790 1 0 0 0 1 0 0 0 1 3024.dat
1 0 120 -152 110 1 0 0 0 1 0 0 0 1 60479.dat
1 0 20 -152 380 0 0 1 0 1 0 -1 0 0 3020.dat
1 0 40 -152 520 1 0 0 0 1 0 0 0 1 3020.dat
1 0 20 -152 560 1 0 0 0 1 0 0 0 1 3022.dat
1 0 120 -152 810 1 0 0 0 1 0 0 0 1 60479.dat
1 0 30 -152 200 0 0 1 0 1 0 -1 0 0 3460.dat
1 0 30 -152 720 0 0 1 0 1 0 -1 0 0 3460.dat
1 0 60 -152 270 1 0 0 0 1 0 0 0 1 3023.dat
1 0 60 -152 350 1 0 0 0 1 0 0 0 1 3023.dat
1 0 60 -152 400 1 0 0 0 1 0 0 0 1 3022.dat
1 0 60 -152 570 1 0 0 0 1 0 0 0 1 3023.dat
1 0 60 -152 650 1 0 0 0 1 0 0 0 1 3023.dat
1 0 70 -152 180 0 0 1 0 1 0 -1 0 0 3666.dat
1 0 70 -152 250 1 0 0 0 1 0 0 0 1 3024.dat
1 0 70 -152 310 0 0 1 0 1 0 -1 0 0 3623.dat
1 0 70 -152 370 1 0 0 0 1 0 0 0 1 3024.dat
1 0 70 -152 460 0 0 1 0 1 0 -1 0 0 3710.dat
1 0 70 -152 550 1 0 0 0 1 0 0 0 1 3024.dat
1 0 70 -152 610 0 0 1 0 1 0 -1 0 0 3623.dat
1 0 70 -152 720 0 0 1 0 1 0 -1 0 0 3666.dat
1 0 70 -152 790 1 0 0 0 1 0 0 0 1 3024.dat
1 0 230 -152 220 0 0 1 0 1 0 -1 0 0 4477.dat
1 0 230 -152 330 1 0 0 0 1 0 0 0 1 3024.dat
1 484 300 -152 350 1 0 0 0 1 0 0 0 1 3460.dat
1 0 230 -152 460 0 0 1 0 1 0 -1 0 0 4477.dat
1 484 230 -152 570 1 0 0 0 1 0 0 0 1 3024.dat
1 0 230 -152 610 0 0 1 0 1 0 -1 0 0 3623.dat
1 484 300 -152 650 1 0 0 0 1 0 0 0 1 3460.dat
1 0 230 -152 720 0 0 1 0 1 0 -1 0 0 3666.dat
1 0 230 -152 790 1 0 0 0 1 0 0 0 1 3024.dat
1 72 270 -152 1000 0 0 1 0 1 0 -1 0 0 60479.dat
1 72 270 -152 1160 0 0 1 0 1 0 -1 0 0 3710.dat
1 484 340 -152 1210 1 0 0 0 1 0 0 0 1 3460.dat
1 484 270 -152 1260 0 0 1 0 1 0 -1 0 0 3710.dat
1 72 290 -152 860 0 0 1 0 1 0 -1 0 0 3710.dat
1 72 360 -152 1190 1 0 0 0 1 0 0 0 1 3460.dat
1 484 290 -152 1320 0 0 1 0 1 0 -1 0 0 3666.dat
1 484 300 -152 1390 1 0 0 0 1 0 0 0 1 3023.dat
1 72 310 -152 820 0 0 1 0 1 0 -1 0 0 3023.dat
1 484 340 -152 1410 1 0 0 0 1 0 0 0 1 3710.dat
1 72 440 -152 760 1 0 0 0 1 0 0 0 1 2445.dat
1 72 330 -152 790 1 0 0 0 1 0 0 0 1 3024.dat
1 484 390 -152 370 1 0 0 0 1 0 0 0 1 3623.dat
1 484 380 -152 630 1 0 0 0 1 0 0 0 1 3023.dat
1 484 400 -152 610 1 0 0 0 1 0 0 0 1 3023.dat
1 484 390 -152 1380 0 0 1 0 1 0 -1 0 0 3710.dat
1 484 420 -152 390 1 0 0 0 1 0 0 0 1 3023.dat
1 484 410 -152 1280 0 0 1 0 1 0 -1 0 0 3666.dat
1 484 410 -152 1350 1 0 0 0 1 0 0 0 1 3024.dat
1 484 440 -152 410 1 0 0 0 1 0 0 0 1 3023.dat
1 484 440 -152 590 1 0 0 0 1 0 0 0 1 3023.dat
1 72 440 -152 1150 1 0 0 0 1 0 0 0 1 3023.dat
1 72 430 -152 1170 1 0 0 0 1 0 0 0 1 3024.dat
1 484 430 -152 1230 0 0 1 0 1 0 -1 0 0 3623.dat
1 484 450 -152 500 0 0 1 0 1 0 -1 0 0 3460.dat
1 72 460 -152 1110 1 0 0 0 1 0 0 0 1 3023.dat
1 72 450 -152 1130 1 0 0 0 1 0 0 0 1 3024.dat
1 72 470 -152 1070 0 0 1 0 1 0 -1 0 0 3623.dat
1 72 490 -152 1030 0 0 1 0 1 0 -1 0 0 3623.dat
1 72 510 -152 990 0 0 1 0 1 0 -1 0 0 3623.dat
1 72 530 -152 950 0 0 1 0 1 0 -1 0 0 3623.dat
1 0 550 -152 860 0 0 1 0 1 0 -1 0 0 3023.dat
1 72 550 -152 900 0 0 1 0 1 0 -1 0 0 3023.dat
1 72 590 -152 760 1 0 0 0 1 0 0 0 1 3021.dat
1 72 570 -152 850 0 0 1 0 1 0 -1 0 0 3623.dat
1 0 570 -152 940 0 0 1 0 1 0 -1 0 0 3023.dat
1 72 590 -152 800 0 0 1 0 1 0 -1 0 0 3023.dat
1 72 700 -152 850 1 0 0 0 1 0 0 0 1 60479.dat
1 72 590 -152 870 1 0 0 0 1 0 0 0 1 3024.dat
1 0 620 -152 820 1 0 0 0 1 0 0 0 1 3022.dat
1 0 610 -152 880 0 0 1 0 1 0 -1 0 0 3023.dat
1 72 700 -152 870 1 0 0 0 1 0 0 0 1 3460.dat
1 0 630 -152 940 0 0 1 0 1 0 -1 0 0 3023.dat
1 0 650 -152 890 1 0 0 0 1 0 0 0 1 3024.dat
1 0 700 -152 820 1 0 0 0 1 0 0 0 1 3022.dat
1 0 700 -152 940 1 0 0 0 1 0 0 0 1 3022.dat
1 0 750 -152 890 1 0 0 0 1 0 0 0 1 3024.dat
1 0 780 -152 820 1 0 0 0 1 0 0 0 1 3022.dat
1 0 770 -152 940 0 0 1 0 1 0 -1 0 0 3023.dat
1 72 900 -152 760 1 0 0 0 1 0 0 0 1 2445.dat
1 0 790 -152 880 0 0 1 0 1 0 -1 0 0 3023.dat
1 72 810 -152 800 0 0 1 0 1 0 -1 0 0 3023.dat
1 72 820 -152 870 1 0 0 0 1 0 0 0 1 3023.dat
1 72 830 -152 830 0 0 1 0 1 0 -1 0 0 3623.dat
1 0 830 -152 940 0 0 1 0 1 0 -1 0 0 3023.dat
1 0 850 -152 860 0 0 1 0 1 0 -1 0 0 3023.dat
1 72 850 -152 900 0 0 1 0 1 0 -1 0 0 3023.dat
1 72 870 -152 870 1 0 0 0 1 0 0 0 1 3024.dat
1 72 870 -152 930 0 0 1 0 1 0 -1 0 0 3623.dat
1 72 890 -152 990 0 0 1 0 1 0 -1 0 0 3623.dat
1 72 910 -152 1030 0 0 1 0 1 0 -1 0 0 3623.dat
1 72 930 -152 1070 0 0 1 0 1 0 -1 0 0 3623.dat
1 72 950 -152 1120 0 0 1 0 1 0 -1 0 0 3710.dat
1 484 970 -152 480 0 0 1 0 1 0 -1 0 0 4477.dat
1 484 970 -152 590 1 0 0 0 1 0 0 0 1 3024.dat
1 72 970 -152 1170 0 0 1 0 1 0 -1 0 0 3623.dat
1 484 1040 -152 1210 1 0 0 0 1 0 0 0 1 3460.dat
1 484 980 -152 1230 1 0 0 0 1 0 0 0 1 3023.dat
1 484 1010 -152 370 1 0 0 0 1 0 0 0 1 3623.dat
1 484 990 -152 390 1 0 0 0 1 0 0 0 1 3024.dat
1 484 1000 -152 610 1 0 0 0 1 0 0 0 1 3023.dat
1 72 1060 -152 1190 1 0 0 0 1 0 0 0 1 3460.dat
1 484 990 -152 1300 0 0 1 0 1 0 -1 0 0 3666.dat
1 484 1020 -152 630 1 0 0 0 1 0 0 0 1 3023.dat
1 484 1010 -152 1380 0 0 1 0 1 0 -1 0 0 3710.dat
1 484 1100 -152 350 1 0 0 0 1 0 0 0 1 3460.dat
1 484 1100 -152 650 1 0 0 0 1 0 0 0 1 3460.dat
1 72 1050 -152 760 1 0 0 0 1 0 0 0 1 3021.dat
1 484 1060 -152 1410 1 0 0 0 1 0 0 0 1 3710.dat
1 72 1080 -152 790 1 0 0 0 1 0 0 0 1 3023.dat
1 72 1090 -152 820 0 0 1 0 1 0 -1 0 0 3023.dat
1 72 1110 -152 850 0 0 1 0 1 0 -1 0 0 3623.dat
1 484 1110 -152 1340 0 0 1 0 1 0 -1 0 0 3666.dat
1 484 1110 -152 1410 1 0 0 0 1 0 0 0 1 3024.dat
1 72 1130 -152 980 0 0 1 0 1 0 -1 0 0 60479.dat
1 72 1130 -152 1140 0 0 1 0 1 0 -1 0 0 3710.dat
1 484 1130 -152 1240 0 0 1 0 1 0 -1 0 0 3710.dat
1 484 1130 -152 1290 1 0 0 0 1 0 0 0 1 3024.dat
1 0 1280 -152 110 1 0 0 0 1 0 0 0 1 60479.dat
1 0 1170 -152 220 0 0 1 0 1 0 -1 0 0 4477.dat
1 0 1170 -152 330 1 0 0 0 1 0 0 0 1 3024.dat
1 0 1170 -152 460 0 0 1 0 1 0 -1 0 0 4477.dat
1 484 1170 -152 570 1 0 0 0 1 0 0 0 1 3024.dat
1 0 1170 -152 610 0 0 1 0 1 0 -1 0 0 3623.dat
1 0 1170 -152 740 0 0 1 0 1 0 -1 0 0 3460.dat
1 0 1280 -152 810 1 0 0 0 1 0 0 0 1 4477.dat
1 0 1330 -152 240 0 0 1 0 1 0 -1 0 0 60479.dat
1 0 1330 -152 480 0 0 1 0 1 0 -1 0 0 60479.dat
1 0 1330 -152 700 0 0 1 0 1 0 -1 0 0 4477.dat
1 0 1370 -152 270 1 0 0 0 1 0 0 0 1 3623.dat
1 0 1370 -152 350 1 0 0 0 1 0 0 0 1 3623.dat
1 0 1370 -152 400 1 0 0 0 1 0 0 0 1 3021.dat
1 0 1370 -152 520 1 0 0 0 1 0 0 0 1 3021.dat
1 0 1370 -152 570 1 0 0 0 1 0 0 0 1 3623.dat
1 0 1360 -152 650 1 0 0 0 1 0 0 0 1 3023.dat
1 0 1380 -152 130 1 0 0 0 1 0 0 0 1 3023.dat
1 0 1380 -152 370 1 0 0 0 1 0 0 0 1 3023.dat
1 0 1380 -152 550 1 0 0 0 1 0 0 0 1 3023.dat
1 0 1380 -152 670 1 0 0 0 1 0 0 0 1 3023.dat
1 0 1390 -152 200 0 0 1 0 1 0 -1 0 0 3666.dat
1 0 1390 -152 740 0 0 1 0 1 0 -1 0 0 3666.dat
1 0 1390 -152 810 1 0 0 0 1 0 0 0 1 3024.dat
1 72 30 -160 110 1 0 0 0 1 0 0 0 1 3623.dat
1 0 120 -160 130 1 0 0 0 1 0 0 0 1 60479.dat
1 0 40 -160 350 1 0 0 0 1 0 0 0 1 3710.dat
1 0 10 -160 390 0 0 1 0 1 0 -1 0 0 3623.dat
1 0 40 -160 510 1 0 0 0 1 0 0 0 1 3710.dat
1 0 10 -160 560 0 0 1 0 1 0 -1 0 0 3710.dat
1 0 20 -160 810 1 0 0 0 1 0 0 0 1 3023.dat
1 0 30 -160 200 0 0 1 0 1 0 -1 0 0 3666.dat
1 0 50 -160 270 1 0 0 0 1 0 0 0 1 3623.dat
1 0 30 -160 400 0 0 1 0 1 0 -1 0 0 3023.dat
1 0 30 -160 530 1 0 0 0 1 0 0 0 1 3024.dat
1 0 50 -160 580 1 0 0 0 1 0 0 0 1 3021.dat
1 0 30 -160 720 0 0 1 0 1 0 -1 0 0 3460.dat
1 0 60 -160 410 1 0 0 0 1 0 0 0 1 3023.dat
1 0 60 -160 650 1 0 0 0 1 0 0 0 1 3023.dat
1 72 50 -160 810 1 0 0 0 1 0 0 0 1 3024.dat
1 0 80 -160 110 1 0 0 0 1 0 0 0 1 3023.dat
1 0 70 -160 200 0 0 1 0 1 0 -1 0 0 3666.dat
1 0 70 -160 310 0 0 1 0 1 0 -1 0 0 3623.dat
1 0 70 -160 380 0 0 1 0 1 0 -1 0 0 3023.dat
1 0 70 -160 460 0 0 1 0 1 0 -1 0 0 3710.dat
1 0 70 -160 540 0 0 1 0 1 0 -1 0 0 3023.dat
1 0 70 -160 620 0 0 1 0 1 0 -1 0 0 3023.dat
1 0 70 -160 740 0 0 1 0 1 0 -1 0 0 3460.dat
1 0 90 -160 810 1 0 0 0 1 0 0 0 1 3024.dat
1 72 110 -160 110 1 0 0 0 1 0 0 0 1 3024.dat
1 72 110 -160 810 1 0 0 0 1 0 0 0 1 3024.dat
1 0 140 -160 110 1 0 0 0 1 0 0 0 1 3023.dat
1 0 150 -160 810 1 0 0 0 1 0 0 0 1 3623.dat
1 72 180 -160 110 1 0 0 0 1 0 0 0 1 3023.dat
1 72 190 -160 810 1 0 0 0 1 0 0 0 1 3024.dat
1 0 220 -160 110 1 0 0 0 1 0 0 0 1 3023.dat
1 0 220 -160 810 1 0 0 0 1 0 0 0 1 3023.dat
1 0 230 -160 240 0 0 1 0 1 0 -1 0 0 4477.dat
1 484 300 -160 350 1 0 0 0 1 0 0 0 1 3460.dat
1 484 230 -160 400 0 0 1 0 1 0 -1 0 0 3710.dat
1 484 230 -160 450 1 0 0 0 1 0 0 0 1 3024.dat
1 0 230 -160 470 1 0 0 0 1 0 0 0 1 3024.dat
1 484 230 -160 540 0 0 1 0 1 0 -1 0 0 3666.dat
1 0 230 -160 620 0 0 1 0 1 0 -1 0 0 3023.dat
1 484 300 -160 650 1 0 0 0 1 0 0 0 1 3460.dat
1 0 230 -160 720 0 0 1 0 1 0 -1 0 0 3666.dat
1 0 230 -160 790 1 0 0 0 1 0 0 0 1 3024.dat
1 72 270 -160 1000 0 0 1 0 1 0 -1 0 0 60479.dat
1 72 270 -160 1160 0 0 1 0 1 0 -1 0 0 3710.dat
1 484 340 -160 1210 1 0 0 0 1 0 0 0 1 3460.dat
1 484 270 -160 1240 0 0 1 0 1 0 -1 0 0 3023.dat
1 72 290 -160 860 0 0 1 0 1 0 -1 0 0 3710.dat
1 72 360 -160 1190 1 0 0 0 1 0 0 0 1 3460.dat
1 484 290 -160 1320 0 0 1 0 1 0 -1 0 0 3460.dat
1 72 310 -160 810 0 0 1 0 1 0 -1 0 0 3623.dat
1 484 310 -160 1390 0 0 1 0 1 0 -1 0 0 3623.dat
1 72 440 -160 750 1 0 0 0 1 0 0 0 1 60479.dat
1 72 330 -160 780 0 0 1 0 1 0 -1 0 0 3023.dat
1 484 360 -160 1400 1 0 0 0 1 0 0 0 1 3020.dat
1 72 460 -160 730 1 0 0 0 1 0 0 0 1 60479.dat
1 484 390 -160 370 1 0 0 0 1 0 0 0 1 3623.dat
1 484 380 -160 630 1 0 0 0 1 0 0 0 1 3023.dat
1 484 400 -160 610 1 0 0 0 1 0 0 0 1 3023.dat
1 484 400 -160 1340 1 0 0 0 1 0 0 0 1 3022.dat
1 484 390 -160 1370 1 0 0 0 1 0 0 0 1 3024.dat
1 484 420 -160 390 1 0 0 0 1 0 0 0 1 3023.dat
1 484 410 -160 1260 0 0 1 0 1 0 -1 0 0 3710.dat
1 484 410 -160 1310 1 0 0 0 1 0 0 0 1 3024.dat
1 484 440 -160 410 1 0 0 0 1 0 0 0 1 3023.dat
1 484 440 -160 590 1 0 0 0 1 0 0 0 1 3023.dat
1 72 440 -160 1150 1 0 0 0 1 0 0 0 1 3023.dat
1 72 430 -160 1170 1 0 0 0 1 0 0 0 1 3024.dat
1 484 430 -160 1210 1 0 0 0 1 0 0 0 1 3024.dat
1 484 450 -160 500 0 0 1 0 1 0 -1 0 0 3460.dat
1 72 460 -160 1110 1 0 0 0 1 0 0 0 1 3023.dat
1 72 450 -160 1130 1 0 0 0 1 0 0 0 1 3024.dat
1 72 470 -160 1070 0 0 1 0 1 0 -1 0 0 3623.dat
1 72 490 -160 1030 0 0 1 0 1 0 -1 0 0 3623.dat
1 72 510 -160 990 0 0 1 0 1 0 -1 0 0 3623.dat
1 72 530 -160 950 0 0 1 0 1 0 -1 0 0 3623.dat
1 72 570 -160 830 1 0 0 0 1 0 0 0 1 3623.dat
1 0 550 -160 860 0 0 1 0 1 0 -1 0 0 3023.dat
1 72 550 -160 900 0 0 1 0 1 0 -1 0 0 3023.dat
1 72 590 -160 750 1 0 0 0 1 0 0 0 1 3623.dat
1 72 680 -160 850 1 0 0 0 1 0 0 0 1 60479.dat
1 72 570 -160 870 1 0 0 0 1 0 0 0 1 3024.dat
1 72 600 -160 730 1 0 0 0 1 0 0 0 1 3023.dat
1 72 590 -160 790 0 0 1 0 1 0 -1 0 0 3623.dat
1 72 610 -160 770 1 0 0 0 1 0 0 0 1 3024.dat
1 0 620 -160 820 1 0 0 0 1 0 0 0 1 3022.dat
1 0 610 -160 880 0 0 1 0 1 0 -1 0 0 3023.dat
1 72 700 -160 830 1 0 0 0 1 0 0 0 1 3666.dat
1 0 650 -160 880 0 0 1 0 1 0 -1 0 0 3023.dat
1 0 700 -160 810 1 0 0 0 1 0 0 0 1 3023.dat
1 0 750 -160 880 0 0 1 0 1 0 -1 0 0 3023.dat
1 0 780 -160 820 1 0 0 0 1 0 0 0 1 3022.dat
1 72 900 -160 740 1 0 0 0 1 0 0 0 1 2445.dat
1 72 800 -160 770 1 0 0 0 1 0 0 0 1 3023.dat
1 0 790 -160 880 0 0 1 0 1 0 -1 0 0 3023.dat
1 72 810 -160 820 0 0 1 0 1 0 -1 0 0 3710.dat
1 72 830 -160 850 0 0 1 0 1 0 -1 0 0 3623.dat
1 72 850 -160 830 1 0 0 0 1 0 0 0 1 3024.dat
1 0 850 -160 860 0 0 1 0 1 0 -1 0 0 3023.dat
1 72 850 -160 900 0 0 1 0 1 0 -1 0 0 3023.dat
1 72 870 -160 930 0 0 1 0 1 0 -1 0 0 3623.dat
1 72 890 -160 990 0 0 1 0 1 0 -1 0 0 3623.dat
1 72 910 -160 1030 0 0 1 0 1 0 -1 0 0 3623.dat
1 72 930 -160 1070 0 0 1 0 1 0 -1 0 0 3623.dat
1 72 950 -160 1110 0 0 1 0 1 0 -1 0 0 3623.dat
1 484 970 -160 480 0 0 1 0 1 0 -1 0 0 4477.dat
1 484 970 -160 590 1 0 0 0 1 0 0 0 1 3024.dat
1 72 970 -160 1170 0 0 1 0 1 0 -1 0 0 3623.dat
1 484 1040 -160 1210 1 0 0 0 1 0 0 0 1 3460.dat
1 484 1010 -160 370 1 0 0 0 1 0 0 0 1 3623.dat
1 484 990 -160 390 1 0 0 0 1 0 0 0 1 3024.dat
1 484 1000 -160 610 1 0 0 0 1 0 0 0 1 3023.dat
1 72 1060 -160 1190 1 0 0 0 1 0 0 0 1 3460.dat
1 484 990 -160 1260 0 0 1 0 1 0 -1 0 0 3710.dat
1 484 1000 -160 1310 1 0 0 0 1 0 0 0 1 3023.dat
1 484 1020 -160 630 1 0 0 0 1 0 0 0 1 3023.dat
1 484 1010 -160 1360 0 0 1 0 1 0 -1 0 0 3710.dat
1 484 1040 -160 1410 1 0 0 0 1 0 0 0 1 3710.dat
1 484 1100 -160 350 1 0 0 0 1 0 0 0 1 3460.dat
1 484 1100 -160 650 1 0 0 0 1 0 0 0 1 3460.dat
1 72 1040 -160 740 1 0 0 0 1 0 0 0 1 3022.dat
1 484 1060 -160 1390 1 0 0 0 1 0 0 0 1 3710.dat
1 72 1070 -160 770 0 0 1 0 1 0 -1 0 0 3623.dat
1 72 1090 -160 810 0 0 1 0 1 0 -1 0 0 3623.dat
1 484 1090 -160 1410 1 0 0 0 1 0 0 0 1 3024.dat
1 72 1110 -160 850 0 0 1 0 1 0 -1 0 0 3623.dat
1 484 1110 -160 1320 0 0 1 0 1 0 -1 0 0 3460.dat
1 72 1130 -160 1000 0 0 1 0 1 0 -1 0 0 60479.dat
1 72 1130 -160 1150 0 0 1 0 1 0 -1 0 0 3623.dat
1 484 1130 -160 1240 0 0 1 0 1 0 -1 0 0 3710.dat
1 0 1170 -160 220 0 0 1 0 1 0 -1 0 0 60479.dat
1 484 1170 -160 400 0 0 1 0 1 0 -1 0 0 3710.dat
1 484 1170 -160 450 1 0 0 0 1 0 0 0 1 3024.dat
1 0 1170 -160 470 1 0 0 0 1 0 0 0 1 3024.dat
1 484 1170 -160 540 0 0 1 0 1 0 -1 0 0 3666.dat
1 0 1170 -160 620 0 0 1 0 1 0 -1 0 0 3023.dat
1 0 1170 -160 740 0 0 1 0 1 0 -1 0 0 3460.dat
1 0 1190 -160 120 0 0 1 0 1 0 -1 0 0 3023.dat
1 0 1220 -160 810 1 0 0 0 1 0 0 0 1 3710.dat
1 72 1220 -160 110 1 0 0 0 1 0 0 0 1 3023.dat
1 0 1300 -160 130 1 0 0 0 1 0 0 0 1 4477.dat
1 0 1260 -160 110 1 0 0 0 1 0 0 0 1 3023.dat
1 0 1270 -160 810 1 0 0 0 1 0 0 0 1 3024.dat
1 72 1290 -160 110 1 0 0 0 1 0 0 0 1 3024.dat
1 72 1290 -160 810 1 0 0 0 1 0 0 0 1 3024.dat
1 0 1320 -160 110 1 0 0 0 1 0 0 0 1 3023.dat
1 0 1340 -160 810 1 0 0 0 1 0 0 0 1 3710.dat
1 0 1330 -160 260 0 0 1 0 1 0 -1 0 0 60479.dat
1 0 1330 -160 500 0 0 1 0 1 0 -1 0 0 60479.dat
1 0 1330 -160 700 0 0 1 0 1 0 -1 0 0 3460.dat
1 0 1330 -160 790 1 0 0 0 1 0 0 0 1 3024.dat
1 72 1370 -160 110 1 0 0 0 1 0 0 0 1 3623.dat
1 0 1360 -160 270 1 0 0 0 1 0 0 0 1 3023.dat
1 0 1370 -160 350 1 0 0 0 1 0 0 0 1 3623.dat
1 0 1370 -160 410 1 0 0 0 1 0 0 0 1 3623.dat
1 0 1370 -160 510 1 0 0 0 1 0 0 0 1 3623.dat
1 0 1370 -160 580 1 0 0 0 1 0 0 0 1 3021.dat
1 0 1360 -160 650 1 0 0 0 1 0 0 0 1 3023.dat
1 0 1380 -160 250 1 0 0 0 1 0 0 0 1 3023.dat
1 0 1380 -160 390 1 0 0 0 1 0 0 0 1 3023.dat
1 0 1380 -160 530 1 0 0 0 1 0 0 0 1 3023.dat
1 0 1380 -160 670 1 0 0 0 1 0 0 0 1 3023.dat
1 0 1380 -160 790 1 0 0 0 1 0 0 0 1 3023.dat
1 0 1390 -160 180 0 0 1 0 1 0 -1 0 0 3710.dat
1 0 1390 -160 230 1 0 0 0 1 0 0 0 1 3024.dat
1 0 1390 -160 370 1 0 0 0 1 0 0 0 1 3024.dat
1 0 1390 -160 550 1 0 0 0 1 0 0 0 1 3024.dat
1 0 1390 -160 720 0 0 1 0 1 0 -1 0 0 3710.dat
1 0 1390 -160 770 1 0 0 0 1 0 0 0 1 3024.dat
1 0 1390 -160 810 1 0 0 0 1 0 0 0 1 3024.dat
1 72 30 -168 110 1 0 0 0 1 0 0 0 1 3623.dat
1 0 120 -168 130 1 0 0 0 1 0 0 0 1 60479.dat
1 0 40 -168 350 1 0 0 0 1 0 0 0 1 3710.dat
1 0 10 -168 390 0 0 1 0 1 0 -1 0 0 3623.dat
1 0 40 -168 510 1 0 0 0 1 0 0 0 1 3710.dat
1 0 10 -168 560 0 0 1 0 1 0 -1 0 0 3710.dat
1 0 120 -168 790 1 0 0 0 1 0 0 0 1 60479.dat
1 72 30 -168 810 1 0 0 0 1 0 0 0 1 3623.dat
1 0 30 -168 200 0 0 1 0 1 0 -1 0 0 3666.dat
1 0 50 -168 270 1 0 0 0 1 0 0 0 1 3623.dat
1 0 30 -168 400 0 0 1 0 1 0 -1 0 0 3023.dat
1 0 30 -168 530 1 0 0 0 1 0 0 0 1 3024.dat
1 0 30 -168 580 0 0 1 0 1 0 -1 0 0 3023.dat
1 0 30 -168 720 0 0 1 0 1 0 -1 0 0 3666.dat
1 0 60 -168 250 1 0 0 0 1 0 0 0 1 3023.dat
1 0 60 -168 410 1 0 0 0 1 0 0 0 1 3023.dat
1 0 60 -168 590 1 0 0 0 1 0 0 0 1 3023.dat
1 0 60 -168 670 1 0 0 0 1 0 0 0 1 3023.dat
1 72 50 -168 830 1 0 0 0 1 0 0 0 1 3024.dat
1 0 80 -168 110 1 0 0 0 1 0 0 0 1 3023.dat
1 0 70 -168 180 0 0 1 0 1 0 -1 0 0 3710.dat
1 0 70 -168 230 1 0 0 0 1 0 0 0 1 3024.dat
1 0 70 -168 310 0 0 1 0 1 0 -1 0 0 3623.dat
1 0 70 -168 380 0 0 1 0 1 0 -1 0 0 3023.dat
1 0 70 -168 460 0 0 1 0 1 0 -1 0 0 3710.dat
1 0 70 -168 550 0 0 1 0 1 0 -1 0 0 3623.dat
1 0 70 -168 630 0 0 1 0 1 0 -1 0 0 3623.dat
1 0 70 -168 720 0 0 1 0 1 0 -1 0 0 3710.dat
1 0 70 -168 770 1 0 0 0 1 0 0 0 1 3024.dat
1 0 70 -168 810 1 0 0 0 1 0 0 0 1 3024.dat
1 72 140 -168 810 1 0 0 0 1 0 0 0 1 3666.dat
1 72 120 -168 110 1 0 0 0 1 0 0 0 1 3023.dat
1 72 110 -168 830 1 0 0 0 1 0 0 0 1 3024.dat
1 0 150 -168 110 1 0 0 0 1 0 0 0 1 3024.dat
1 72 190 -168 110 1 0 0 0 1 0 0 0 1 3623.dat
1 72 180 -168 830 1 0 0 0 1 0 0 0 1 3023.dat
1 72 210 -168 810 1 0 0 0 1 0 0 0 1 3024.dat
1 0 230 -168 240 0 0 1 0 1 0 -1 0 0 4477.dat
1 484 300 -168 350 1 0 0 0 1 0 0 0 1 3460.dat
1 0 230 -168 480 0 0 1 0 1 0 -1 0 0 60479.dat
1 484 230 -168 610 1 0 0 0 1 0 0 0 1 3024.dat
1 0 230 -168 630 1 0 0 0 1 0 0 0 1 3024.dat
1 484 300 -168 650 1 0 0 0 1 0 0 0 1 3460.dat
1 0 230 -168 720 0 0 1 0 1 0 -1 0 0 3666.dat
1 0 230 -168 810 1 0 0 0 1 0 0 0 1 3024.dat
1 72 270 -168 1000 0 0 1 0 1 0 -1 0 0 60479.dat
1 72 270 -168 1160 0 0 1 0 1 0 -1 0 0 3710.dat
1 484 340 -168 1210 1 0 0 0 1 0 0 0 1 3460.dat
1 72 290 -168 860 0 0 1 0 1 0 -1 0 0 3710.dat
1 72 360 -168 1190 1 0 0 0 1 0 0 0 1 3460.dat
1 484 290 -168 1280 0 0 1 0 1 0 -1 0 0 3666.dat
1 484 300 -168 1350 1 0 0 0 1 0 0 0 1 3023.dat
1 72 310 -168 810 0 0 1 0 1 0 -1 0 0 3623.dat
1 484 340 -168 1380 1 0 0 0 1 0 0 0 1 3020.dat
1 72 330 -168 770 0 0 1 0 1 0 -1 0 0 3623.dat
1 72 460 -168 730 1 0 0 0 1 0 0 0 1 60479.dat
1 72 350 -168 750 1 0 0 0 1 0 0 0 1 3024.dat
1 484 390 -168 370 1 0 0 0 1 0 0 0 1 3623.dat
1 484 380 -168 630 1 0 0 0 1 0 0 0 1 3023.dat
1 484 400 -168 610 1 0 0 0 1 0 0 0 1 3023.dat
1 484 390 -168 1340 0 0 1 0 1 0 -1 0 0 3666.dat
1 484 420 -168 390 1 0 0 0 1 0 0 0 1 3023.dat
1 484 410 -168 1260 0 0 1 0 1 0 -1 0 0 3710.dat
1 484 410 -168 1310 1 0 0 0 1 0 0 0 1 3024.dat
1 484 440 -168 410 1 0 0 0 1 0 0 0 1 3023.dat
1 484 440 -168 590 1 0 0 0 1 0 0 0 1 3023.dat
1 72 440 -168 1150 1 0 0 0 1 0 0 0 1 3023.dat
1 72 430 -168 1170 1 0 0 0 1 0 0 0 1 3024.dat
1 484 450 -168 500 0 0 1 0 1 0 -1 0 0 3460.dat
1 72 460 -168 1080 0 0 1 0 1 0 -1 0 0 3020.dat
1 72 450 -168 1130 1 0 0 0 1 0 0 0 1 3024.dat
1 72 480 -168 1020 1 0 0 0 1 0 0 0 1 3022.dat
1 72 510 -168 960 1 0 0 0 1 0 0 0 1 3021.dat
1 72 500 -168 990 1 0 0 0 1 0 0 0 1 3023.dat
1 72 490 -168 1050 1 0 0 0 1 0 0 0 1 3024.dat
1 72 620 -168 710 1 0 0 0 1 0 0 0 1 60479.dat
1 72 520 -168 920 1 0 0 0 1 0 0 0 1 3022.dat
1 72 510 -168 1010 1 0 0 0 1 0 0 0 1 3024.dat
1 72 540 -168 880 1 0 0 0 1 0 0 0 1 3022.dat
1 72 560 -168 840 1 0 0 0 1 0 0 0 1 3022.dat
1 72 550 -168 910 1 0 0 0 1 0 0 0 1 3024.dat
1 72 680 -168 800 1 0 0 0 1 0 0 0 1 2445.dat
1 72 570 -168 870 1 0 0 0 1 0 0 0 1 3024.dat
1 72 700 -168 730 1 0 0 0 1 0 0 0 1 60479.dat
1 72 700 -168 770 1 0 0 0 1 0 0 0 1 60479.dat
1 72 590 -168 830 1 0 0 0 1 0 0 0 1 3024.dat
1 72 700 -168 750 1 0 0 0 1 0 0 0 1 4477.dat
1 0 610 -168 860 0 0 1 0 1 0 -1 0 0 3710.dat
1 0 630 -168 830 1 0 0 0 1 0 0 0 1 3024.dat
1 72 660 -168 830 1 0 0 0 1 0 0 0 1 3023.dat
1 0 650 -168 870 0 0 1 0 1 0 -1 0 0 3623.dat
1 0 700 -168 830 1 0 0 0 1 0 0 0 1 3023.dat
1 72 740 -168 830 1 0 0 0 1 0 0 0 1 3023.dat
1 72 820 -168 710 1 0 0 0 1 0 0 0 1 3460.dat
1 0 750 -168 870 0 0 1 0 1 0 -1 0 0 3623.dat
1 0 780 -168 830 1 0 0 0 1 0 0 0 1 3023.dat
1 0 790 -168 870 0 0 1 0 1 0 -1 0 0 3623.dat
1 72 820 -168 810 0 0 1 0 1 0 -1 0 0 3021.dat
1 72 940 -168 730 1 0 0 0 1 0 0 0 1 60479.dat
1 72 850 -168 860 1 0 0 0 1 0 0 0 1 3021.dat
1 72 850 -168 830 1 0 0 0 1 0 0 0 1 3024.dat
1 72 860 -168 900 1 0 0 0 1 0 0 0 1 3022.dat
1 72 880 -168 940 1 0 0 0 1 0 0 0 1 3022.dat
1 72 890 -168 910 1 0 0 0 1 0 0 0 1 3024.dat
1 72 900 -168 990 0 0 1 0 1 0 -1 0 0 3021.dat
1 72 910 -168 950 1 0 0 0 1 0 0 0 1 3024.dat
1 72 930 -168 1040 1 0 0 0 1 0 0 0 1 3021.dat
1 72 930 -168 1000 0 0 1 0 1 0 -1 0 0 3023.dat
1 72 940 -168 1080 1 0 0 0 1 0 0 0 1 3022.dat
1 72 950 -168 1120 0 0 1 0 1 0 -1 0 0 3023.dat
1 484 970 -168 480 0 0 1 0 1 0 -1 0 0 4477.dat
1 484 970 -168 590 1 0 0 0 1 0 0 0 1 3024.dat
1 72 970 -168 1170 0 0 1 0 1 0 -1 0 0 3623.dat
1 484 1010 -168 370 1 0 0 0 1 0 0 0 1 3623.dat
1 484 990 -168 390 1 0 0 0 1 0 0 0 1 3024.dat
1 484 1000 -168 610 1 0 0 0 1 0 0 0 1 3023.dat
1 72 1060 -168 1190 1 0 0 0 1 0 0 0 1 3460.dat
1 484 1060 -168 1210 1 0 0 0 1 0 0 0 1 3460.dat
1 484 990 -168 1260 0 0 1 0 1 0 -1 0 0 3710.dat
1 484 1020 -168 630 1 0 0 0 1 0 0 0 1 3023.dat
1 484 1010 -168 1320 0 0 1 0 1 0 -1 0 0 3666.dat
1 484 1040 -168 1390 1 0 0 0 1 0 0 0 1 3710.dat
1 484 1100 -168 350 1 0 0 0 1 0 0 0 1 3460.dat
1 484 1100 -168 650 1 0 0 0 1 0 0 0 1 3460.dat
1 484 1060 -168 1370 1 0 0 0 1 0 0 0 1 3710.dat
1 72 1060 -168 750 1 0 0 0 1 0 0 0 1 3023.dat
1 72 1070 -168 780 0 0 1 0 1 0 -1 0 0 3023.dat
1 72 1090 -168 810 0 0 1 0 1 0 -1 0 0 3623.dat
1 484 1090 -168 1390 1 0 0 0 1 0 0 0 1 3024.dat
1 72 1110 -168 850 0 0 1 0 1 0 -1 0 0 3623.dat
1 484 1110 -168 1300 0 0 1 0 1 0 -1 0 0 3460.dat
1 72 1130 -168 1000 0 0 1 0 1 0 -1 0 0 60479.dat
1 72 1130 -168 1150 0 0 1 0 1 0 -1 0 0 3623.dat
1 484 1130 -168 1240 0 0 1 0 1 0 -1 0 0 3023.dat
1 0 1280 -168 130 1 0 0 0 1 0 0 0 1 60479.dat
1 0 1170 -168 240 0 0 1 0 1 0 -1 0 0 4477.dat
1 0 1170 -168 480 0 0 1 0 1 0 -1 0 0 60479.dat
1 484 1170 -168 610 1 0 0 0 1 0 0 0 1 3024.dat
1 0 1170 -168 630 1 0 0 0 1 0 0 0 1 3024.dat
1 0 1170 -168 740 0 0 1 0 1 0 -1 0 0 3460.dat
1 72 1210 -168 110 1 0 0 0 1 0 0 0 1 3623.dat
1 0 1280 -168 790 1 0 0 0 1 0 0 0 1 4477.dat
1 0 1190 -168 810 1 0 0 0 1 0 0 0 1 3024.dat
1 72 1260 -168 810 1 0 0 0 1 0 0 0 1 3666.dat
1 72 1220 -168 830 1 0 0 0 1 0 0 0 1 3023.dat
1 0 1250 -168 110 1 0 0 0 1 0 0 0 1 3024.dat
1 72 1290 -168 110 1 0 0 0 1 0 0 0 1 3623.dat
1 72 1290 -168 830 1 0 0 0 1 0 0 0 1 3024.dat
1 0 1330 -168 110 1 0 0 0 1 0 0 0 1 3024.dat
1 0 1330 -168 260 0 0 1 0 1 0 -1 0 0 60479.dat
1 0 1330 -168 500 0 0 1 0 1 0 -1 0 0 60479.dat
1 0 1330 -168 700 0 0 1 0 1 0 -1 0 0 3460.dat
1 0 1330 -168 810 1 0 0 0 1 0 0 0 1 3024.dat
1 72 1370 -168 110 1 0 0 0 1 0 0 0 1 3623.dat
1 0 1360 -168 260 1 0 0 0 1 0 0 0 1 3022.dat
1 0 1370 -168 350 1 0 0 0 1 0 0 0 1 3623.dat
1 0 1370 -168 410 1 0 0 0 1 0 0 0 1 3623.dat
1 0 1370 -168 510 1 0 0 0 1 0 0 0 1 3623.dat
1 0 1370 -168 590 1 0 0 0 1 0 0 0 1 3623.dat
1 0 1370 -168 670 1 0 0 0 1 0 0 0 1 3623.dat
1 72 1360 -168 820 1 0 0 0 1 0 0 0 1 3022.dat
1 0 1380 -168 390 1 0 0 0 1 0 0 0 1 3023.dat
1 0 1380 -168 530 1 0 0 0 1 0 0 0 1 3023.dat
1 0 1380 -168 570 1 0 0 0 1 0 0 0 1 3023.dat
1 0 1390 -168 200 0 0 1 0 1 0 -1 0 0 3666.dat
1 0 1390 -168 370 1 0 0 0 1 0 0 0 1 3024.dat
1 0 1390 -168 550 1 0 0 0 1 0 0 0 1 3024.dat
1 0 1390 -168 740 0 0 1 0 1 0 -1 0 0 3666.dat
1 72 1390 -168 810 1 0 0 0 1 0 0 0 1 3024.dat
1 0 10 -176 120 0 0 1 0 1 0 -1 0 0 3023.dat
1 0 40 -176 350 1 0 0 0 1 0 0 0 1 3710.dat
1 0 10 -176 390 0 0 1 0 1 0 -1 0 0 3623.dat
1 0 40 -176 510 1 0 0 0 1 0 0 0 1 3710.dat
1 0 10 -176 560 0 0 1 0 1 0 -1 0 0 3710.dat
1 0 120 -176 790 1 0 0 0 1 0 0 0 1 60479.dat
1 72 100 -176 810 1 0 0 0 1 0 0 0 1 4477.dat
1 72 40 -176 110 1 0 0 0 1 0 0 0 1 3023.dat
1 0 120 -176 130 1 0 0 0 1 0 0 0 1 4477.dat
1 0 30 -176 200 0 0 1 0 1 0 -1 0 0 3666.dat
1 0 30 -176 400 0 0 1 0 1 0 -1 0 0 3023.dat
1 0 30 -176 530 1 0 0 0 1 0 0 0 1 3024.dat
1 0 50 -176 580 1 0 0 0 1 0 0 0 1 3021.dat
1 0 30 -176 720 0 0 1 0 1 0 -1 0 0 3666.dat
1 0 60 -176 250 1 0 0 0 1 0 0 0 1 3023.dat
1 0 60 -176 410 1 0 0 0 1 0 0 0 1 3023.dat
1 0 60 -176 670 1 0 0 0 1 0 0 0 1 3023.dat
1 72 50 -176 830 1 0 0 0 1 0 0 0 1 3024.dat
1 0 70 -176 180 0 0 1 0 1 0 -1 0 0 3710.dat
1 0 70 -176 230 1 0 0 0 1 0 0 0 1 3024.dat
1 0 70 -176 300 0 0 1 0 1 0 -1 0 0 3710.dat
1 0 70 -176 380 0 0 1 0 1 0 -1 0 0 3023.dat
1 0 70 -176 460 0 0 1 0 1 0 -1 0 0 3710.dat
1 0 70 -176 540 0 0 1 0 1 0 -1 0 0 3023.dat
1 0 70 -176 630 0 0 1 0 1 0 -1 0 0 3623.dat
1 0 70 -176 720 0 0 1 0 1 0 -1 0 0 3710.dat
1 0 70 -176 770 1 0 0 0 1 0 0 0 1 3024.dat
1 72 120 -176 110 1 0 0 0 1 0 0 0 1 3023.dat
1 72 110 -176 830 1 0 0 0 1 0 0 0 1 3024.dat
1 72 180 -176 110 1 0 0 0 1 0 0 0 1 3023.dat
1 72 180 -176 830 1 0 0 0 1 0 0 0 1 3023.dat
1 0 210 -176 110 1 0 0 0 1 0 0 0 1 3024.dat
1 72 210 -176 810 1 0 0 0 1 0 0 0 1 3024.dat
1 0 230 -176 220 0 0 1 0 1 0 -1 0 0 4477.dat
1 0 230 -176 330 1 0 0 0 1 0 0 0 1 3024.dat
1 484 300 -176 350 1 0 0 0 1 0 0 0 1 3460.dat
1 0 230 -176 480 0 0 1 0 1 0 -1 0 0 60479.dat
1 0 230 -176 610 1 0 0 0 1 0 0 0 1 3024.dat
1 484 230 -176 640 0 0 1 0 1 0 -1 0 0 3023.dat
1 0 230 -176 720 0 0 1 0 1 0 -1 0 0 3666.dat
1 484 300 -176 650 1 0 0 0 1 0 0 0 1 3666.dat
1 72 380 -176 890 1 0 0 0 1 0 0 0 1 60479.dat
1 72 270 -176 1020 0 0 1 0 1 0 -1 0 0 60479.dat
1 72 270 -176 1170 0 0 1 0 1 0 -1 0 0 3623.dat
1 72 440 -176 840 1 0 0 0 1 0 0 0 1 4282.dat
1 72 400 -176 870 1 0 0 0 1 0 0 0 1 60479.dat
1 0 290 -176 930 1 0 0 0 1 0 0 0 1 3024.dat
1 72 290 -176 1070 0 0 1 0 1 0 -1 0 0 3623.dat
1 72 360 -176 1190 1 0 0 0 1 0 0 0 1 3460.dat
1 484 340 -176 1210 1 0 0 0 1 0 0 0 1 3666.dat
1 484 290 -176 1260 0 0 1 0 1 0 -1 0 0 3710.dat
1 484 340 -176 1310 1 0 0 0 1 0 0 0 1 3666.dat
1 72 420 -176 800 1 0 0 0 1 0 0 0 1 2445.dat
1 72 460 -176 920 1 0 0 0 1 0 0 0 1 4282.dat
1 0 310 -176 970 1 0 0 0 1 0 0 0 1 3024.dat
1 484 340 -176 1340 1 0 0 0 1 0 0 0 1 3020.dat
1 72 340 -176 750 1 0 0 0 1 0 0 0 1 3023.dat
1 72 330 -176 770 1 0 0 0 1 0 0 0 1 3024.dat
1 72 440 -176 960 1 0 0 0 1 0 0 0 1 2445.dat
1 72 420 -176 730 1 0 0 0 1 0 0 0 1 3460.dat
1 0 350 -176 770 1 0 0 0 1 0 0 0 1 3024.dat
1 72 460 -176 1000 1 0 0 0 1 0 0 0 1 2445.dat
1 0 350 -176 1030 1 0 0 0 1 0 0 0 1 3024.dat
1 484 390 -176 370 1 0 0 0 1 0 0 0 1 3623.dat
1 484 380 -176 630 1 0 0 0 1 0 0 0 1 3023.dat
1 484 370 -176 650 1 0 0 0 1 0 0 0 1 3024.dat
1 72 460 -176 770 1 0 0 0 1 0 0 0 1 4477.dat
1 484 400 -176 610 1 0 0 0 1 0 0 0 1 3023.dat
1 72 460 -176 750 1 0 0 0 1 0 0 0 1 3460.dat
1 72 460 -176 1030 1 0 0 0 1 0 0 0 1 3460.dat
1 484 400 -176 1270 1 0 0 0 1 0 0 0 1 3023.dat
1 484 390 -176 1290 1 0 0 0 1 0 0 0 1 3024.dat
1 484 390 -176 1340 0 0 1 0 1 0 -1 0 0 3023.dat
1 484 420 -176 390 1 0 0 0 1 0 0 0 1 3023.dat
1 0 410 -176 1050 1 0 0 0 1 0 0 0 1 3024.dat
1 484 410 -176 1230 0 0 1 0 1 0 -1 0 0 3623.dat
1 484 440 -176 410 1 0 0 0 1 0 0 0 1 3023.dat
1 484 440 -176 590 1 0 0 0 1 0 0 0 1 3023.dat
1 72 460 -176 1050 1 0 0 0 1 0 0 0 1 3710.dat
1 72 440 -176 1150 1 0 0 0 1 0 0 0 1 3023.dat
1 72 430 -176 1170 1 0 0 0 1 0 0 0 1 3024.dat
1 484 450 -176 500 0 0 1 0 1 0 -1 0 0 3460.dat
1 72 450 -176 1100 0 0 1 0 1 0 -1 0 0 3710.dat
1 0 470 -176 1070 1 0 0 0 1 0 0 0 1 3024.dat
1 72 470 -176 1090 1 0 0 0 1 0 0 0 1 3024.dat
1 72 620 -176 710 1 0 0 0 1 0 0 0 1 60479.dat
1 72 510 -176 730 1 0 0 0 1 0 0 0 1 3024.dat
1 72 560 -176 890 1 0 0 0 1 0 0 0 1 3666.dat
1 72 510 -176 1050 1 0 0 0 1 0 0 0 1 3024.dat
1 0 530 -176 730 1 0 0 0 1 0 0 0 1 3024.dat
1 72 560 -176 870 1 0 0 0 1 0 0 0 1 3710.dat
1 0 530 -176 1050 1 0 0 0 1 0 0 0 1 3024.dat
1 72 570 -176 800 1 0 0 0 1 0 0 0 1 3021.dat
1 72 550 -176 1030 1 0 0 0 1 0 0 0 1 3024.dat
1 72 570 -176 770 1 0 0 0 1 0 0 0 1 3024.dat
1 72 580 -176 960 1 0 0 0 1 0 0 0 1 3022.dat
1 0 570 -176 1030 1 0 0 0 1 0 0 0 1 3024.dat
1 72 590 -176 990 1 0 0 0 1 0 0 0 1 3024.dat
1 0 610 -176 810 1 0 0 0 1 0 0 0 1 3024.dat
1 72 610 -176 850 0 0 1 0 1 0 -1 0 0 3623.dat
1 72 610 -176 950 1 0 0 0 1 0 0 0 1 3024.dat
1 0 610 -176 970 1 0 0 0 1 0 0 0 1 3024.dat
1 320 630 -176 770 1 0 0 0 1 0 0 0 1 3024.dat
1 72 640 -176 810 1 0 0 0 1 0 0 0 1 3023.dat
1 0 630 -176 830 1 0 0 0 1 0 0 0 1 3024.dat
1 0 630 -176 870 1 0 0 0 1 0 0 0 1 3024.dat
1 0 630 -176 930 1 0 0 0 1 0 0 0 1 3024.dat
1 4 650 -176 770 1 0 0 0 1 0 0 0 1 3024.dat
1 84 650 -176 790 1 0 0 0 1 0 0 0 1 3024.dat
1 320 670 -176 770 1 0 0 0 1 0 0 0 1 3024.dat
1 25 700 -176 770 1 0 0 0 1 0 0 0 1 3023.dat
1 0 700 -176 820 1 0 0 0 1 0 0 0 1 3022.dat
1 4 750 -176 770 1 0 0 0 1 0 0 0 1 3623.dat
1 72 820 -176 710 1 0 0 0 1 0 0 0 1 3460.dat
1 84 750 -176 790 1 0 0 0 1 0 0 0 1 3024.dat
1 72 860 -176 810 1 0 0 0 1 0 0 0 1 60479.dat
1 0 770 -176 830 1 0 0 0 1 0 0 0 1 3024.dat
1 0 770 -176 870 1 0 0 0 1 0 0 0 1 3024.dat
1 0 770 -176 930 1 0 0 0 1 0 0 0 1 3024.dat
1 320 790 -176 770 1 0 0 0 1 0 0 0 1 3024.dat
1 72 940 -176 880 1 0 0 0 1 0 0 0 1 3027.dat
1 72 900 -176 950 1 0 0 0 1 0 0 0 1 60479.dat
1 0 790 -176 970 1 0 0 0 1 0 0 0 1 3024.dat
1 72 920 -176 790 1 0 0 0 1 0 0 0 1 60479.dat
1 72 920 -176 980 1 0 0 0 1 0 0 0 1 2445.dat
1 72 920 -176 770 1 0 0 0 1 0 0 0 1 4477.dat
1 72 940 -176 1010 1 0 0 0 1 0 0 0 1 60479.dat
1 0 830 -176 1030 1 0 0 0 1 0 0 0 1 3024.dat
1 72 920 -176 1030 1 0 0 0 1 0 0 0 1 3460.dat
1 0 870 -176 730 1 0 0 0 1 0 0 0 1 3024.dat
1 72 940 -176 750 1 0 0 0 1 0 0 0 1 3460.dat
1 0 880 -176 1050 1 0 0 0 1 0 0 0 1 3023.dat
1 72 980 -176 730 1 0 0 0 1 0 0 0 1 4477.dat
1 72 940 -176 1050 1 0 0 0 1 0 0 0 1 3710.dat
1 0 930 -176 1070 1 0 0 0 1 0 0 0 1 3024.dat
1 72 940 -176 1090 1 0 0 0 1 0 0 0 1 3023.dat
1 72 950 -176 1070 1 0 0 0 1 0 0 0 1 3024.dat
1 72 950 -176 1130 0 0 1 0 1 0 -1 0 0 3623.dat
1 484 970 -176 480 0 0 1 0 1 0 -1 0 0 4477.dat
1 484 970 -176 590 1 0 0 0 1 0 0 0 1 3024.dat
1 72 970 -176 1170 0 0 1 0 1 0 -1 0 0 3623.dat
1 484 1010 -176 370 1 0 0 0 1 0 0 0 1 3623.dat
1 484 990 -176 390 1 0 0 0 1 0 0 0 1 3024.dat
1 484 1000 -176 610 1 0 0 0 1 0 0 0 1 3023.dat
1 72 1040 -176 810 1 0 0 0 1 0 0 0 1 3666.dat
1 0 990 -176 1050 1 0 0 0 1 0 0 0 1 3024.dat
1 72 1060 -176 1190 1 0 0 0 1 0 0 0 1 3460.dat
1 484 1060 -176 1210 1 0 0 0 1 0 0 0 1 3460.dat
1 484 990 -176 1240 0 0 1 0 1 0 -1 0 0 3023.dat
1 484 1020 -176 630 1 0 0 0 1 0 0 0 1 3023.dat
1 72 1010 -176 1030 1 0 0 0 1 0 0 0 1 3024.dat
1 484 1010 -176 1300 0 0 1 0 1 0 -1 0 0 3710.dat
1 484 1040 -176 1350 1 0 0 0 1 0 0 0 1 3710.dat
1 484 1100 -176 350 1 0 0 0 1 0 0 0 1 3460.dat
1 484 1100 -176 650 1 0 0 0 1 0 0 0 1 3460.dat
1 72 1030 -176 770 1 0 0 0 1 0 0 0 1 3024.dat
1 72 1060 -176 950 1 0 0 0 1 0 0 0 1 3710.dat
1 484 1060 -176 1320 1 0 0 0 1 0 0 0 1 3020.dat
1 0 1050 -176 770 1 0 0 0 1 0 0 0 1 3024.dat
1 72 1050 -176 790 1 0 0 0 1 0 0 0 1 3024.dat
1 72 1060 -176 980 1 0 0 0 1 0 0 0 1 3022.dat
1 0 1050 -176 1030 1 0 0 0 1 0 0 0 1 3024.dat
1 72 1070 -176 760 0 0 1 0 1 0 -1 0 0 3023.dat
1 72 1090 -176 780 0 0 1 0 1 0 -1 0 0 3023.dat
1 0 1090 -176 970 1 0 0 0 1 0 0 0 1 3024.dat
1 484 1090 -176 1350 1 0 0 0 1 0 0 0 1 3024.dat
1 72 1110 -176 850 0 0 1 0 1 0 -1 0 0 3623.dat
1 0 1110 -176 930 1 0 0 0 1 0 0 0 1 3024.dat
1 484 1110 -176 1280 0 0 1 0 1 0 -1 0 0 3666.dat
1 72 1130 -176 1000 0 0 1 0 1 0 -1 0 0 60479.dat
1 72 1130 -176 1150 0 0 1 0 1 0 -1 0 0 3623.dat
1 0 1280 -176 130 1 0 0 0 1 0 0 0 1 60479.dat
1 0 1170 -176 240 0 0 1 0 1 0 -1 0 0 4477.dat
1 0 1170 -176 480 0 0 1 0 1 0 -1 0 0 60479.dat
1 0 1170 -176 610 1 0 0 0 1 0 0 0 1 3024.dat
1 484 1170 -176 630 1 0 0 0 1 0 0 0 1 3024.dat
1 0 1170 -176 720 0 0 1 0 1 0 -1 0 0 3666.dat
1 0 1280 -176 790 1 0 0 0 1 0 0 0 1 60479.dat
1 0 1190 -176 110 1 0 0 0 1 0 0 0 1 3024.dat
1 72 1280 -176 810 1 0 0 0 1 0 0 0 1 4477.dat
1 72 1220 -176 110 1 0 0 0 1 0 0 0 1 3023.dat
1 72 1220 -176 830 1 0 0 0 1 0 0 0 1 3023.dat
1 72 1290 -176 110 1 0 0 0 1 0 0 0 1 3024.dat
1 72 1290 -176 830 1 0 0 0 1 0 0 0 1 3024.dat
1 0 1330 -176 260 0 0 1 0 1 0 -1 0 0 60479.dat
1 0 1330 -176 500 0 0 1 0 1 0 -1 0 0 60479.dat
1 0 1330 -176 700 0 0 1 0 1 0 -1 0 0 3460.dat
1 72 1360 -176 110 1 0 0 0 1 0 0 0 1 3023.dat
1 0 1370 -176 250 1 0 0 0 1 0 0 0 1 3623.dat
1 0 1370 -176 350 1 0 0 0 1 0 0 0 1 3623.dat
1 0 1370 -176 410 1 0 0 0 1 0 0 0 1 3623.dat
1 0 1370 -176 510 1 0 0 0 1 0 0 0 1 3623.dat
1 0 1370 -176 580 1 0 0 0 1 0 0 0 1 3021.dat
1 0 1360 -176 670 1 0 0 0 1 0 0 0 1 3023.dat
1 72 1360 -176 830 1 0 0 0 1 0 0 0 1 3023.dat
1 0 1380 -176 150 1 0 0 0 1 0 0 0 1 3023.dat
1 0 1380 -176 390 1 0 0 0 1 0 0 0 1 3023.dat
1 0 1380 -176 530 1 0 0 0 1 0 0 0 1 3023.dat
1 0 1380 -176 770 1 0 0 0 1 0 0 0 1 3023.dat
1 0 1390 -176 110 1 0 0 0 1 0 0 0 1 3024.dat
1 0 1390 -176 200 0 0 1 0 1 0 -1 0 0 3710.dat
1 0 1390 -176 370 1 0 0 0 1 0 0 0 1 3024.dat
1 0 1390 -176 550 1 0 0 0 1 0 0 0 1 3024.dat
1 0 1390 -176 720 0 0 1 0 1 0 -1 0 0 3710.dat
1 72 1390 -176 810 1 0 0 0 1 0 0 0 1 3024.dat
1 72 30 -184 130 1 0 0 0 1 0 0 0 1 3623.dat
1 0 120 -184 150 1 0 0 0 1 0 0 0 1 60479.dat
1 0 20 -184 380 0 0 1 0 1 0 -1 0 0 3020.dat
1 0 40 -184 520 1 0 0 0 1 0 0 0 1 3020.dat
1 0 20 -184 560 1 0 0 0 1 0 0 0 1 3022.dat
1 0 120 -184 770 1 0 0 0 1 0 0 0 1 60479.dat
1 0 20 -184 790 1 0 0 0 1 0 0 0 1 3023.dat
1 0 30 -184 200 0 0 1 0 1 0 -1 0 0 3710.dat
1 0 50 -184 250 1 0 0 0 1 0 0 0 1 3623.dat
1 0 50 -184 680 1 0 0 0 1 0 0 0 1 3021.dat
1 0 30 -184 730 0 0 1 0 1 0 -1 0 0 3623.dat
1 72 50 -184 110 1 0 0 0 1 0 0 0 1 3024.dat
1 0 60 -184 230 1 0 0 0 1 0 0 0 1 3023.dat
1 0 60 -184 350 1 0 0 0 1 0 0 0 1 3023.dat
1 0 60 -184 410 1 0 0 0 1 0 0 0 1 3023.dat
1 0 60 -184 570 1 0 0 0 1 0 0 0 1 3023.dat
1 72 50 -184 790 1 0 0 0 1 0 0 0 1 3024.dat
1 0 80 -184 130 1 0 0 0 1 0 0 0 1 3023.dat
1 0 70 -184 190 0 0 1 0 1 0 -1 0 0 3623.dat
1 0 70 -184 300 0 0 1 0 1 0 -1 0 0 3710.dat
1 0 70 -184 380 0 0 1 0 1 0 -1 0 0 3023.dat
1 0 70 -184 460 0 0 1 0 1 0 -1 0 0 3710.dat
1 0 70 -184 550 1 0 0 0 1 0 0 0 1 3024.dat
1 0 70 -184 620 0 0 1 0 1 0 -1 0 0 3710.dat
1 0 70 -184 730 0 0 1 0 1 0 -1 0 0 3623.dat
1 0 80 -184 790 1 0 0 0 1 0 0 0 1 3023.dat
1 72 110 -184 120 0 0 1 0 1 0 -1 0 0 3023.dat
1 72 110 -184 790 1 0 0 0 1 0 0 0 1 3024.dat
1 0 140 -184 130 1 0 0 0 1 0 0 0 1 3023.dat
1 0 150 -184 790 1 0 0 0 1 0 0 0 1 3623.dat
1 72 190 -184 130 1 0 0 0 1 0 0 0 1 3623.dat
1 72 190 -184 110 1 0 0 0 1 0 0 0 1 3024.dat
1 72 190 -184 790 1 0 0 0 1 0 0 0 1 3024.dat
1 0 220 -184 790 1 0 0 0 1 0 0 0 1 3023.dat
1 0 230 -184 130 1 0 0 0 1 0 0 0 1 3024.dat
1 0 230 -184 240 0 0 1 0 1 0 -1 0 0 3460.dat
1 0 230 -184 330 1 0 0 0 1 0 0 0 1 3024.dat
1 484 240 -184 500 0 0 1 0 1 0 -1 0 0 4282.dat
1 0 230 -184 700 0 0 1 0 1 0 -1 0 0 3710.dat
1 0 230 -184 750 1 0 0 0 1 0 0 0 1 3024.dat
1 484 320 -184 360 1 0 0 0 1 0 0 0 1 3795.dat
1 484 340 -184 390 1 0 0 0 1 0 0 0 1 3460.dat
1 484 280 -184 410 1 0 0 0 1 0 0 0 1 3023.dat
1 484 270 -184 430 1 0 0 0 1 0 0 0 1 3024.dat
1 72 270 -184 480 0 0 1 0 1 0 -1 0 0 3710.dat
1 72 270 -184 530 1 0 0 0 1 0 0 0 1 3024.dat
1 484 270 -184 600 0 0 1 0 1 0 -1 0 0 3666.dat
1 72 270 -184 940 0 0 1 0 1 0 -1 0 0 3666.dat
1 72 280 -184 1160 0 0 1 0 1 0 -1 0 0 3020.dat
1 72 290 -184 430 1 0 0 0 1 0 0 0 1 3024.dat
1 484 360 -184 480 1 0 0 0 1 0 0 0 1 3035.dat
1 484 340 -184 530 1 0 0 0 1 0 0 0 1 3666.dat
1 72 290 -184 560 0 0 1 0 1 0 -1 0 0 3023.dat
1 484 300 -184 620 0 0 1 0 1 0 -1 0 0 3020.dat
1 72 300 -184 860 0 0 1 0 1 0 -1 0 0 3020.dat
1 72 290 -184 1040 0 0 1 0 1 0 -1 0 0 3460.dat
1 484 340 -184 1210 1 0 0 0 1 0 0 0 1 3666.dat
1 484 290 -184 1260 0 0 1 0 1 0 -1 0 0 3710.dat
1 72 330 -184 410 1 0 0 0 1 0 0 0 1 3623.dat
1 484 380 -184 430 1 0 0 0 1 0 0 0 1 3460.dat
1 484 380 -184 550 1 0 0 0 1 0 0 0 1 3460.dat
1 72 320 -184 570 1 0 0 0 1 0 0 0 1 3023.dat
1 72 330 -184 800 1 0 0 0 1 0 0 0 1 3021.dat
1 72 310 -184 910 1 0 0 0 1 0 0 0 1 3024.dat
1 0 310 -184 930 1 0 0 0 1 0 0 0 1 3024.dat
1 72 360 -184 1190 1 0 0 0 1 0 0 0 1 3666.dat
1 484 340 -184 1300 1 0 0 0 1 0 0 0 1 3020.dat
1 484 330 -184 620 0 0 1 0 1 0 -1 0 0 3710.dat
1 72 400 -184 730 1 0 0 0 1 0 0 0 1 3460.dat
1 72 330 -184 760 0 0 1 0 1 0 -1 0 0 3023.dat
1 72 330 -184 840 0 0 1 0 1 0 -1 0 0 3023.dat
1 72 330 -184 950 0 0 1 0 1 0 -1 0 0 3623.dat
1 0 330 -184 990 1 0 0 0 1 0 0 0 1 3024.dat
1 484 360 -184 570 1 0 0 0 1 0 0 0 1 3023.dat
1 72 350 -184 590 1 0 0 0 1 0 0 0 1 3024.dat
1 484 370 -184 620 1 0 0 0 1 0 0 0 1 3021.dat
1 484 360 -184 650 1 0 0 0 1 0 0 0 1 3023.dat
1 0 350 -184 770 1 0 0 0 1 0 0 0 1 3024.dat
1 72 350 -184 990 0 0 1 0 1 0 -1 0 0 3623.dat
1 0 360 -184 1030 1 0 0 0 1 0 0 0 1 3023.dat
1 484 370 -184 410 1 0 0 0 1 0 0 0 1 3024.dat
1 484 400 -184 590 1 0 0 0 1 0 0 0 1 3710.dat
1 72 380 -184 770 1 0 0 0 1 0 0 0 1 3023.dat
1 0 370 -184 790 1 0 0 0 1 0 0 0 1 3024.dat
1 72 380 -184 1010 1 0 0 0 1 0 0 0 1 3023.dat
1 484 400 -184 370 1 0 0 0 1 0 0 0 1 3023.dat
1 72 390 -184 410 1 0 0 0 1 0 0 0 1 3024.dat
1 72 390 -184 570 1 0 0 0 1 0 0 0 1 3024.dat
1 72 460 -184 750 1 0 0 0 1 0 0 0 1 3460.dat
1 72 410 -184 1030 1 0 0 0 1 0 0 0 1 3623.dat
1 484 390 -184 1280 0 0 1 0 1 0 -1 0 0 3710.dat
1 484 430 -184 410 1 0 0 0 1 0 0 0 1 3623.dat
1 484 410 -184 530 1 0 0 0 1 0 0 0 1 3024.dat
1 484 430 -184 570 1 0 0 0 1 0 0 0 1 3623.dat
1 484 420 -184 610 1 0 0 0 1 0 0 0 1 3023.dat
1 0 410 -184 1050 1 0 0 0 1 0 0 0 1 3024.dat
1 484 410 -184 1230 0 0 1 0 1 0 -1 0 0 3623.dat
1 484 430 -184 390 1 0 0 0 1 0 0 0 1 3024.dat
1 72 430 -184 530 1 0 0 0 1 0 0 0 1 3024.dat
1 72 460 -184 1050 1 0 0 0 1 0 0 0 1 3710.dat
1 72 430 -184 1170 0 0 1 0 1 0 -1 0 0 3623.dat
1 484 450 -184 460 0 0 1 0 1 0 -1 0 0 3023.dat
1 72 450 -184 490 1 0 0 0 1 0 0 0 1 3024.dat
1 484 450 -184 520 0 0 1 0 1 0 -1 0 0 3023.dat
1 484 450 -184 590 1 0 0 0 1 0 0 0 1 3024.dat
1 72 450 -184 1100 0 0 1 0 1 0 -1 0 0 3710.dat
1 72 450 -184 1150 1 0 0 0 1 0 0 0 1 3024.dat
1 72 470 -184 1020 0 0 1 0 1 0 -1 0 0 3023.dat
1 0 470 -184 1070 1 0 0 0 1 0 0 0 1 3024.dat
1 72 470 -184 1090 1 0 0 0 1 0 0 0 1 3024.dat
1 72 600 -184 710 1 0 0 0 1 0 0 0 1 60479.dat
1 72 490 -184 730 1 0 0 0 1 0 0 0 1 3024.dat
1 72 490 -184 970 0 0 1 0 1 0 -1 0 0 3623.dat
1 0 510 -184 730 1 0 0 0 1 0 0 0 1 3024.dat
1 72 510 -184 930 0 0 1 0 1 0 -1 0 0 3623.dat
1 72 530 -184 1030 1 0 0 0 1 0 0 0 1 3623.dat
1 72 510 -184 1050 1 0 0 0 1 0 0 0 1 3024.dat
1 72 540 -184 770 1 0 0 0 1 0 0 0 1 3023.dat
1 72 530 -184 890 0 0 1 0 1 0 -1 0 0 3623.dat
1 0 530 -184 1050 1 0 0 0 1 0 0 0 1 3024.dat
1 72 550 -184 850 0 0 1 0 1 0 -1 0 0 3623.dat
1 72 550 -184 1010 1 0 0 0 1 0 0 0 1 3024.dat
1 0 570 -184 770 1 0 0 0 1 0 0 0 1 3024.dat
1 72 580 -184 800 1 0 0 0 1 0 0 0 1 3022.dat
1 72 580 -184 990 1 0 0 0 1 0 0 0 1 3023.dat
1 0 570 -184 1020 0 0 1 0 1 0 -1 0 0 3023.dat
1 72 600 -184 830 1 0 0 0 1 0 0 0 1 3023.dat
1 72 590 -184 970 1 0 0 0 1 0 0 0 1 3024.dat
1 320 610 -184 770 1 0 0 0 1 0 0 0 1 3024.dat
1 72 630 -184 810 1 0 0 0 1 0 0 0 1 3623.dat
1 72 610 -184 900 0 0 1 0 1 0 -1 0 0 3666.dat
1 0 610 -184 970 1 0 0 0 1 0 0 0 1 3024.dat
1 484 640 -184 770 1 0 0 0 1 0 0 0 1 3023.dat
1 0 630 -184 850 0 0 1 0 1 0 -1 0 0 3623.dat
1 0 630 -184 910 1 0 0 0 1 0 0 0 1 3024.dat
1 84 650 -184 790 1 0 0 0 1 0 0 0 1 3024.dat
1 4 670 -184 770 1 0 0 0 1 0 0 0 1 3024.dat
1 25 700 -184 770 1 0 0 0 1 0 0 0 1 3023.dat
1 0 700 -184 820 1 0 0 0 1 0 0 0 1 3022.dat
1 72 820 -184 710 1 0 0 0 1 0 0 0 1 4477.dat
1 4 730 -184 770 1 0 0 0 1 0 0 0 1 3024.dat
1 484 760 -184 770 1 0 0 0 1 0 0 0 1 3023.dat
1 84 750 -184 790 1 0 0 0 1 0 0 0 1 3024.dat
1 72 780 -184 810 1 0 0 0 1 0 0 0 1 3710.dat
1 0 770 -184 850 0 0 1 0 1 0 -1 0 0 3623.dat
1 0 770 -184 910 1 0 0 0 1 0 0 0 1 3024.dat
1 4 790 -184 770 1 0 0 0 1 0 0 0 1 3024.dat
1 72 790 -184 880 0 0 1 0 1 0 -1 0 0 3666.dat
1 72 800 -184 950 1 0 0 0 1 0 0 0 1 3023.dat
1 0 790 -184 970 1 0 0 0 1 0 0 0 1 3024.dat
1 72 820 -184 790 1 0 0 0 1 0 0 0 1 3023.dat
1 72 810 -184 830 1 0 0 0 1 0 0 0 1 3024.dat
1 72 810 -184 980 0 0 1 0 1 0 -1 0 0 3023.dat
1 0 830 -184 770 1 0 0 0 1 0 0 0 1 3024.dat
1 72 830 -184 810 1 0 0 0 1 0 0 0 1 3024.dat
1 72 830 -184 990 1 0 0 0 1 0 0 0 1 3024.dat
1 0 830 -184 1020 0 0 1 0 1 0 -1 0 0 3023.dat
1 72 860 -184 770 1 0 0 0 1 0 0 0 1 3023.dat
1 72 850 -184 840 0 0 1 0 1 0 -1 0 0 3023.dat
1 72 850 -184 1020 0 0 1 0 1 0 -1 0 0 3023.dat
1 72 940 -184 750 1 0 0 0 1 0 0 0 1 3460.dat
1 72 870 -184 880 0 0 1 0 1 0 -1 0 0 3023.dat
1 72 880 -184 1030 1 0 0 0 1 0 0 0 1 3023.dat
1 0 870 -184 1050 1 0 0 0 1 0 0 0 1 3024.dat
1 0 890 -184 730 1 0 0 0 1 0 0 0 1 3024.dat
1 72 890 -184 930 0 0 1 0 1 0 -1 0 0 3623.dat
1 72 920 -184 1050 1 0 0 0 1 0 0 0 1 3710.dat
1 72 980 -184 730 1 0 0 0 1 0 0 0 1 3460.dat
1 72 910 -184 970 0 0 1 0 1 0 -1 0 0 3623.dat
1 72 930 -184 1010 0 0 1 0 1 0 -1 0 0 3623.dat
1 0 930 -184 1070 1 0 0 0 1 0 0 0 1 3024.dat
1 72 940 -184 1090 1 0 0 0 1 0 0 0 1 3023.dat
1 72 980 -184 1030 1 0 0 0 1 0 0 0 1 3710.dat
1 72 950 -184 1070 1 0 0 0 1 0 0 0 1 3024.dat
1 72 950 -184 1130 0 0 1 0 1 0 -1 0 0 3623.dat
1 484 1060 -184 390 1 0 0 0 1 0 0 0 1 4477.dat
1 484 970 -184 500 0 0 1 0 1 0 -1 0 0 4477.dat
1 72 970 -184 1050 1 0 0 0 1 0 0 0 1 3024.dat
1 72 970 -184 1170 0 0 1 0 1 0 -1 0 0 3623.dat
1 484 1080 -184 370 1 0 0 0 1 0 0 0 1 4477.dat
1 484 1010 -184 410 1 0 0 0 1 0 0 0 1 3623.dat
1 72 990 -184 430 1 0 0 0 1 0 0 0 1 3024.dat
1 484 1040 -184 500 1 0 0 0 1 0 0 0 1 3958.dat
1 484 1010 -184 580 1 0 0 0 1 0 0 0 1 3021.dat
1 484 1080 -184 610 1 0 0 0 1 0 0 0 1 4477.dat
1 0 990 -184 1050 1 0 0 0 1 0 0 0 1 3024.dat
1 72 1060 -184 1190 1 0 0 0 1 0 0 0 1 3460.dat
1 484 1040 -184 1210 1 0 0 0 1 0 0 0 1 3666.dat
1 484 1000 -184 1230 1 0 0 0 1 0 0 0 1 3023.dat
1 484 1040 -184 430 1 0 0 0 1 0 0 0 1 3710.dat
1 484 1080 -184 630 1 0 0 0 1 0 0 0 1 3460.dat
1 72 1020 -184 770 1 0 0 0 1 0 0 0 1 3023.dat
1 484 1010 -184 1280 0 0 1 0 1 0 -1 0 0 3710.dat
1 484 1100 -184 350 1 0 0 0 1 0 0 0 1 3460.dat
1 484 1100 -184 650 1 0 0 0 1 0 0 0 1 3460.dat
1 0 1030 -184 790 1 0 0 0 1 0 0 0 1 3024.dat
1 72 1040 -184 1010 1 0 0 0 1 0 0 0 1 3023.dat
1 0 1040 -184 1030 1 0 0 0 1 0 0 0 1 3023.dat
1 484 1060 -184 1300 1 0 0 0 1 0 0 0 1 3020.dat
1 72 1070 -184 410 1 0 0 0 1 0 0 0 1 3623.dat
1 484 1060 -184 570 1 0 0 0 1 0 0 0 1 3023.dat
1 72 1060 -184 590 1 0 0 0 1 0 0 0 1 3023.dat
1 0 1050 -184 770 1 0 0 0 1 0 0 0 1 3024.dat
1 72 1050 -184 800 0 0 1 0 1 0 -1 0 0 3023.dat
1 72 1050 -184 990 1 0 0 0 1 0 0 0 1 3024.dat
1 72 1070 -184 750 0 0 1 0 1 0 -1 0 0 3623.dat
1 72 1080 -184 830 0 0 1 0 1 0 -1 0 0 3021.dat
1 72 1080 -184 950 1 0 0 0 1 0 0 0 1 3023.dat
1 72 1070 -184 970 1 0 0 0 1 0 0 0 1 3024.dat
1 0 1080 -184 990 1 0 0 0 1 0 0 0 1 3023.dat
1 484 1090 -184 430 1 0 0 0 1 0 0 0 1 3024.dat
1 72 1100 -184 570 1 0 0 0 1 0 0 0 1 3023.dat
1 484 1120 -184 590 1 0 0 0 1 0 0 0 1 3710.dat
1 72 1090 -184 780 0 0 1 0 1 0 -1 0 0 3023.dat
1 72 1090 -184 900 0 0 1 0 1 0 -1 0 0 3710.dat
1 484 1140 -184 410 1 0 0 0 1 0 0 0 1 3710.dat
1 72 1110 -184 430 1 0 0 0 1 0 0 0 1 3024.dat
1 484 1110 -184 480 0 0 1 0 1 0 -1 0 0 3710.dat
1 484 1110 -184 530 1 0 0 0 1 0 0 0 1 3024.dat
1 72 1110 -184 550 1 0 0 0 1 0 0 0 1 3024.dat
1 72 1110 -184 860 0 0 1 0 1 0 -1 0 0 3710.dat
1 0 1110 -184 930 1 0 0 0 1 0 0 0 1 3024.dat
1 72 1120 -184 1100 1 0 0 0 1 0 0 0 1 3022.dat
1 484 1110 -184 1260 0 0 1 0 1 0 -1 0 0 3666.dat
1 484 1150 -184 430 1 0 0 0 1 0 0 0 1 3623.dat
1 72 1130 -184 480 0 0 1 0 1 0 -1 0 0 3710.dat
1 72 1130 -184 530 1 0 0 0 1 0 0 0 1 3024.dat
1 484 1150 -184 560 1 0 0 0 1 0 0 0 1 3021.dat
1 72 1130 -184 980 0 0 1 0 1 0 -1 0 0 4477.dat
1 72 1130 -184 1150 0 0 1 0 1 0 -1 0 0 3623.dat
1 484 1160 -184 480 0 0 1 0 1 0 -1 0 0 3020.dat
1 484 1160 -184 530 1 0 0 0 1 0 0 0 1 3023.dat
1 0 1170 -184 220 0 0 1 0 1 0 -1 0 0 4477.dat
1 0 1170 -184 330 1 0 0 0 1 0 0 0 1 3024.dat
1 484 1170 -184 390 1 0 0 0 1 0 0 0 1 3024.dat
1 484 1170 -184 590 1 0 0 0 1 0 0 0 1 3024.dat
1 484 1170 -184 630 1 0 0 0 1 0 0 0 1 3024.dat
1 0 1170 -184 720 0 0 1 0 1 0 -1 0 0 3666.dat
1 0 1220 -184 790 1 0 0 0 1 0 0 0 1 3666.dat
1 0 1190 -184 140 0 0 1 0 1 0 -1 0 0 3023.dat
1 0 1280 -184 770 1 0 0 0 1 0 0 0 1 4477.dat
1 72 1220 -184 130 1 0 0 0 1 0 0 0 1 3023.dat
1 0 1300 -184 150 1 0 0 0 1 0 0 0 1 4477.dat
1 72 1230 -184 110 1 0 0 0 1 0 0 0 1 3024.dat
1 0 1260 -184 130 1 0 0 0 1 0 0 0 1 3023.dat
1 72 1290 -184 120 0 0 1 0 1 0 -1 0 0 3023.dat
1 72 1290 -184 790 1 0 0 0 1 0 0 0 1 3024.dat
1 0 1320 -184 130 1 0 0 0 1 0 0 0 1 3023.dat
1 0 1330 -184 790 1 0 0 0 1 0 0 0 1 3623.dat
1 0 1330 -184 280 0 0 1 0 1 0 -1 0 0 60479.dat
1 0 1330 -184 520 0 0 1 0 1 0 -1 0 0 60479.dat
1 0 1330 -184 700 0 0 1 0 1 0 -1 0 0 3666.dat
1 72 1350 -184 120 0 0 1 0 1 0 -1 0 0 3023.dat
1 0 1360 -184 240 1 0 0 0 1 0 0 0 1 3022.dat
1 0 1370 -184 350 1 0 0 0 1 0 0 0 1 3623.dat
1 0 1370 -184 410 1 0 0 0 1 0 0 0 1 3623.dat
1 0 1370 -184 520 1 0 0 0 1 0 0 0 1 3021.dat
1 0 1370 -184 570 1 0 0 0 1 0 0 0 1 3623.dat
1 0 1360 -184 680 1 0 0 0 1 0 0 0 1 3022.dat
1 72 1380 -184 130 1 0 0 0 1 0 0 0 1 3023.dat
1 0 1380 -184 380 1 0 0 0 1 0 0 0 1 3022.dat
1 0 1380 -184 550 1 0 0 0 1 0 0 0 1 3023.dat
1 72 1370 -184 790 1 0 0 0 1 0 0 0 1 3024.dat
1 0 1390 -184 200 0 0 1 0 1 0 -1 0 0 3710.dat
1 0 1390 -184 740 0 0 1 0 1 0 -1 0 0 3666.dat
1 72 100 -192 130 1 0 0 0 1 0 0 0 1 4477.dat
1 0 20 -192 160 1 0 0 0 1 0 0 0 1 3022.dat
1 0 20 -192 370 0 0 1 0 1 0 -1 0 0 3021.dat
1 0 20 -192 550 0 0 1 0 1 0 -1 0 0 3021.dat
1 0 120 -192 750 1 0 0 0 1 0 0 0 1 60479.dat
1 0 20 -192 770 1 0 0 0 1 0 0 0 1 3023.dat
1 72 100 -192 790 1 0 0 0 1 0 0 0 1 4477.dat
1 0 30 -192 210 0 0 1 0 1 0 -1 0 0 3623.dat
1 0 50 -192 690 1 0 0 0 1 0 0 0 1 3623.dat
1 0 30 -192 720 0 0 1 0 1 0 -1 0 0 3023.dat
1 72 50 -192 150 1 0 0 0 1 0 0 0 1 3024.dat
1 0 140 -192 170 1 0 0 0 1 0 0 0 1 4477.dat
1 0 60 -192 230 1 0 0 0 1 0 0 0 1 3023.dat
1 0 60 -192 350 1 0 0 0 1 0 0 0 1 3023.dat
1 0 60 -192 390 1 0 0 0 1 0 0 0 1 3023.dat
1 0 60 -192 530 1 0 0 0 1 0 0 0 1 3023.dat
1 0 60 -192 570 1 0 0 0 1 0 0 0 1 3023.dat
1 72 50 -192 770 1 0 0 0 1 0 0 0 1 3024.dat
1 0 140 -192 150 1 0 0 0 1 0 0 0 1 3460.dat
1 0 70 -192 200 0 0 1 0 1 0 -1 0 0 3023.dat
1 0 70 -192 280 0 0 1 0 1 0 -1 0 0 3710.dat
1 0 70 -192 330 1 0 0 0 1 0 0 0 1 3024.dat
1 0 70 -192 370 1 0 0 0 1 0 0 0 1 3024.dat
1 0 70 -192 460 0 0 1 0 1 0 -1 0 0 3666.dat
1 0 70 -192 550 1 0 0 0 1 0 0 0 1 3024.dat
1 0 70 -192 620 0 0 1 0 1 0 -1 0 0 3710.dat
1 0 70 -192 670 1 0 0 0 1 0 0 0 1 3024.dat
1 0 70 -192 720 0 0 1 0 1 0 -1 0 0 3023.dat
1 0 140 -192 770 1 0 0 0 1 0 0 0 1 3460.dat
1 72 210 -192 130 1 0 0 0 1 0 0 0 1 3024.dat
1 72 210 -192 790 1 0 0 0 1 0 0 0 1 3024.dat
1 0 230 -192 150 1 0 0 0 1 0 0 0 1 3024.dat
1 0 230 -192 300 0 0 1 0 1 0 -1 0 0 60479.dat
1 0 230 -192 540 0 0 1 0 1 0 -1 0 0 60479.dat
1 0 230 -192 700 0 0 1 0 1 0 -1 0 0 3710.dat
1 0 230 -192 770 1 0 0 0 1 0 0 0 1 3024.dat
1 72 270 -192 460 0 0 1 0 1 0 -1 0 0 3023.dat
1 0 270 -192 500 0 0 1 0 1 0 -1 0 0 3023.dat
1 72 270 -192 540 0 0 1 0 1 0 -1 0 0 3023.dat
1 72 270 -192 920 0 0 1 0 1 0 -1 0 0 3710.dat
1 72 290 -192 430 1 0 0 0 1 0 0 0 1 3024.dat
1 0 290 -192 460 0 0 1 0 1 0 -1 0 0 3023.dat
1 0 290 -192 530 1 0 0 0 1 0 0 0 1 3024.dat
1 72 290 -192 560 0 0 1 0 1 0 -1 0 0 3023.dat
1 72 300 -192 870 0 0 1 0 1 0 -1 0 0 3021.dat
1 72 290 -192 1040 0 0 1 0 1 0 -1 0 0 60479.dat
1 72 290 -192 1180 0 0 1 0 1 0 -1 0 0 3023.dat
1 484 340 -192 1210 1 0 0 0 1 0 0 0 1 3666.dat
1 484 290 -192 1240 0 0 1 0 1 0 -1 0 0 3023.dat
1 72 340 -192 410 1 0 0 0 1 0 0 0 1 3710.dat
1 0 310 -192 430 1 0 0 0 1 0 0 0 1 3024.dat
1 0 310 -192 550 1 0 0 0 1 0 0 0 1 3024.dat
1 72 360 -192 570 1 0 0 0 1 0 0 0 1 3666.dat
1 72 330 -192 800 1 0 0 0 1 0 0 0 1 3021.dat
1 72 320 -192 830 1 0 0 0 1 0 0 0 1 3023.dat
1 72 310 -192 910 1 0 0 0 1 0 0 0 1 3024.dat
1 0 310 -192 930 1 0 0 0 1 0 0 0 1 3024.dat
1 72 340 -192 1190 1 0 0 0 1 0 0 0 1 3710.dat
1 484 340 -192 1260 1 0 0 0 1 0 0 0 1 3020.dat
1 72 350 -192 590 1 0 0 0 1 0 0 0 1 3623.dat
1 72 400 -192 730 1 0 0 0 1 0 0 0 1 3460.dat
1 72 330 -192 760 0 0 1 0 1 0 -1 0 0 3023.dat
1 72 330 -192 850 1 0 0 0 1 0 0 0 1 3024.dat
1 72 330 -192 950 0 0 1 0 1 0 -1 0 0 3623.dat
1 0 330 -192 990 1 0 0 0 1 0 0 0 1 3024.dat
1 0 350 -192 770 1 0 0 0 1 0 0 0 1 3024.dat
1 72 350 -192 990 0 0 1 0 1 0 -1 0 0 3623.dat
1 72 380 -192 770 1 0 0 0 1 0 0 0 1 3023.dat
1 72 370 -192 790 1 0 0 0 1 0 0 0 1 3024.dat
1 72 380 -192 1010 1 0 0 0 1 0 0 0 1 3023.dat
1 0 370 -192 1030 1 0 0 0 1 0 0 0 1 3024.dat
1 72 390 -192 420 0 0 1 0 1 0 -1 0 0 3023.dat
1 0 390 -192 750 1 0 0 0 1 0 0 0 1 3024.dat
1 72 410 -192 1030 1 0 0 0 1 0 0 0 1 3623.dat
1 484 390 -192 1250 0 0 1 0 1 0 -1 0 0 3623.dat
1 72 420 -192 440 1 0 0 0 1 0 0 0 1 3022.dat
1 72 420 -192 550 1 0 0 0 1 0 0 0 1 3023.dat
1 72 460 -192 750 1 0 0 0 1 0 0 0 1 3666.dat
1 0 410 -192 1050 1 0 0 0 1 0 0 0 1 3024.dat
1 72 410 -192 1210 1 0 0 0 1 0 0 0 1 3024.dat
1 72 430 -192 500 0 0 1 0 1 0 -1 0 0 3710.dat
1 72 460 -192 1050 1 0 0 0 1 0 0 0 1 3710.dat
1 72 430 -192 1170 0 0 1 0 1 0 -1 0 0 3623.dat
1 72 450 -192 490 1 0 0 0 1 0 0 0 1 3024.dat
1 72 450 -192 1100 0 0 1 0 1 0 -1 0 0 3710.dat
1 72 450 -192 1150 1 0 0 0 1 0 0 0 1 3024.dat
1 72 470 -192 1020 0 0 1 0 1 0 -1 0 0 3023.dat
1 0 470 -192 1070 1 0 0 0 1 0 0 0 1 3024.dat
1 72 470 -192 1090 1 0 0 0 1 0 0 0 1 3024.dat
1 72 600 -192 710 1 0 0 0 1 0 0 0 1 60479.dat
1 72 490 -192 730 1 0 0 0 1 0 0 0 1 3024.dat
1 72 490 -192 970 0 0 1 0 1 0 -1 0 0 3623.dat
1 0 510 -192 730 1 0 0 0 1 0 0 0 1 3024.dat
1 72 510 -192 930 0 0 1 0 1 0 -1 0 0 3623.dat
1 72 530 -192 1030 1 0 0 0 1 0 0 0 1 3623.dat
1 72 510 -192 1050 1 0 0 0 1 0 0 0 1 3024.dat
1 72 530 -192 760 0 0 1 0 1 0 -1 0 0 3023.dat
1 72 530 -192 890 0 0 1 0 1 0 -1 0 0 3623.dat
1 0 530 -192 1050 1 0 0 0 1 0 0 0 1 3024.dat
1 72 560 -192 770 1 0 0 0 1 0 0 0 1 3023.dat
1 72 550 -192 850 0 0 1 0 1 0 -1 0 0 3623.dat
1 72 560 -192 1010 1 0 0 0 1 0 0 0 1 3023.dat
1 0 570 -192 750 1 0 0 0 1 0 0 0 1 3024.dat
1 72 580 -192 800 1 0 0 0 1 0 0 0 1 3022.dat
1 72 580 -192 990 1 0 0 0 1 0 0 0 1 3023.dat
1 320 590 -192 770 1 0 0 0 1 0 0 0 1 3024.dat
1 72 600 -192 830 1 0 0 0 1 0 0 0 1 3023.dat
1 0 590 -192 950 1 0 0 0 1 0 0 0 1 3024.dat
1 72 590 -192 970 1 0 0 0 1 0 0 0 1 3024.dat
1 0 590 -192 1010 1 0 0 0 1 0 0 0 1 3024.dat
1 4 610 -192 770 1 0 0 0 1 0 0 0 1 3024.dat
1 0 610 -192 790 1 0 0 0 1 0 0 0 1 3024.dat
1 72 630 -192 810 1 0 0 0 1 0 0 0 1 3623.dat
1 72 610 -192 900 0 0 1 0 1 0 -1 0 0 3666.dat
1 0 610 -192 970 1 0 0 0 1 0 0 0 1 3024.dat
1 484 640 -192 770 1 0 0 0 1 0 0 0 1 3023.dat
1 0 630 -192 850 1 0 0 0 1 0 0 0 1 3024.dat
1 0 630 -192 910 1 0 0 0 1 0 0 0 1 3024.dat
1 84 650 -192 790 1 0 0 0 1 0 0 0 1 3024.dat
1 4 680 -192 770 1 0 0 0 1 0 0 0 1 3023.dat
1 25 710 -192 770 1 0 0 0 1 0 0 0 1 3024.dat
1 72 820 -192 710 1 0 0 0 1 0 0 0 1 4477.dat
1 4 730 -192 770 1 0 0 0 1 0 0 0 1 3024.dat
1 484 760 -192 770 1 0 0 0 1 0 0 0 1 3023.dat
1 84 750 -192 790 1 0 0 0 1 0 0 0 1 3024.dat
1 72 780 -192 810 1 0 0 0 1 0 0 0 1 3710.dat
1 0 770 -192 850 1 0 0 0 1 0 0 0 1 3024.dat
1 0 770 -192 910 1 0 0 0 1 0 0 0 1 3024.dat
1 4 790 -192 770 1 0 0 0 1 0 0 0 1 3024.dat
1 0 790 -192 790 1 0 0 0 1 0 0 0 1 3024.dat
1 72 790 -192 880 0 0 1 0 1 0 -1 0 0 3666.dat
1 72 800 -192 950 1 0 0 0 1 0 0 0 1 3023.dat
1 0 790 -192 970 1 0 0 0 1 0 0 0 1 3024.dat
1 320 810 -192 770 1 0 0 0 1 0 0 0 1 3024.dat
1 72 820 -192 790 1 0 0 0 1 0 0 0 1 3023.dat
1 72 810 -192 830 1 0 0 0 1 0 0 0 1 3024.dat
1 72 810 -192 980 0 0 1 0 1 0 -1 0 0 3023.dat
1 0 820 -192 1010 1 0 0 0 1 0 0 0 1 3023.dat
1 0 840 -192 750 1 0 0 0 1 0 0 0 1 3023.dat
1 72 850 -192 770 1 0 0 0 1 0 0 0 1 3623.dat
1 72 830 -192 810 1 0 0 0 1 0 0 0 1 3024.dat
1 72 830 -192 990 1 0 0 0 1 0 0 0 1 3024.dat
1 72 850 -192 840 0 0 1 0 1 0 -1 0 0 3023.dat
1 72 850 -192 1020 0 0 1 0 1 0 -1 0 0 3023.dat
1 72 920 -192 750 1 0 0 0 1 0 0 0 1 3666.dat
1 72 870 -192 880 0 0 1 0 1 0 -1 0 0 3023.dat
1 72 880 -192 1030 1 0 0 0 1 0 0 0 1 3023.dat
1 0 870 -192 1050 1 0 0 0 1 0 0 0 1 3024.dat
1 0 890 -192 730 1 0 0 0 1 0 0 0 1 3024.dat
1 72 890 -192 930 0 0 1 0 1 0 -1 0 0 3623.dat
1 72 920 -192 1050 1 0 0 0 1 0 0 0 1 3710.dat
1 72 980 -192 730 1 0 0 0 1 0 0 0 1 3460.dat
1 72 910 -192 970 0 0 1 0 1 0 -1 0 0 3623.dat
1 72 930 -192 1010 0 0 1 0 1 0 -1 0 0 3623.dat
1 0 930 -192 1070 1 0 0 0 1 0 0 0 1 3024.dat
1 72 940 -192 1090 1 0 0 0 1 0 0 0 1 3023.dat
1 72 980 -192 1030 1 0 0 0 1 0 0 0 1 3710.dat
1 72 950 -192 1070 1 0 0 0 1 0 0 0 1 3024.dat
1 72 950 -192 1130 0 0 1 0 1 0 -1 0 0 3623.dat
1 72 970 -192 500 0 0 1 0 1 0 -1 0 0 3666.dat
1 72 970 -192 1050 1 0 0 0 1 0 0 0 1 3024.dat
1 72 970 -192 1170 0 0 1 0 1 0 -1 0 0 3623.dat
1 72 1000 -192 430 1 0 0 0 1 0 0 0 1 3023.dat
1 72 990 -192 450 1 0 0 0 1 0 0 0 1 3024.dat
1 72 990 -192 560 0 0 1 0 1 0 -1 0 0 3023.dat
1 72 990 -192 750 1 0 0 0 1 0 0 0 1 3024.dat
1 0 990 -192 1050 1 0 0 0 1 0 0 0 1 3024.dat
1 72 990 -192 1200 0 0 1 0 1 0 -1 0 0 3023.dat
1 72 1040 -192 410 1 0 0 0 1 0 0 0 1 3710.dat
1 72 1060 -192 570 1 0 0 0 1 0 0 0 1 3666.dat
1 0 1010 -192 750 1 0 0 0 1 0 0 0 1 3024.dat
1 72 1020 -192 770 1 0 0 0 1 0 0 0 1 3023.dat
1 484 1060 -192 1210 1 0 0 0 1 0 0 0 1 3666.dat
1 484 1010 -192 1250 0 0 1 0 1 0 -1 0 0 3623.dat
1 72 1050 -192 590 1 0 0 0 1 0 0 0 1 3623.dat
1 72 1040 -192 790 1 0 0 0 1 0 0 0 1 3023.dat
1 72 1040 -192 1010 1 0 0 0 1 0 0 0 1 3023.dat
1 0 1030 -192 1030 1 0 0 0 1 0 0 0 1 3024.dat
1 72 1080 -192 1190 1 0 0 0 1 0 0 0 1 3666.dat
1 484 1060 -192 1260 1 0 0 0 1 0 0 0 1 3020.dat
1 0 1050 -192 770 1 0 0 0 1 0 0 0 1 3024.dat
1 72 1070 -192 810 1 0 0 0 1 0 0 0 1 3623.dat
1 0 1050 -192 970 1 0 0 0 1 0 0 0 1 3024.dat
1 72 1050 -192 990 1 0 0 0 1 0 0 0 1 3024.dat
1 72 1070 -192 750 0 0 1 0 1 0 -1 0 0 3623.dat
1 72 1070 -192 840 0 0 1 0 1 0 -1 0 0 3023.dat
1 72 1080 -192 950 1 0 0 0 1 0 0 0 1 3023.dat
1 72 1070 -192 970 1 0 0 0 1 0 0 0 1 3024.dat
1 0 1070 -192 990 1 0 0 0 1 0 0 0 1 3024.dat
1 72 1090 -192 410 1 0 0 0 1 0 0 0 1 3024.dat
1 0 1090 -192 430 1 0 0 0 1 0 0 0 1 3024.dat
1 0 1100 -192 550 1 0 0 0 1 0 0 0 1 3023.dat
1 72 1090 -192 780 0 0 1 0 1 0 -1 0 0 3023.dat
1 0 1090 -192 830 1 0 0 0 1 0 0 0 1 3024.dat
1 72 1100 -192 870 0 0 1 0 1 0 -1 0 0 3021.dat
1 72 1090 -192 920 0 0 1 0 1 0 -1 0 0 3023.dat
1 72 1110 -192 430 1 0 0 0 1 0 0 0 1 3024.dat
1 0 1110 -192 460 0 0 1 0 1 0 -1 0 0 3023.dat
1 0 1110 -192 530 1 0 0 0 1 0 0 0 1 3024.dat
1 72 1110 -192 830 1 0 0 0 1 0 0 0 1 3024.dat
1 0 1110 -192 930 1 0 0 0 1 0 0 0 1 3024.dat
1 72 1110 -192 1100 0 0 1 0 1 0 -1 0 0 3666.dat
1 72 1120 -192 1170 1 0 0 0 1 0 0 0 1 3023.dat
1 484 1110 -192 1250 0 0 1 0 1 0 -1 0 0 3623.dat
1 72 1130 -192 460 0 0 1 0 1 0 -1 0 0 3023.dat
1 0 1130 -192 500 0 0 1 0 1 0 -1 0 0 3023.dat
1 72 1130 -192 540 0 0 1 0 1 0 -1 0 0 3023.dat
1 72 1130 -192 980 0 0 1 0 1 0 -1 0 0 4477.dat
1 72 1130 -192 1090 1 0 0 0 1 0 0 0 1 3024.dat
1 72 1130 -192 1140 0 0 1 0 1 0 -1 0 0 3023.dat
1 0 1280 -192 160 1 0 0 0 1 0 0 0 1 2445.dat
1 0 1170 -192 300 0 0 1 0 1 0 -1 0 0 60479.dat
1 0 1170 -192 540 0 0 1 0 1 0 -1 0 0 60479.dat
1 0 1170 -192 720 0 0 1 0 1 0 -1 0 0 3666.dat
1 72 1280 -192 130 1 0 0 0 1 0 0 0 1 4477.dat
1 0 1280 -192 760 1 0 0 0 1 0 0 0 1 3832.dat
1 72 1280 -192 790 1 0 0 0 1 0 0 0 1 4477.dat
1 0 1330 -192 300 0 0 1 0 1 0 -1 0 0 60479.dat
1 0 1330 -192 540 0 0 1 0 1 0 -1 0 0 60479.dat
1 0 1330 -192 700 0 0 1 0 1 0 -1 0 0 3710.dat
1 0 1360 -192 230 1 0 0 0 1 0 0 0 1 3023.dat
1 0 1370 -192 350 1 0 0 0 1 0 0 0 1 3623.dat
1 0 1370 -192 390 1 0 0 0 1 0 0 0 1 3623.dat
1 0 1370 -192 530 1 0 0 0 1 0 0 0 1 3623.dat
1 0 1370 -192 570 1 0 0 0 1 0 0 0 1 3623.dat
1 0 1360 -192 690 1 0 0 0 1 0 0 0 1 3023.dat
1 0 1380 -192 200 1 0 0 0 1 0 0 0 1 3022.dat
1 0 1380 -192 370 1 0 0 0 1 0 0 0 1 3023.dat
1 0 1380 -192 550 1 0 0 0 1 0 0 0 1 3023.dat
1 0 1380 -192 720 1 0 0 0 1 0 0 0 1 3022.dat
1 72 1390 -192 130 1 0 0 0 1 0 0 0 1 3024.dat
1 0 1390 -192 760 0 0 1 0 1 0 -1 0 0 3023.dat
1 72 1390 -192 790 1 0 0 0 1 0 0 0 1 3024.dat
1 72 30 -200 160 1 0 0 0 1 0 0 0 1 3021.dat
1 0 80 -200 340 0 0 1 0 1 0 -1 0 0 92438.dat
1 0 120 -200 560 1 0 0 0 1 0 0 0 1 3028.dat
1 0 120 -200 680 1 0 0 0 1 0 0 0 1 3028.dat
1 0 10 -200 760 0 0 1 0 1 0 -1 0 0 3023.dat
1 72 40 -200 130 1 0 0 0 1 0 0 0 1 3023.dat
1 72 40 -200 750 1 0 0 0 1 0 0 0 1 3023.dat
1 0 30 -200 770 1 0 0 0 1 0 0 0 1 3024.dat
1 72 40 -200 790 1 0 0 0 1 0 0 0 1 3023.dat
1 72 50 -200 770 1 0 0 0 1 0 0 0 1 3024.dat
1 0 80 -200 160 1 0 0 0 1 0 0 0 1 3022.dat
1 0 80 -200 760 1 0 0 0 1 0 0 0 1 3022.dat
1 72 110 -200 150 0 0 1 0 1 0 -1 0 0 3623.dat
1 72 110 -200 770 0 0 1 0 1 0 -1 0 0 3623.dat
1 72 130 -200 130 1 0 0 0 1 0 0 0 1 3024.dat
1 0 140 -200 160 1 0 0 0 1 0 0 0 1 3022.dat
1 72 130 -200 750 1 0 0 0 1 0 0 0 1 3024.dat
1 0 150 -200 770 1 0 0 0 1 0 0 0 1 3623.dat
1 0 150 -200 750 1 0 0 0 1 0 0 0 1 3024.dat
1 72 180 -200 150 0 0 1 0 1 0 -1 0 0 3021.dat
1 0 200 -200 300 0 0 1 0 1 0 -1 0 0 3029.dat
1 0 200 -200 460 1 0 0 0 1 0 0 0 1 3031.dat
1 72 180 -200 750 1 0 0 0 1 0 0 0 1 3023.dat
1 72 180 -200 790 1 0 0 0 1 0 0 0 1 3023.dat
1 72 190 -200 770 1 0 0 0 1 0 0 0 1 3024.dat
1 0 210 -200 160 0 0 1 0 1 0 -1 0 0 3023.dat
1 0 220 -200 750 1 0 0 0 1 0 0 0 1 3023.dat
1 0 210 -200 770 1 0 0 0 1 0 0 0 1 3024.dat
1 0 230 -200 170 1 0 0 0 1 0 0 0 1 3024.dat
1 72 270 -200 450 1 0 0 0 1 0 0 0 1 3024.dat
1 0 270 -200 500 0 0 1 0 1 0 -1 0 0 3710.dat
1 0 310 -200 430 1 0 0 0 1 0 0 0 1 3623.dat
1 0 290 -200 460 0 0 1 0 1 0 -1 0 0 3023.dat
1 72 290 -200 500 0 0 1 0 1 0 -1 0 0 3023.dat
1 0 290 -200 540 0 0 1 0 1 0 -1 0 0 3023.dat
1 72 290 -200 960 0 0 1 0 1 0 -1 0 0 60479.dat
1 72 290 -200 1140 0 0 1 0 1 0 -1 0 0 3666.dat
1 484 340 -200 1220 1 0 0 0 1 0 0 0 1 3795.dat
1 72 310 -200 410 1 0 0 0 1 0 0 0 1 3024.dat
1 72 310 -200 450 1 0 0 0 1 0 0 0 1 3024.dat
1 0 310 -200 560 0 0 1 0 1 0 -1 0 0 3023.dat
1 72 310 -200 860 0 0 1 0 1 0 -1 0 0 3460.dat
1 72 340 -200 1190 1 0 0 0 1 0 0 0 1 3710.dat
1 484 340 -200 1250 1 0 0 0 1 0 0 0 1 3710.dat
1 0 350 -200 410 1 0 0 0 1 0 0 0 1 3623.dat
1 72 330 -200 550 1 0 0 0 1 0 0 0 1 3024.dat
1 0 360 -200 570 1 0 0 0 1 0 0 0 1 3710.dat
1 72 440 -200 730 1 0 0 0 1 0 0 0 1 60479.dat
1 72 330 -200 800 0 0 1 0 1 0 -1 0 0 3666.dat
1 72 330 -200 950 0 0 1 0 1 0 -1 0 0 3623.dat
1 0 330 -200 990 1 0 0 0 1 0 0 0 1 3024.dat
1 72 360 -200 430 1 0 0 0 1 0 0 0 1 3023.dat
1 0 350 -200 770 1 0 0 0 1 0 0 0 1 3024.dat
1 72 360 -200 790 1 0 0 0 1 0 0 0 1 3023.dat
1 72 350 -200 810 1 0 0 0 1 0 0 0 1 3024.dat
1 72 350 -200 990 0 0 1 0 1 0 -1 0 0 3623.dat
1 72 370 -200 550 1 0 0 0 1 0 0 0 1 3024.dat
1 72 380 -200 770 1 0 0 0 1 0 0 0 1 3023.dat
1 72 380 -200 1010 1 0 0 0 1 0 0 0 1 3023.dat
1 0 370 -200 1030 1 0 0 0 1 0 0 0 1 3024.dat
1 72 390 -200 410 1 0 0 0 1 0 0 0 1 3024.dat
1 0 400 -200 430 1 0 0 0 1 0 0 0 1 3023.dat
1 72 390 -200 450 1 0 0 0 1 0 0 0 1 3024.dat
1 0 400 -200 550 1 0 0 0 1 0 0 0 1 3023.dat
1 0 390 -200 750 1 0 0 0 1 0 0 0 1 3024.dat
1 72 410 -200 1030 1 0 0 0 1 0 0 0 1 3623.dat
1 484 390 -200 1250 1 0 0 0 1 0 0 0 1 3024.dat
1 0 420 -200 450 1 0 0 0 1 0 0 0 1 3023.dat
1 72 410 -200 470 1 0 0 0 1 0 0 0 1 3024.dat
1 72 410 -200 510 1 0 0 0 1 0 0 0 1 3024.dat
1 0 420 -200 530 1 0 0 0 1 0 0 0 1 3023.dat
1 72 460 -200 750 1 0 0 0 1 0 0 0 1 3666.dat
1 72 410 -200 1210 1 0 0 0 1 0 0 0 1 3024.dat
1 0 430 -200 490 0 0 1 0 1 0 -1 0 0 3623.dat
1 72 460 -200 1050 1 0 0 0 1 0 0 0 1 3710.dat
1 72 430 -200 1170 0 0 1 0 1 0 -1 0 0 3623.dat
1 72 450 -200 1100 0 0 1 0 1 0 -1 0 0 3710.dat
1 72 450 -200 1150 1 0 0 0 1 0 0 0 1 3024.dat
1 72 470 -200 1010 0 0 1 0 1 0 -1 0 0 3623.dat
1 72 470 -200 1090 1 0 0 0 1 0 0 0 1 3024.dat
1 72 490 -200 970 0 0 1 0 1 0 -1 0 0 3623.dat
1 0 490 -200 1070 1 0 0 0 1 0 0 0 1 3024.dat
1 72 510 -200 930 0 0 1 0 1 0 -1 0 0 3623.dat
1 72 530 -200 1030 1 0 0 0 1 0 0 0 1 3623.dat
1 72 510 -200 1050 1 0 0 0 1 0 0 0 1 3024.dat
1 72 640 -200 710 1 0 0 0 1 0 0 0 1 60479.dat
1 72 530 -200 760 0 0 1 0 1 0 -1 0 0 3023.dat
1 72 530 -200 890 0 0 1 0 1 0 -1 0 0 3623.dat
1 0 530 -200 1050 1 0 0 0 1 0 0 0 1 3024.dat
1 0 560 -200 750 1 0 0 0 1 0 0 0 1 3023.dat
1 72 560 -200 770 1 0 0 0 1 0 0 0 1 3023.dat
1 72 550 -200 840 0 0 1 0 1 0 -1 0 0 3023.dat
1 72 560 -200 1010 1 0 0 0 1 0 0 0 1 3023.dat
1 72 580 -200 730 1 0 0 0 1 0 0 0 1 3023.dat
1 72 580 -200 800 1 0 0 0 1 0 0 0 1 3022.dat
1 72 580 -200 990 1 0 0 0 1 0 0 0 1 3023.dat
1 320 590 -200 770 1 0 0 0 1 0 0 0 1 3024.dat
1 72 600 -200 830 1 0 0 0 1 0 0 0 1 3023.dat
1 72 590 -200 970 1 0 0 0 1 0 0 0 1 3024.dat
1 0 590 -200 1010 1 0 0 0 1 0 0 0 1 3024.dat
1 4 610 -200 770 1 0 0 0 1 0 0 0 1 3024.dat
1 0 610 -200 790 1 0 0 0 1 0 0 0 1 3024.dat
1 72 630 -200 810 1 0 0 0 1 0 0 0 1 3623.dat
1 72 610 -200 900 0 0 1 0 1 0 -1 0 0 3666.dat
1 0 610 -200 970 1 0 0 0 1 0 0 0 1 3024.dat
1 484 650 -200 770 1 0 0 0 1 0 0 0 1 3623.dat
1 0 630 -200 850 1 0 0 0 1 0 0 0 1 3024.dat
1 0 630 -200 910 1 0 0 0 1 0 0 0 1 3024.dat
1 84 650 -200 790 1 0 0 0 1 0 0 0 1 3024.dat
1 4 700 -200 770 1 0 0 0 1 0 0 0 1 3023.dat
1 484 750 -200 770 1 0 0 0 1 0 0 0 1 3623.dat
1 84 750 -200 790 1 0 0 0 1 0 0 0 1 3024.dat
1 72 800 -200 810 1 0 0 0 1 0 0 0 1 3666.dat
1 72 820 -200 710 1 0 0 0 1 0 0 0 1 3666.dat
1 0 770 -200 850 1 0 0 0 1 0 0 0 1 3024.dat
1 0 770 -200 910 1 0 0 0 1 0 0 0 1 3024.dat
1 4 790 -200 770 1 0 0 0 1 0 0 0 1 3024.dat
1 0 790 -200 790 1 0 0 0 1 0 0 0 1 3024.dat
1 72 790 -200 880 0 0 1 0 1 0 -1 0 0 3666.dat
1 72 800 -200 950 1 0 0 0 1 0 0 0 1 3023.dat
1 0 790 -200 970 1 0 0 0 1 0 0 0 1 3024.dat
1 72 920 -200 730 1 0 0 0 1 0 0 0 1 60479.dat
1 320 810 -200 770 1 0 0 0 1 0 0 0 1 3024.dat
1 72 820 -200 790 1 0 0 0 1 0 0 0 1 3023.dat
1 72 810 -200 830 1 0 0 0 1 0 0 0 1 3024.dat
1 72 810 -200 980 0 0 1 0 1 0 -1 0 0 3023.dat
1 0 810 -200 1010 1 0 0 0 1 0 0 0 1 3024.dat
1 72 850 -200 770 1 0 0 0 1 0 0 0 1 3623.dat
1 72 830 -200 1000 0 0 1 0 1 0 -1 0 0 3023.dat
1 0 850 -200 750 1 0 0 0 1 0 0 0 1 3024.dat
1 72 850 -200 840 0 0 1 0 1 0 -1 0 0 3023.dat
1 72 850 -200 1020 0 0 1 0 1 0 -1 0 0 3023.dat
1 72 920 -200 750 1 0 0 0 1 0 0 0 1 3666.dat
1 72 870 -200 880 0 0 1 0 1 0 -1 0 0 3023.dat
1 72 880 -200 1030 1 0 0 0 1 0 0 0 1 3023.dat
1 0 870 -200 1050 1 0 0 0 1 0 0 0 1 3024.dat
1 72 890 -200 920 0 0 1 0 1 0 -1 0 0 3023.dat
1 72 920 -200 1050 1 0 0 0 1 0 0 0 1 3710.dat
1 72 910 -200 970 0 0 1 0 1 0 -1 0 0 3623.dat
1 72 930 -200 1010 0 0 1 0 1 0 -1 0 0 3623.dat
1 0 930 -200 1070 1 0 0 0 1 0 0 0 1 3024.dat
1 72 940 -200 1090 1 0 0 0 1 0 0 0 1 3023.dat
1 72 980 -200 1030 1 0 0 0 1 0 0 0 1 3710.dat
1 72 950 -200 1070 1 0 0 0 1 0 0 0 1 3024.dat
1 72 950 -200 1120 0 0 1 0 1 0 -1 0 0 3023.dat
1 72 970 -200 450 1 0 0 0 1 0 0 0 1 3024.dat
1 0 970 -200 500 0 0 1 0 1 0 -1 0 0 3710.dat
1 72 970 -200 1050 1 0 0 0 1 0 0 0 1 3024.dat
1 72 970 -200 1170 0 0 1 0 1 0 -1 0 0 3623.dat
1 0 1010 -200 430 1 0 0 0 1 0 0 0 1 3623.dat
1 0 990 -200 450 1 0 0 0 1 0 0 0 1 3024.dat
1 72 990 -200 490 0 0 1 0 1 0 -1 0 0 3623.dat
1 0 990 -200 540 0 0 1 0 1 0 -1 0 0 3023.dat
1 72 990 -200 750 1 0 0 0 1 0 0 0 1 3024.dat
1 72 990 -200 1200 0 0 1 0 1 0 -1 0 0 3023.dat
1 72 1010 -200 410 1 0 0 0 1 0 0 0 1 3024.dat
1 72 1010 -200 450 1 0 0 0 1 0 0 0 1 3024.dat
1 0 1010 -200 560 0 0 1 0 1 0 -1 0 0 3023.dat
1 0 1010 -200 750 1 0 0 0 1 0 0 0 1 3024.dat
1 72 1020 -200 770 1 0 0 0 1 0 0 0 1 3023.dat
1 484 1060 -200 1220 1 0 0 0 1 0 0 0 1 3795.dat
1 484 1060 -200 1250 1 0 0 0 1 0 0 0 1 3666.dat
1 0 1050 -200 410 1 0 0 0 1 0 0 0 1 3623.dat
1 72 1030 -200 550 1 0 0 0 1 0 0 0 1 3024.dat
1 0 1060 -200 570 1 0 0 0 1 0 0 0 1 3710.dat
1 72 1060 -200 790 1 0 0 0 1 0 0 0 1 3710.dat
1 72 1040 -200 1010 1 0 0 0 1 0 0 0 1 3023.dat
1 0 1030 -200 1030 1 0 0 0 1 0 0 0 1 3024.dat
1 72 1060 -200 1190 1 0 0 0 1 0 0 0 1 3710.dat
1 72 1050 -200 430 1 0 0 0 1 0 0 0 1 3024.dat
1 72 1060 -200 730 1 0 0 0 1 0 0 0 1 3023.dat
1 0 1050 -200 770 1 0 0 0 1 0 0 0 1 3024.dat
1 72 1070 -200 810 1 0 0 0 1 0 0 0 1 3623.dat
1 72 1050 -200 990 1 0 0 0 1 0 0 0 1 3024.dat
1 0 1090 -200 430 1 0 0 0 1 0 0 0 1 3623.dat
1 72 1070 -200 550 1 0 0 0 1 0 0 0 1 3024.dat
1 72 1070 -200 760 0 0 1 0 1 0 -1 0 0 3023.dat
1 72 1070 -200 840 0 0 1 0 1 0 -1 0 0 3023.dat
1 72 1080 -200 950 1 0 0 0 1 0 0 0 1 3023.dat
1 72 1070 -200 970 1 0 0 0 1 0 0 0 1 3024.dat
1 0 1070 -200 990 1 0 0 0 1 0 0 0 1 3024.dat
1 72 1090 -200 410 1 0 0 0 1 0 0 0 1 3024.dat
1 72 1090 -200 450 1 0 0 0 1 0 0 0 1 3024.dat
1 0 1100 -200 550 1 0 0 0 1 0 0 0 1 3023.dat
1 0 1090 -200 830 1 0 0 0 1 0 0 0 1 3024.dat
1 72 1100 -200 870 0 0 1 0 1 0 -1 0 0 3021.dat
1 72 1090 -200 920 0 0 1 0 1 0 -1 0 0 3023.dat
1 0 1110 -200 450 1 0 0 0 1 0 0 0 1 3024.dat
1 72 1110 -200 490 0 0 1 0 1 0 -1 0 0 3623.dat
1 0 1120 -200 530 1 0 0 0 1 0 0 0 1 3023.dat
1 72 1110 -200 830 1 0 0 0 1 0 0 0 1 3024.dat
1 72 1110 -200 1080 0 0 1 0 1 0 -1 0 0 4477.dat
1 72 1110 -200 1190 1 0 0 0 1 0 0 0 1 3024.dat
1 72 1130 -200 450 1 0 0 0 1 0 0 0 1 3024.dat
1 0 1130 -200 490 0 0 1 0 1 0 -1 0 0 3623.dat
1 72 1130 -200 940 0 0 1 0 1 0 -1 0 0 3666.dat
1 72 1130 -200 1010 1 0 0 0 1 0 0 0 1 3024.dat
1 0 1180 -200 320 0 0 1 0 1 0 -1 0 0 4282.dat
1 0 1280 -200 540 1 0 0 0 1 0 0 0 1 3028.dat
1 0 1280 -200 660 1 0 0 0 1 0 0 0 1 3028.dat
1 0 1280 -200 730 1 0 0 0 1 0 0 0 1 60479.dat
1 0 1180 -200 750 1 0 0 0 1 0 0 0 1 3023.dat
1 0 1190 -200 150 1 0 0 0 1 0 0 0 1 3024.dat
1 0 1220 -200 770 1 0 0 0 1 0 0 0 1 3710.dat
1 72 1220 -200 150 0 0 1 0 1 0 -1 0 0 3021.dat
1 0 1260 -200 300 0 0 1 0 1 0 -1 0 0 3028.dat
1 0 1300 -200 440 1 0 0 0 1 0 0 0 1 3832.dat
1 0 1300 -200 470 1 0 0 0 1 0 0 0 1 4477.dat
1 72 1220 -200 750 1 0 0 0 1 0 0 0 1 3023.dat
1 72 1220 -200 790 1 0 0 0 1 0 0 0 1 3023.dat
1 0 1260 -200 160 1 0 0 0 1 0 0 0 1 3022.dat
1 0 1260 -200 750 1 0 0 0 1 0 0 0 1 3023.dat
1 0 1270 -200 770 1 0 0 0 1 0 0 0 1 3024.dat
1 72 1290 -200 150 0 0 1 0 1 0 -1 0 0 3623.dat
1 72 1290 -200 770 0 0 1 0 1 0 -1 0 0 3623.dat
1 0 1320 -200 160 1 0 0 0 1 0 0 0 1 3022.dat
1 0 1320 -200 760 1 0 0 0 1 0 0 0 1 3022.dat
1 0 1360 -200 300 0 0 1 0 1 0 -1 0 0 3029.dat
1 72 1360 -200 150 0 0 1 0 1 0 -1 0 0 3021.dat
1 72 1360 -200 750 1 0 0 0 1 0 0 0 1 3023.dat
1 0 1350 -200 770 1 0 0 0 1 0 0 0 1 3024.dat
1 72 1360 -200 790 1 0 0 0 1 0 0 0 1 3023.dat
1 72 1370 -200 770 1 0 0 0 1 0 0 0 1 3024.dat
1 72 1390 -200 160 0 0 1 0 1 0 -1 0 0 3023.dat
1 0 1390 -200 760 0 0 1 0 1 0 -1 0 0 3023.dat
1 0 10 -208 170 1 0 0 0 1 0 0 0 1 3024.dat
1 72 100 -208 190 1 0 0 0 1 0 0 0 1 4477.dat
1 0 10 -208 210 1 0 0 0 1 0 0 0 1 3024.dat
1 72 100 -208 230 1 0 0 0 1 0 0 0 1 4477.dat
1 0 10 -208 250 1 0 0 0 1 0 0 0 1 3024.dat
1 72 100 -208 280 1 0 0 0 1 0 0 0 1 3832.dat
1 0 10 -208 310 1 0 0 0 1 0 0 0 1 3024.dat
1 72 100 -208 330 1 0 0 0 1 0 0 0 1 4477.dat
1 0 10 -208 360 0 0 1 0 1 0 -1 0 0 3023.dat
1 72 100 -208 390 1 0 0 0 1 0 0 0 1 4477.dat
1 0 10 -208 410 1 0 0 0 1 0 0 0 1 3024.dat
1 72 100 -208 440 1 0 0 0 1 0 0 0 1 3832.dat
1 0 10 -208 470 1 0 0 0 1 0 0 0 1 3024.dat
1 72 100 -208 490 1 0 0 0 1 0 0 0 1 4477.dat
1 0 10 -208 520 0 0 1 0 1 0 -1 0 0 3023.dat
1 72 100 -208 550 1 0 0 0 1 0 0 0 1 4477.dat
1 0 10 -208 570 1 0 0 0 1 0 0 0 1 3024.dat
1 72 100 -208 600 1 0 0 0 1 0 0 0 1 3832.dat
1 0 10 -208 630 1 0 0 0 1 0 0 0 1 3024.dat
1 72 100 -208 650 1 0 0 0 1 0 0 0 1 4477.dat
1 0 10 -208 670 1 0 0 0 1 0 0 0 1 3024.dat
1 72 100 -208 700 1 0 0 0 1 0 0 0 1 3832.dat
1 0 10 -208 730 1 0 0 0 1 0 0 0 1 3024.dat
1 72 100 -208 750 1 0 0 0 1 0 0 0 1 4477.dat
1 72 40 -208 170 1 0 0 0 1 0 0 0 1 3023.dat
1 72 40 -208 210 1 0 0 0 1 0 0 0 1 3023.dat
1 72 40 -208 250 1 0 0 0 1 0 0 0 1 3023.dat
1 72 40 -208 310 1 0 0 0 1 0 0 0 1 3023.dat
1 72 40 -208 360 1 0 0 0 1 0 0 0 1 3022.dat
1 72 40 -208 410 1 0 0 0 1 0 0 0 1 3023.dat
1 72 40 -208 470 1 0 0 0 1 0 0 0 1 3023.dat
1 72 40 -208 520 1 0 0 0 1 0 0 0 1 3022.dat
1 72 40 -208 570 1 0 0 0 1 0 0 0 1 3023.dat
1 72 40 -208 630 1 0 0 0 1 0 0 0 1 3023.dat
1 72 40 -208 670 1 0 0 0 1 0 0 0 1 3023.dat
1 72 40 -208 730 1 0 0 0 1 0 0 0 1 3023.dat
1 72 40 -208 770 1 0 0 0 1 0 0 0 1 3023.dat
1 72 50 -208 130 1 0 0 0 1 0 0 0 1 3024.dat
1 72 50 -208 790 1 0 0 0 1 0 0 0 1 3024.dat
1 0 80 -208 170 1 0 0 0 1 0 0 0 1 3023.dat
1 0 80 -208 210 1 0 0 0 1 0 0 0 1 3023.dat
1 0 80 -208 250 1 0 0 0 1 0 0 0 1 3023.dat
1 0 80 -208 310 1 0 0 0 1 0 0 0 1 3023.dat
1 0 80 -208 360 1 0 0 0 1 0 0 0 1 3022.dat
1 0 80 -208 410 1 0 0 0 1 0 0 0 1 3023.dat
1 0 80 -208 470 1 0 0 0 1 0 0 0 1 3023.dat
1 0 80 -208 520 1 0 0 0 1 0 0 0 1 3022.dat
1 0 80 -208 570 1 0 0 0 1 0 0 0 1 3023.dat
1 0 80 -208 630 1 0 0 0 1 0 0 0 1 3023.dat
1 0 80 -208 670 1 0 0 0 1 0 0 0 1 3023.dat
1 0 80 -208 730 1 0 0 0 1 0 0 0 1 3023.dat
1 72 110 -208 130 1 0 0 0 1 0 0 0 1 3024.dat
1 72 120 -208 170 1 0 0 0 1 0 0 0 1 3023.dat
1 72 120 -208 210 1 0 0 0 1 0 0 0 1 3023.dat
1 72 120 -208 250 1 0 0 0 1 0 0 0 1 3023.dat
1 72 120 -208 310 1 0 0 0 1 0 0 0 1 3023.dat
1 72 120 -208 360 1 0 0 0 1 0 0 0 1 3022.dat
1 72 120 -208 410 1 0 0 0 1 0 0 0 1 3023.dat
1 72 120 -208 470 1 0 0 0 1 0 0 0 1 3023.dat
1 72 120 -208 520 1 0 0 0 1 0 0 0 1 3022.dat
1 72 120 -208 570 1 0 0 0 1 0 0 0 1 3023.dat
1 72 120 -208 630 1 0 0 0 1 0 0 0 1 3023.dat
1 72 120 -208 670 1 0 0 0 1 0 0 0 1 3023.dat
1 72 120 -208 730 1 0 0 0 1 0 0 0 1 3023.dat
1 72 120 -208 770 1 0 0 0 1 0 0 0 1 3023.dat
1 72 110 -208 790 1 0 0 0 1 0 0 0 1 3024.dat
1 0 150 -208 170 1 0 0 0 1 0 0 0 1 3024.dat
1 0 150 -208 210 1 0 0 0 1 0 0 0 1 3024.dat
1 0 150 -208 250 1 0 0 0 1 0 0 0 1 3024.dat
1 0 150 -208 310 1 0 0 0 1 0 0 0 1 3024.dat
1 0 150 -208 360 0 0 1 0 1 0 -1 0 0 3023.dat
1 0 150 -208 410 1 0 0 0 1 0 0 0 1 3024.dat
1 0 150 -208 470 1 0 0 0 1 0 0 0 1 3024.dat
1 0 150 -208 520 0 0 1 0 1 0 -1 0 0 3023.dat
1 0 150 -208 570 1 0 0 0 1 0 0 0 1 3024.dat
1 0 150 -208 630 1 0 0 0 1 0 0 0 1 3024.dat
1 0 150 -208 670 1 0 0 0 1 0 0 0 1 3024.dat
1 0 150 -208 730 1 0 0 0 1 0 0 0 1 3024.dat
1 72 180 -208 130 1 0 0 0 1 0 0 0 1 3023.dat
1 72 180 -208 170 1 0 0 0 1 0 0 0 1 3023.dat
1 72 180 -208 210 1 0 0 0 1 0 0 0 1 3023.dat
1 72 180 -208 250 1 0 0 0 1 0 0 0 1 3023.dat
1 72 180 -208 310 1 0 0 0 1 0 0 0 1 3023.dat
1 72 180 -208 360 1 0 0 0 1 0 0 0 1 3022.dat
1 72 180 -208 410 1 0 0 0 1 0 0 0 1 3023.dat
1 72 180 -208 470 1 0 0 0 1 0 0 0 1 3023.dat
1 72 180 -208 520 1 0 0 0 1 0 0 0 1 3022.dat
1 72 180 -208 570 1 0 0 0 1 0 0 0 1 3023.dat
1 72 180 -208 630 1 0 0 0 1 0 0 0 1 3023.dat
1 72 180 -208 670 1 0 0 0 1 0 0 0 1 3023.dat
1 72 180 -208 730 1 0 0 0 1 0 0 0 1 3023.dat
1 72 180 -208 780 1 0 0 0 1 0 0 0 1 3022.dat
1 0 210 -208 170 1 0 0 0 1 0 0 0 1 3024.dat
1 72 210 -208 190 1 0 0 0 1 0 0 0 1 3024.dat
1 0 210 -208 210 1 0 0 0 1 0 0 0 1 3024.dat
1 72 210 -208 230 1 0 0 0 1 0 0 0 1 3024.dat
1 0 210 -208 250 1 0 0 0 1 0 0 0 1 3024.dat
1 72 210 -208 280 0 0 1 0 1 0 -1 0 0 3023.dat
1 0 210 -208 310 1 0 0 0 1 0 0 0 1 3024.dat
1 72 210 -208 330 1 0 0 0 1 0 0 0 1 3024.dat
1 0 210 -208 360 0 0 1 0 1 0 -1 0 0 3023.dat
1 72 210 -208 390 1 0 0 0 1 0 0 0 1 3024.dat
1 0 210 -208 410 1 0 0 0 1 0 0 0 1 3024.dat
1 72 210 -208 440 0 0 1 0 1 0 -1 0 0 3023.dat
1 0 210 -208 470 1 0 0 0 1 0 0 0 1 3024.dat
1 72 210 -208 490 1 0 0 0 1 0 0 0 1 3024.dat
1 0 210 -208 520 0 0 1 0 1 0 -1 0 0 3023.dat
1 72 210 -208 550 1 0 0 0 1 0 0 0 1 3024.dat
1 0 210 -208 570 1 0 0 0 1 0 0 0 1 3024.dat
1 72 210 -208 600 0 0 1 0 1 0 -1 0 0 3023.dat
1 0 210 -208 630 1 0 0 0 1 0 0 0 1 3024.dat
1 72 210 -208 650 1 0 0 0 1 0 0 0 1 3024.dat
1 0 210 -208 670 1 0 0 0 1 0 0 0 1 3024.dat
1 72 210 -208 700 0 0 1 0 1 0 -1 0 0 3023.dat
1 0 210 -208 730 1 0 0 0 1 0 0 0 1 3024.dat
1 72 210 -208 750 1 0 0 0 1 0 0 0 1 3024.dat
1 0 270 -208 500 0 0 1 0 1 0 -1 0 0 3710.dat
1 0 310 -208 430 1 0 0 0 1 0 0 0 1 3623.dat
1 0 290 -208 460 0 0 1 0 1 0 -1 0 0 3023.dat
1 0 290 -208 540 0 0 1 0 1 0 -1 0 0 3023.dat
1 72 290 -208 960 0 0 1 0 1 0 -1 0 0 60479.dat
1 72 290 -208 1140 0 0 1 0 1 0 -1 0 0 3666.dat
1 484 340 -208 1210 1 0 0 0 1 0 0 0 1 3666.dat
1 0 310 -208 560 0 0 1 0 1 0 -1 0 0 3023.dat
1 72 330 -208 800 1 0 0 0 1 0 0 0 1 3021.dat
1 0 310 -208 830 1 0 0 0 1 0 0 0 1 3024.dat
1 72 310 -208 880 0 0 1 0 1 0 -1 0 0 3710.dat
1 72 320 -208 930 1 0 0 0 1 0 0 0 1 3023.dat
1 0 310 -208 950 1 0 0 0 1 0 0 0 1 3024.dat
1 72 330 -208 1190 1 0 0 0 1 0 0 0 1 3623.dat
1 0 350 -208 410 1 0 0 0 1 0 0 0 1 3623.dat
1 0 360 -208 570 1 0 0 0 1 0 0 0 1 3710.dat
1 72 440 -208 730 1 0 0 0 1 0 0 0 1 60479.dat
1 72 330 -208 760 0 0 1 0 1 0 -1 0 0 3023.dat
1 72 330 -208 840 0 0 1 0 1 0 -1 0 0 3023.dat
1 72 330 -208 960 0 0 1 0 1 0 -1 0 0 3023.dat
1 0 330 -208 990 1 0 0 0 1 0 0 0 1 3024.dat
1 0 350 -208 770 1 0 0 0 1 0 0 0 1 3024.dat
1 72 350 -208 990 0 0 1 0 1 0 -1 0 0 3623.dat
1 0 390 -208 430 1 0 0 0 1 0 0 0 1 3623.dat
1 72 380 -208 770 1 0 0 0 1 0 0 0 1 3023.dat
1 72 370 -208 790 1 0 0 0 1 0 0 0 1 3024.dat
1 72 380 -208 1010 1 0 0 0 1 0 0 0 1 3023.dat
1 0 370 -208 1030 1 0 0 0 1 0 0 0 1 3024.dat
1 0 400 -208 550 1 0 0 0 1 0 0 0 1 3023.dat
1 0 390 -208 750 1 0 0 0 1 0 0 0 1 3024.dat
1 72 410 -208 1030 1 0 0 0 1 0 0 0 1 3623.dat
1 0 420 -208 450 1 0 0 0 1 0 0 0 1 3023.dat
1 0 420 -208 530 1 0 0 0 1 0 0 0 1 3023.dat
1 72 460 -208 750 1 0 0 0 1 0 0 0 1 3666.dat
1 72 410 -208 1210 1 0 0 0 1 0 0 0 1 3024.dat
1 0 430 -208 490 0 0 1 0 1 0 -1 0 0 3623.dat
1 0 430 -208 1050 1 0 0 0 1 0 0 0 1 3024.dat
1 72 430 -208 1170 0 0 1 0 1 0 -1 0 0 3623.dat
1 72 450 -208 1100 0 0 1 0 1 0 -1 0 0 3666.dat
1 72 470 -208 1020 0 0 1 0 1 0 -1 0 0 3710.dat
1 72 470 -208 1090 1 0 0 0 1 0 0 0 1 3024.dat
1 72 490 -208 970 0 0 1 0 1 0 -1 0 0 3623.dat
1 72 500 -208 1050 1 0 0 0 1 0 0 0 1 3023.dat
1 0 490 -208 1070 1 0 0 0 1 0 0 0 1 3024.dat
1 72 510 -208 930 0 0 1 0 1 0 -1 0 0 3623.dat
1 72 530 -208 1030 1 0 0 0 1 0 0 0 1 3623.dat
1 0 640 -208 370 1 0 0 0 1 0 0 0 1 60479.dat
1 0 640 -208 630 1 0 0 0 1 0 0 0 1 60479.dat
1 72 530 -208 760 0 0 1 0 1 0 -1 0 0 3023.dat
1 72 530 -208 890 0 0 1 0 1 0 -1 0 0 3623.dat
1 0 540 -208 1050 1 0 0 0 1 0 0 0 1 3023.dat
1 0 550 -208 750 1 0 0 0 1 0 0 0 1 3024.dat
1 72 560 -208 770 1 0 0 0 1 0 0 0 1 3023.dat
1 72 550 -208 840 0 0 1 0 1 0 -1 0 0 3023.dat
1 72 560 -208 1010 1 0 0 0 1 0 0 0 1 3023.dat
1 72 600 -208 730 1 0 0 0 1 0 0 0 1 3710.dat
1 72 580 -208 800 1 0 0 0 1 0 0 0 1 3022.dat
1 72 580 -208 990 1 0 0 0 1 0 0 0 1 3023.dat
1 4 590 -208 770 1 0 0 0 1 0 0 0 1 3024.dat
1 72 600 -208 830 1 0 0 0 1 0 0 0 1 3023.dat
1 72 600 -208 970 1 0 0 0 1 0 0 0 1 3023.dat
1 0 590 -208 1010 1 0 0 0 1 0 0 0 1 3024.dat
1 72 700 -208 710 1 0 0 0 1 0 0 0 1 4477.dat
1 484 630 -208 770 1 0 0 0 1 0 0 0 1 3623.dat
1 0 610 -208 790 1 0 0 0 1 0 0 0 1 3024.dat
1 72 630 -208 810 1 0 0 0 1 0 0 0 1 3623.dat
1 72 610 -208 900 0 0 1 0 1 0 -1 0 0 3666.dat
1 0 630 -208 850 1 0 0 0 1 0 0 0 1 3024.dat
1 0 630 -208 900 0 0 1 0 1 0 -1 0 0 3023.dat
1 0 630 -208 960 0 0 1 0 1 0 -1 0 0 3023.dat
1 84 650 -208 790 1 0 0 0 1 0 0 0 1 3024.dat
1 4 700 -208 770 1 0 0 0 1 0 0 0 1 3710.dat
1 484 770 -208 770 1 0 0 0 1 0 0 0 1 3623.dat
1 84 750 -208 790 1 0 0 0 1 0 0 0 1 3024.dat
1 72 800 -208 810 1 0 0 0 1 0 0 0 1 3666.dat
1 0 820 -208 370 1 0 0 0 1 0 0 0 1 3666.dat
1 0 820 -208 630 1 0 0 0 1 0 0 0 1 3666.dat
1 72 880 -208 730 1 0 0 0 1 0 0 0 1 60479.dat
1 0 770 -208 850 1 0 0 0 1 0 0 0 1 3024.dat
1 0 770 -208 900 0 0 1 0 1 0 -1 0 0 3023.dat
1 0 770 -208 950 1 0 0 0 1 0 0 0 1 3024.dat
1 72 790 -208 880 0 0 1 0 1 0 -1 0 0 3666.dat
1 72 800 -208 950 1 0 0 0 1 0 0 0 1 3023.dat
1 0 790 -208 970 1 0 0 0 1 0 0 0 1 3024.dat
1 4 810 -208 770 1 0 0 0 1 0 0 0 1 3024.dat
1 0 810 -208 790 1 0 0 0 1 0 0 0 1 3024.dat
1 72 810 -208 830 1 0 0 0 1 0 0 0 1 3024.dat
1 72 810 -208 980 0 0 1 0 1 0 -1 0 0 3023.dat
1 0 810 -208 1010 1 0 0 0 1 0 0 0 1 3024.dat
1 72 850 -208 770 1 0 0 0 1 0 0 0 1 3623.dat
1 72 830 -208 790 1 0 0 0 1 0 0 0 1 3024.dat
1 72 830 -208 1000 0 0 1 0 1 0 -1 0 0 3023.dat
1 0 850 -208 750 1 0 0 0 1 0 0 0 1 3024.dat
1 72 850 -208 840 0 0 1 0 1 0 -1 0 0 3023.dat
1 72 850 -208 1020 0 0 1 0 1 0 -1 0 0 3023.dat
1 0 860 -208 1050 1 0 0 0 1 0 0 0 1 3023.dat
1 72 920 -208 750 1 0 0 0 1 0 0 0 1 3666.dat
1 72 870 -208 880 0 0 1 0 1 0 -1 0 0 3023.dat
1 72 880 -208 1030 1 0 0 0 1 0 0 0 1 3023.dat
1 72 890 -208 920 0 0 1 0 1 0 -1 0 0 3023.dat
1 72 920 -208 1050 1 0 0 0 1 0 0 0 1 3710.dat
1 72 910 -208 970 0 0 1 0 1 0 -1 0 0 3623.dat
1 0 910 -208 1070 1 0 0 0 1 0 0 0 1 3024.dat
1 72 930 -208 1010 0 0 1 0 1 0 -1 0 0 3623.dat
1 72 940 -208 1090 1 0 0 0 1 0 0 0 1 3023.dat
1 72 980 -208 1030 1 0 0 0 1 0 0 0 1 3710.dat
1 72 950 -208 1070 1 0 0 0 1 0 0 0 1 3024.dat
1 72 950 -208 1120 0 0 1 0 1 0 -1 0 0 3023.dat
1 0 970 -208 480 0 0 1 0 1 0 -1 0 0 3710.dat
1 0 980 -208 530 1 0 0 0 1 0 0 0 1 3023.dat
1 0 970 -208 1050 1 0 0 0 1 0 0 0 1 3024.dat
1 72 970 -208 1170 0 0 1 0 1 0 -1 0 0 3623.dat
1 0 1010 -208 430 1 0 0 0 1 0 0 0 1 3623.dat
1 0 990 -208 450 1 0 0 0 1 0 0 0 1 3024.dat
1 0 1000 -208 550 1 0 0 0 1 0 0 0 1 3023.dat
1 72 990 -208 750 1 0 0 0 1 0 0 0 1 3024.dat
1 72 990 -208 1200 0 0 1 0 1 0 -1 0 0 3023.dat
1 0 1040 -208 570 1 0 0 0 1 0 0 0 1 3710.dat
1 72 1040 -208 730 1 0 0 0 1 0 0 0 1 3710.dat
1 0 1010 -208 750 1 0 0 0 1 0 0 0 1 3024.dat
1 72 1020 -208 770 1 0 0 0 1 0 0 0 1 3023.dat
1 0 1010 -208 1010 1 0 0 0 1 0 0 0 1 3024.dat
1 484 1060 -208 1210 1 0 0 0 1 0 0 0 1 3666.dat
1 0 1050 -208 410 1 0 0 0 1 0 0 0 1 3623.dat
1 72 1060 -208 790 1 0 0 0 1 0 0 0 1 3710.dat
1 72 1040 -208 1010 1 0 0 0 1 0 0 0 1 3023.dat
1 0 1030 -208 1030 1 0 0 0 1 0 0 0 1 3024.dat
1 0 1050 -208 770 1 0 0 0 1 0 0 0 1 3024.dat
1 72 1070 -208 810 1 0 0 0 1 0 0 0 1 3623.dat
1 72 1050 -208 990 1 0 0 0 1 0 0 0 1 3024.dat
1 72 1080 -208 1190 1 0 0 0 1 0 0 0 1 3710.dat
1 0 1090 -208 430 1 0 0 0 1 0 0 0 1 3623.dat
1 72 1070 -208 760 0 0 1 0 1 0 -1 0 0 3023.dat
1 72 1070 -208 840 0 0 1 0 1 0 -1 0 0 3023.dat
1 0 1070 -208 930 1 0 0 0 1 0 0 0 1 3024.dat
1 72 1070 -208 960 0 0 1 0 1 0 -1 0 0 3023.dat
1 0 1070 -208 990 1 0 0 0 1 0 0 0 1 3024.dat
1 0 1100 -208 550 1 0 0 0 1 0 0 0 1 3023.dat
1 0 1090 -208 570 1 0 0 0 1 0 0 0 1 3024.dat
1 0 1090 -208 830 1 0 0 0 1 0 0 0 1 3024.dat
1 72 1090 -208 880 0 0 1 0 1 0 -1 0 0 3710.dat
1 72 1090 -208 930 1 0 0 0 1 0 0 0 1 3024.dat
1 0 1090 -208 950 1 0 0 0 1 0 0 0 1 3024.dat
1 0 1120 -208 450 1 0 0 0 1 0 0 0 1 3023.dat
1 0 1120 -208 530 1 0 0 0 1 0 0 0 1 3023.dat
1 72 1110 -208 850 0 0 1 0 1 0 -1 0 0 3623.dat
1 0 1110 -208 890 1 0 0 0 1 0 0 0 1 3024.dat
1 72 1110 -208 1060 0 0 1 0 1 0 -1 0 0 60479.dat
1 0 1130 -208 490 0 0 1 0 1 0 -1 0 0 3623.dat
1 72 1130 -208 920 0 0 1 0 1 0 -1 0 0 3710.dat
1 0 1190 -208 170 1 0 0 0 1 0 0 0 1 3024.dat
1 72 1280 -208 190 1 0 0 0 1 0 0 0 1 4477.dat
1 0 1190 -208 210 1 0 0 0 1 0 0 0 1 3024.dat
1 72 1280 -208 230 1 0 0 0 1 0 0 0 1 4477.dat
1 0 1190 -208 250 1 0 0 0 1 0 0 0 1 3024.dat
1 72 1280 -208 280 1 0 0 0 1 0 0 0 1 3832.dat
1 0 1190 -208 310 1 0 0 0 1 0 0 0 1 3024.dat
1 72 1280 -208 330 1 0 0 0 1 0 0 0 1 4477.dat
1 0 1190 -208 360 0 0 1 0 1 0 -1 0 0 3023.dat
1 72 1280 -208 390 1 0 0 0 1 0 0 0 1 4477.dat
1 0 1190 -208 410 1 0 0 0 1 0 0 0 1 3024.dat
1 72 1280 -208 440 1 0 0 0 1 0 0 0 1 3832.dat
1 0 1190 -208 470 1 0 0 0 1 0 0 0 1 3024.dat
1 72 1280 -208 490 1 0 0 0 1 0 0 0 1 4477.dat
1 0 1190 -208 520 0 0 1 0 1 0 -1 0 0 3023.dat
1 72 1280 -208 550 1 0 0 0 1 0 0 0 1 4477.dat
1 0 1190 -208 570 1 0 0 0 1 0 0 0 1 3024.dat
1 72 1280 -208 600 1 0 0 0 1 0 0 0 1 3832.dat
1 0 1190 -208 630 1 0 0 0 1 0 0 0 1 3024.dat
1 72 1280 -208 650 1 0 0 0 1 0 0 0 1 4477.dat
1 0 1190 -208 670 1 0 0 0 1 0 0 0 1 3024.dat
1 72 1280 -208 700 1 0 0 0 1 0 0 0 1 3832.dat
1 0 1190 -208 730 1 0 0 0 1 0 0 0 1 3024.dat
1 72 1280 -208 750 1 0 0 0 1 0 0 0 1 4477.dat
1 72 1220 -208 130 1 0 0 0 1 0 0 0 1 3023.dat
1 72 1220 -208 170 1 0 0 0 1 0 0 0 1 3023.dat
1 72 1220 -208 210 1 0 0 0 1 0 0 0 1 3023.dat
1 72 1220 -208 250 1 0 0 0 1 0 0 0 1 3023.dat
1 72 1220 -208 310 1 0 0 0 1 0 0 0 1 3023.dat
1 72 1220 -208 360 1 0 0 0 1 0 0 0 1 3022.dat
1 72 1220 -208 410 1 0 0 0 1 0 0 0 1 3023.dat
1 72 1220 -208 470 1 0 0 0 1 0 0 0 1 3023.dat
1 72 1220 -208 520 1 0 0 0 1 0 0 0 1 3022.dat
1 72 1220 -208 570 1 0 0 0 1 0 0 0 1 3023.dat
1 72 1220 -208 630 1 0 0 0 1 0 0 0 1 3023.dat
1 72 1220 -208 670 1 0 0 0 1 0 0 0 1 3023.dat
1 72 1220 -208 730 1 0 0 0 1 0 0 0 1 3023.dat
1 72 1220 -208 770 1 0 0 0 1 0 0 0 1 3023.dat
1 72 1230 -208 790 1 0 0 0 1 0 0 0 1 3024.dat
1 0 1250 -208 170 1 0 0 0 1 0 0 0 1 3024.dat
1 0 1250 -208 210 1 0 0 0 1 0 0 0 1 3024.dat
1 0 1260 -208 250 1 0 0 0 1 0 0 0 1 3023.dat
1 0 1250 -208 310 1 0 0 0 1 0 0 0 1 3024.dat
1 0 1260 -208 350 1 0 0 0 1 0 0 0 1 3023.dat
1 0 1250 -208 370 1 0 0 0 1 0 0 0 1 3024.dat
1 0 1260 -208 410 1 0 0 0 1 0 0 0 1 3023.dat
1 0 1250 -208 470 1 0 0 0 1 0 0 0 1 3024.dat
1 0 1260 -208 510 1 0 0 0 1 0 0 0 1 3023.dat
1 0 1250 -208 530 1 0 0 0 1 0 0 0 1 3024.dat
1 0 1250 -208 570 1 0 0 0 1 0 0 0 1 3024.dat
1 0 1250 -208 630 1 0 0 0 1 0 0 0 1 3024.dat
1 0 1260 -208 670 1 0 0 0 1 0 0 0 1 3023.dat
1 0 1260 -208 730 1 0 0 0 1 0 0 0 1 3023.dat
1 72 1280 -208 170 1 0 0 0 1 0 0 0 1 3023.dat
1 72 1280 -208 210 1 0 0 0 1 0 0 0 1 3023.dat
1 72 1280 -208 310 1 0 0 0 1 0 0 0 1 3023.dat
1 72 1290 -208 370 1 0 0 0 1 0 0 0 1 3623.dat
1 72 1280 -208 470 1 0 0 0 1 0 0 0 1 3023.dat
1 72 1290 -208 530 1 0 0 0 1 0 0 0 1 3623.dat
1 72 1280 -208 570 1 0 0 0 1 0 0 0 1 3023.dat
1 72 1280 -208 630 1 0 0 0 1 0 0 0 1 3023.dat
1 72 1290 -208 130 1 0 0 0 1 0 0 0 1 3024.dat
1 72 1290 -208 250 1 0 0 0 1 0 0 0 1 3024.dat
1 72 1290 -208 350 1 0 0 0 1 0 0 0 1 3024.dat
1 72 1290 -208 410 1 0 0 0 1 0 0 0 1 3024.dat
1 72 1290 -208 510 1 0 0 0 1 0 0 0 1 3024.dat
1 72 1290 -208 670 1 0 0 0 1 0 0 0 1 3024.dat
1 72 1290 -208 730 1 0 0 0 1 0 0 0 1 3024.dat
1 72 1290 -208 780 0 0 1 0 1 0 -1 0 0 3023.dat
1 0 1320 -208 170 1 0 0 0 1 0 0 0 1 3023.dat
1 0 1320 -208 210 1 0 0 0 1 0 0 0 1 3023.dat
1 0 1320 -208 250 1 0 0 0 1 0 0 0 1 3023.dat
1 0 1320 -208 310 1 0 0 0 1 0 0 0 1 3023.dat
1 0 1320 -208 350 1 0 0 0 1 0 0 0 1 3023.dat
1 0 1320 -208 410 1 0 0 0 1 0 0 0 1 3023.dat
1 0 1320 -208 470 1 0 0 0 1 0 0 0 1 3023.dat
1 0 1320 -208 510 1 0 0 0 1 0 0 0 1 3023.dat
1 0 1320 -208 570 1 0 0 0 1 0 0 0 1 3023.dat
1 0 1320 -208 630 1 0 0 0 1 0 0 0 1 3023.dat
1 0 1320 -208 670 1 0 0 0 1 0 0 0 1 3023.dat
1 0 1320 -208 730 1 0 0 0 1 0 0 0 1 3023.dat
1 0 1330 -208 370 1 0 0 0 1 0 0 0 1 3024.dat
1 0 1330 -208 530 1 0 0 0 1 0 0 0 1 3024.dat
1 72 1360 -208 130 1 0 0 0 1 0 0 0 1 3023.dat
1 72 1360 -208 170 1 0 0 0 1 0 0 0 1 3023.dat
1 72 1360 -208 210 1 0 0 0 1 0 0 0 1 3023.dat
1 72 1360 -208 250 1 0 0 0 1 0 0 0 1 3023.dat
1 72 1360 -208 310 1 0 0 0 1 0 0 0 1 3023.dat
1 72 1360 -208 360 1 0 0 0 1 0 0 0 1 3022.dat
1 72 1360 -208 410 1 0 0 0 1 0 0 0 1 3023.dat
1 72 1360 -208 470 1 0 0 0 1 0 0 0 1 3023.dat
1 72 1360 -208 520 1 0 0 0 1 0 0 0 1 3022.dat
1 72 1360 -208 570 1 0 0 0 1 0 0 0 1 3023.dat
1 72 1360 -208 630 1 0 0 0 1 0 0 0 1 3023.dat
1 72 1360 -208 670 1 0 0 0 1 0 0 0 1 3023.dat
1 72 1360 -208 730 1 0 0 0 1 0 0 0 1 3023.dat
1 72 1360 -208 770 1 0 0 0 1 0 0 0 1 3023.dat
1 72 1350 -208 790 1 0 0 0 1 0 0 0 1 3024.dat
1 0 1390 -208 170 1 0 0 0 1 0 0 0 1 3024.dat
1 72 1390 -208 190 1 0 0 0 1 0 0 0 1 3024.dat
1 0 1390 -208 210 1 0 0 0 1 0 0 0 1 3024.dat
1 72 1390 -208 230 1 0 0 0 1 0 0 0 1 3024.dat
1 0 1390 -208 250 1 0 0 0 1 0 0 0 1 3024.dat
1 72 1390 -208 280 0 0 1 0 1 0 -1 0 0 3023.dat
1 0 1390 -208 310 1 0 0 0 1 0 0 0 1 3024.dat
1 72 1390 -208 330 1 0 0 0 1 0 0 0 1 3024.dat
1 0 1390 -208 360 0 0 1 0 1 0 -1 0 0 3023.dat
1 72 1390 -208 390 1 0 0 0 1 0 0 0 1 3024.dat
1 0 1390 -208 410 1 0 0 0 1 0 0 0 1 3024.dat
1 72 1390 -208 440 0 0 1 0 1 0 -1 0 0 3023.dat
1 0 1390 -208 470 1 0 0 0 1 0 0 0 1 3024.dat
1 72 1390 -208 490 1 0 0 0 1 0 0 0 1 3024.dat
1 0 1390 -208 520 0 0 1 0 1 0 -1 0 0 3023.dat
1 72 1390 -208 550 1 0 0 0 1 0 0 0 1 3024.dat
1 0 1390 -208 570 1 0 0 0 1 0 0 0 1 3024.dat
1 72 1390 -208 600 0 0 1 0 1 0 -1 0 0 3023.dat
1 0 1390 -208 630 1 0 0 0 1 0 0 0 1 3024.dat
1 72 1390 -208 650 1 0 0 0 1 0 0 0 1 3024.dat
1 0 1390 -208 670 1 0 0 0 1 0 0 0 1 3024.dat
1 72 1390 -208 700 0 0 1 0 1 0 -1 0 0 3023.dat
1 0 1390 -208 730 1 0 0 0 1 0 0 0 1 3024.dat
1 72 1390 -208 750 1 0 0 0 1 0 0 0 1 3024.dat
1 72 40 -216 170 1 0 0 0 1 0 0 0 1 3023.dat
1 72 40 -216 260 0 0 1 0 1 0 -1 0 0 3795.dat
1 72 40 -216 330 1 0 0 0 1 0 0 0 1 3023.dat
1 72 40 -216 420 0 0 1 0 1 0 -1 0 0 3795.dat
1 72 40 -216 490 1 0 0 0 1 0 0 0 1 3023.dat
1 72 40 -216 560 0 0 1 0 1 0 -1 0 0 3020.dat
1 72 40 -216 680 0 0 1 0 1 0 -1 0 0 3795.dat
1 72 40 -216 750 1 0 0 0 1 0 0 0 1 3023.dat
1 72 50 -216 190 1 0 0 0 1 0 0 0 1 3024.dat
1 72 50 -216 510 1 0 0 0 1 0 0 0 1 3024.dat
1 72 50 -216 770 1 0 0 0 1 0 0 0 1 3024.dat
1 72 110 -216 240 0 0 1 0 1 0 -1 0 0 3460.dat
1 72 110 -216 330 1 0 0 0 1 0 0 0 1 3024.dat
1 72 110 -216 480 0 0 1 0 1 0 -1 0 0 60479.dat
1 72 110 -216 700 0 0 1 0 1 0 -1 0 0 3460.dat
1 72 180 -216 170 1 0 0 0 1 0 0 0 1 3023.dat
1 72 180 -216 260 0 0 1 0 1 0 -1 0 0 3795.dat
1 72 180 -216 330 1 0 0 0 1 0 0 0 1 3023.dat
1 72 180 -216 480 0 0 1 0 1 0 -1 0 0 2445.dat
1 72 180 -216 700 0 0 1 0 1 0 -1 0 0 3034.dat
1 72 190 -216 190 1 0 0 0 1 0 0 0 1 3024.dat
1 0 270 -216 500 0 0 1 0 1 0 -1 0 0 3710.dat
1 0 310 -216 430 1 0 0 0 1 0 0 0 1 3623.dat
1 0 290 -216 460 0 0 1 0 1 0 -1 0 0 3023.dat
1 0 290 -216 540 0 0 1 0 1 0 -1 0 0 3023.dat
1 72 400 -216 880 1 0 0 0 1 0 0 0 1 3029.dat
1 72 400 -216 930 1 0 0 0 1 0 0 0 1 60479.dat
1 72 290 -216 1060 0 0 1 0 1 0 -1 0 0 60479.dat
1 72 290 -216 1190 1 0 0 0 1 0 0 0 1 3024.dat
1 0 310 -216 560 0 0 1 0 1 0 -1 0 0 3023.dat
1 72 420 -216 800 1 0 0 0 1 0 0 0 1 2445.dat
1 72 420 -216 830 1 0 0 0 1 0 0 0 1 60479.dat
1 0 310 -216 950 1 0 0 0 1 0 0 0 1 3024.dat
1 484 360 -216 1190 1 0 0 0 1 0 0 0 1 3666.dat
1 0 350 -216 410 1 0 0 0 1 0 0 0 1 3623.dat
1 0 360 -216 570 1 0 0 0 1 0 0 0 1 3710.dat
1 72 420 -216 730 1 0 0 0 1 0 0 0 1 4477.dat
1 72 330 -216 760 0 0 1 0 1 0 -1 0 0 3023.dat
1 72 440 -216 960 1 0 0 0 1 0 0 0 1 2445.dat
1 0 330 -216 1000 0 0 1 0 1 0 -1 0 0 3023.dat
1 72 460 -216 1000 1 0 0 0 1 0 0 0 1 2445.dat
1 484 350 -216 1210 1 0 0 0 1 0 0 0 1 3024.dat
1 0 390 -216 430 1 0 0 0 1 0 0 0 1 3623.dat
1 72 460 -216 770 1 0 0 0 1 0 0 0 1 4477.dat
1 0 370 -216 1030 1 0 0 0 1 0 0 0 1 3024.dat
1 72 390 -216 1210 1 0 0 0 1 0 0 0 1 3623.dat
1 0 400 -216 550 1 0 0 0 1 0 0 0 1 3023.dat
1 0 390 -216 750 1 0 0 0 1 0 0 0 1 3024.dat
1 72 460 -216 1030 1 0 0 0 1 0 0 0 1 3460.dat
1 0 420 -216 450 1 0 0 0 1 0 0 0 1 3023.dat
1 0 420 -216 530 1 0 0 0 1 0 0 0 1 3023.dat
1 72 460 -216 750 1 0 0 0 1 0 0 0 1 3666.dat
1 0 430 -216 490 0 0 1 0 1 0 -1 0 0 3623.dat
1 72 460 -216 1050 1 0 0 0 1 0 0 0 1 3710.dat
1 0 430 -216 1070 1 0 0 0 1 0 0 0 1 3024.dat
1 72 430 -216 1170 0 0 1 0 1 0 -1 0 0 3623.dat
1 72 450 -216 1100 0 0 1 0 1 0 -1 0 0 3710.dat
1 72 450 -216 1150 1 0 0 0 1 0 0 0 1 3024.dat
1 72 470 -216 1080 0 0 1 0 1 0 -1 0 0 3023.dat
1 0 490 -216 1070 1 0 0 0 1 0 0 0 1 3024.dat
1 72 510 -216 1050 1 0 0 0 1 0 0 0 1 3024.dat
1 0 640 -216 370 1 0 0 0 1 0 0 0 1 60479.dat
1 484 680 -216 520 1 0 0 0 1 0 0 0 1 92438.dat
1 484 640 -216 610 1 0 0 0 1 0 0 0 1 60479.dat
1 0 640 -216 630 1 0 0 0 1 0 0 0 1 60479.dat
1 484 640 -216 680 1 0 0 0 1 0 0 0 1 3029.dat
1 72 530 -216 740 0 0 1 0 1 0 -1 0 0 3023.dat
1 72 560 -216 880 1 0 0 0 1 0 0 0 1 3031.dat
1 72 560 -216 930 1 0 0 0 1 0 0 0 1 3710.dat
1 484 700 -216 220 1 0 0 0 1 0 0 0 1 92438.dat
1 484 700 -216 320 1 0 0 0 1 0 0 0 1 4282.dat
1 484 660 -216 350 1 0 0 0 1 0 0 0 1 60479.dat
1 484 700 -216 400 1 0 0 0 1 0 0 0 1 4282.dat
1 484 660 -216 430 1 0 0 0 1 0 0 0 1 60479.dat
1 484 660 -216 730 1 0 0 0 1 0 0 0 1 60479.dat
1 0 550 -216 750 1 0 0 0 1 0 0 0 1 3024.dat
1 72 570 -216 800 1 0 0 0 1 0 0 0 1 3021.dat
1 72 580 -216 830 1 0 0 0 1 0 0 0 1 3710.dat
1 72 550 -216 1030 1 0 0 0 1 0 0 0 1 3024.dat
1 0 550 -216 1050 1 0 0 0 1 0 0 0 1 3024.dat
1 72 570 -216 770 1 0 0 0 1 0 0 0 1 3024.dat
1 72 590 -216 960 1 0 0 0 1 0 0 0 1 3021.dat
1 320 590 -216 770 1 0 0 0 1 0 0 0 1 3024.dat
1 72 590 -216 990 1 0 0 0 1 0 0 0 1 3024.dat
1 0 590 -216 1010 1 0 0 0 1 0 0 0 1 3024.dat
1 484 630 -216 770 1 0 0 0 1 0 0 0 1 3623.dat
1 72 630 -216 810 1 0 0 0 1 0 0 0 1 3623.dat
1 72 610 -216 880 0 0 1 0 1 0 -1 0 0 3710.dat
1 72 610 -216 930 1 0 0 0 1 0 0 0 1 3024.dat
1 72 630 -216 830 1 0 0 0 1 0 0 0 1 3024.dat
1 0 630 -216 890 1 0 0 0 1 0 0 0 1 3024.dat
1 0 630 -216 950 1 0 0 0 1 0 0 0 1 3024.dat
1 84 650 -216 790 1 0 0 0 1 0 0 0 1 3024.dat
1 4 700 -216 770 1 0 0 0 1 0 0 0 1 3710.dat
1 484 770 -216 770 1 0 0 0 1 0 0 0 1 3623.dat
1 84 750 -216 790 1 0 0 0 1 0 0 0 1 3024.dat
1 72 860 -216 810 1 0 0 0 1 0 0 0 1 60479.dat
1 0 820 -216 370 1 0 0 0 1 0 0 0 1 3666.dat
1 484 820 -216 610 1 0 0 0 1 0 0 0 1 3666.dat
1 0 820 -216 630 1 0 0 0 1 0 0 0 1 3666.dat
1 484 820 -216 680 1 0 0 0 1 0 0 0 1 3032.dat
1 72 880 -216 830 1 0 0 0 1 0 0 0 1 60479.dat
1 0 770 -216 890 1 0 0 0 1 0 0 0 1 3024.dat
1 0 770 -216 950 1 0 0 0 1 0 0 0 1 3024.dat
1 484 820 -216 350 1 0 0 0 1 0 0 0 1 3710.dat
1 484 820 -216 430 1 0 0 0 1 0 0 0 1 3710.dat
1 484 820 -216 730 1 0 0 0 1 0 0 0 1 3710.dat
1 72 900 -216 900 1 0 0 0 1 0 0 0 1 3028.dat
1 320 810 -216 770 1 0 0 0 1 0 0 0 1 3024.dat
1 72 920 -216 790 1 0 0 0 1 0 0 0 1 60479.dat
1 72 920 -216 980 1 0 0 0 1 0 0 0 1 2445.dat
1 0 810 -216 1010 1 0 0 0 1 0 0 0 1 3024.dat
1 72 920 -216 770 1 0 0 0 1 0 0 0 1 4477.dat
1 72 940 -216 1010 1 0 0 0 1 0 0 0 1 60479.dat
1 484 860 -216 520 0 0 1 0 1 0 -1 0 0 3034.dat
1 0 850 -216 750 1 0 0 0 1 0 0 0 1 3024.dat
1 72 920 -216 1030 1 0 0 0 1 0 0 0 1 3460.dat
1 0 850 -216 1050 1 0 0 0 1 0 0 0 1 3024.dat
1 484 870 -216 240 0 0 1 0 1 0 -1 0 0 4477.dat
1 484 870 -216 350 1 0 0 0 1 0 0 0 1 3024.dat
1 484 870 -216 410 0 0 1 0 1 0 -1 0 0 3623.dat
1 72 940 -216 740 1 0 0 0 1 0 0 0 1 3034.dat
1 72 920 -216 1050 1 0 0 0 1 0 0 0 1 3710.dat
1 0 910 -216 1070 1 0 0 0 1 0 0 0 1 3024.dat
1 72 940 -216 1080 1 0 0 0 1 0 0 0 1 3022.dat
1 72 950 -216 1130 0 0 1 0 1 0 -1 0 0 3623.dat
1 0 970 -216 500 0 0 1 0 1 0 -1 0 0 3710.dat
1 72 970 -216 1060 0 0 1 0 1 0 -1 0 0 3023.dat
1 72 970 -216 1170 0 0 1 0 1 0 -1 0 0 3623.dat
1 0 1010 -216 430 1 0 0 0 1 0 0 0 1 3623.dat
1 0 990 -216 460 0 0 1 0 1 0 -1 0 0 3023.dat
1 0 990 -216 540 0 0 1 0 1 0 -1 0 0 3023.dat
1 72 1040 -216 810 1 0 0 0 1 0 0 0 1 3666.dat
1 72 990 -216 1200 0 0 1 0 1 0 -1 0 0 3023.dat
1 0 1010 -216 560 0 0 1 0 1 0 -1 0 0 3023.dat
1 72 1040 -216 830 1 0 0 0 1 0 0 0 1 3710.dat
1 72 1010 -216 1030 1 0 0 0 1 0 0 0 1 3024.dat
1 484 1040 -216 1190 1 0 0 0 1 0 0 0 1 3710.dat
1 72 1020 -216 1210 1 0 0 0 1 0 0 0 1 3023.dat
1 0 1050 -216 410 1 0 0 0 1 0 0 0 1 3623.dat
1 0 1060 -216 570 1 0 0 0 1 0 0 0 1 3710.dat
1 72 1050 -216 730 1 0 0 0 1 0 0 0 1 3623.dat
1 72 1030 -216 770 1 0 0 0 1 0 0 0 1 3024.dat
1 72 1060 -216 880 1 0 0 0 1 0 0 0 1 3031.dat
1 72 1050 -216 940 1 0 0 0 1 0 0 0 1 3021.dat
1 0 1030 -216 1030 1 0 0 0 1 0 0 0 1 3024.dat
1 72 1050 -216 790 1 0 0 0 1 0 0 0 1 3024.dat
1 72 1060 -216 970 1 0 0 0 1 0 0 0 1 3023.dat
1 72 1050 -216 990 1 0 0 0 1 0 0 0 1 3024.dat
1 484 1050 -216 1210 1 0 0 0 1 0 0 0 1 3024.dat
1 0 1090 -216 430 1 0 0 0 1 0 0 0 1 3623.dat
1 72 1070 -216 760 0 0 1 0 1 0 -1 0 0 3023.dat
1 0 1070 -216 790 1 0 0 0 1 0 0 0 1 3024.dat
1 0 1070 -216 1000 0 0 1 0 1 0 -1 0 0 3023.dat
1 0 1100 -216 550 1 0 0 0 1 0 0 0 1 3023.dat
1 72 1090 -216 790 1 0 0 0 1 0 0 0 1 3024.dat
1 0 1090 -216 830 1 0 0 0 1 0 0 0 1 3024.dat
1 72 1100 -216 930 1 0 0 0 1 0 0 0 1 3023.dat
1 0 1090 -216 950 1 0 0 0 1 0 0 0 1 3024.dat
1 484 1090 -216 1190 1 0 0 0 1 0 0 0 1 3024.dat
1 0 1120 -216 450 1 0 0 0 1 0 0 0 1 3023.dat
1 0 1120 -216 530 1 0 0 0 1 0 0 0 1 3023.dat
1 72 1110 -216 860 0 0 1 0 1 0 -1 0 0 3710.dat
1 72 1110 -216 910 1 0 0 0 1 0 0 0 1 3024.dat
1 72 1110 -216 1060 0 0 1 0 1 0 -1 0 0 60479.dat
1 72 1110 -216 1190 1 0 0 0 1 0 0 0 1 3024.dat
1 0 1130 -216 490 0 0 1 0 1 0 -1 0 0 3623.dat
1 72 1130 -216 890 1 0 0 0 1 0 0 0 1 3024.dat
1 72 1220 -216 240 0 0 1 0 1 0 -1 0 0 3034.dat
1 72 1220 -216 330 1 0 0 0 1 0 0 0 1 3023.dat
1 72 1220 -216 480 0 0 1 0 1 0 -1 0 0 2445.dat
1 72 1220 -216 700 0 0 1 0 1 0 -1 0 0 3034.dat
1 72 1290 -216 240 0 0 1 0 1 0 -1 0 0 3460.dat
1 72 1290 -216 330 1 0 0 0 1 0 0 0 1 3024.dat
1 72 1290 -216 480 0 0 1 0 1 0 -1 0 0 60479.dat
1 72 1290 -216 700 0 0 1 0 1 0 -1 0 0 3460.dat
1 72 1350 -216 240 0 0 1 0 1 0 -1 0 0 3460.dat
1 72 1360 -216 330 1 0 0 0 1 0 0 0 1 3023.dat
1 72 1360 -216 480 0 0 1 0 1 0 -1 0 0 2445.dat
1 72 1360 -216 700 0 0 1 0 1 0 -1 0 0 3034.dat
1 72 1370 -216 170 1 0 0 0 1 0 0 0 1 3024.dat
1 72 1370 -216 260 0 0 1 0 1 0 -1 0 0 3666.dat
1 72 50 -224 170 1 0 0 0 1 0 0 0 1 3024.dat
1 72 50 -224 220 0 0 1 0 1 0 -1 0 0 3023.dat
1 72 50 -224 270 1 0 0 0 1 0 0 0 1 3024.dat
1 72 50 -224 320 0 0 1 0 1 0 -1 0 0 3023.dat
1 72 50 -224 400 0 0 1 0 1 0 -1 0 0 3710.dat
1 72 50 -224 480 0 0 1 0 1 0 -1 0 0 3023.dat
1 72 50 -224 560 0 0 1 0 1 0 -1 0 0 3710.dat
1 72 50 -224 640 0 0 1 0 1 0 -1 0 0 3023.dat
1 72 50 -224 690 1 0 0 0 1 0 0 0 1 3024.dat
1 72 50 -224 740 0 0 1 0 1 0 -1 0 0 3023.dat
1 72 110 -224 170 1 0 0 0 1 0 0 0 1 3024.dat
1 72 110 -224 220 0 0 1 0 1 0 -1 0 0 3023.dat
1 72 110 -224 270 1 0 0 0 1 0 0 0 1 3024.dat
1 72 110 -224 320 0 0 1 0 1 0 -1 0 0 3023.dat
1 72 110 -224 400 0 0 1 0 1 0 -1 0 0 3710.dat
1 72 110 -224 480 0 0 1 0 1 0 -1 0 0 3023.dat
1 72 110 -224 560 0 0 1 0 1 0 -1 0 0 3710.dat
1 72 110 -224 640 0 0 1 0 1 0 -1 0 0 3023.dat
1 72 110 -224 690 1 0 0 0 1 0 0 0 1 3024.dat
1 72 110 -224 740 0 0 1 0 1 0 -1 0 0 3023.dat
1 72 180 -224 170 1 0 0 0 1 0 0 0 1 3023.dat
1 72 180 -224 220 1 0 0 0 1 0 0 0 1 3022.dat
1 72 180 -224 270 1 0 0 0 1 0 0 0 1 3023.dat
1 72 180 -224 320 1 0 0 0 1 0 0 0 1 3022.dat
1 72 180 -224 380 1 0 0 0 1 0 0 0 1 3022.dat
1 72 180 -224 430 1 0 0 0 1 0 0 0 1 3023.dat
1 72 180 -224 480 1 0 0 0 1 0 0 0 1 3022.dat
1 72 180 -224 530 1 0 0 0 1 0 0 0 1 3023.dat
1 72 180 -224 580 1 0 0 0 1 0 0 0 1 3022.dat
1 72 180 -224 640 1 0 0 0 1 0 0 0 1 3022.dat
1 72 180 -224 690 1 0 0 0 1 0 0 0 1 3023.dat
1 72 180 -224 740 1 0 0 0 1 0 0 0 1 3022.dat
1 72 190 -224 410 1 0 0 0 1 0 0 0 1 3024.dat
1 72 190 -224 550 1 0 0 0 1 0 0 0 1 3024.dat
1 0 270 -224 480 0 0 1 0 1 0 -1 0 0 3710.dat
1 0 280 -224 530 1 0 0 0 1 0 0 0 1 3023.dat
1 0 310 -224 430 1 0 0 0 1 0 0 0 1 3623.dat
1 0 290 -224 450 1 0 0 0 1 0 0 0 1 3024.dat
1 0 300 -224 550 1 0 0 0 1 0 0 0 1 3023.dat
1 72 290 -224 960 0 0 1 0 1 0 -1 0 0 60479.dat
1 72 290 -224 1120 0 0 1 0 1 0 -1 0 0 3710.dat
1 484 340 -224 1170 1 0 0 0 1 0 0 0 1 3666.dat
1 0 340 -224 570 1 0 0 0 1 0 0 0 1 3710.dat
1 72 310 -224 820 0 0 1 0 1 0 -1 0 0 3710.dat
1 0 350 -224 410 1 0 0 0 1 0 0 0 1 3623.dat
1 72 330 -224 770 0 0 1 0 1 0 -1 0 0 3623.dat
1 72 440 -224 730 1 0 0 0 1 0 0 0 1 4477.dat
1 484 380 -224 1190 1 0 0 0 1 0 0 0 1 3710.dat
1 0 390 -224 430 1 0 0 0 1 0 0 0 1 3623.dat
1 0 400 -224 550 1 0 0 0 1 0 0 0 1 3023.dat
1 0 390 -224 570 1 0 0 0 1 0 0 0 1 3024.dat
1 0 420 -224 450 1 0 0 0 1 0 0 0 1 3023.dat
1 0 420 -224 530 1 0 0 0 1 0 0 0 1 3023.dat
1 484 410 -224 1170 1 0 0 0 1 0 0 0 1 3024.dat
1 0 430 -224 490 0 0 1 0 1 0 -1 0 0 3623.dat
1 72 430 -224 1150 0 0 1 0 1 0 -1 0 0 3623.dat
1 484 430 -224 1190 1 0 0 0 1 0 0 0 1 3024.dat
1 72 450 -224 1110 0 0 1 0 1 0 -1 0 0 3623.dat
1 72 470 -224 1060 0 0 1 0 1 0 -1 0 0 3710.dat
1 72 490 -224 1010 0 0 1 0 1 0 -1 0 0 3623.dat
1 72 510 -224 980 0 0 1 0 1 0 -1 0 0 3023.dat
1 0 540 -224 370 1 0 0 0 1 0 0 0 1 3023.dat
1 484 530 -224 520 0 0 1 0 1 0 -1 0 0 4477.dat
1 0 540 -224 630 1 0 0 0 1 0 0 0 1 3023.dat
1 484 530 -224 680 0 0 1 0 1 0 -1 0 0 3710.dat
1 72 540 -224 930 1 0 0 0 1 0 0 0 1 3023.dat
1 72 530 -224 950 1 0 0 0 1 0 0 0 1 3024.dat
1 484 660 -224 150 1 0 0 0 1 0 0 0 1 60479.dat
1 484 550 -224 260 0 0 1 0 1 0 -1 0 0 4477.dat
1 484 550 -224 410 0 0 1 0 1 0 -1 0 0 3623.dat
1 484 660 -224 730 1 0 0 0 1 0 0 0 1 60479.dat
1 72 560 -224 910 1 0 0 0 1 0 0 0 1 3023.dat
1 72 580 -224 880 1 0 0 0 1 0 0 0 1 3022.dat
1 4 590 -224 770 1 0 0 0 1 0 0 0 1 3024.dat
1 484 630 -224 770 1 0 0 0 1 0 0 0 1 3623.dat
1 72 620 -224 830 1 0 0 0 1 0 0 0 1 3023.dat
1 72 610 -224 850 1 0 0 0 1 0 0 0 1 3024.dat
1 72 700 -224 710 1 0 0 0 1 0 0 0 1 3460.dat
1 0 640 -224 790 1 0 0 0 1 0 0 0 1 3023.dat
1 72 630 -224 810 1 0 0 0 1 0 0 0 1 3024.dat
1 0 650 -224 810 1 0 0 0 1 0 0 0 1 3024.dat
1 4 700 -224 770 1 0 0 0 1 0 0 0 1 3710.dat
1 4 750 -224 770 1 0 0 0 1 0 0 0 1 3024.dat
1 0 760 -224 790 1 0 0 0 1 0 0 0 1 3023.dat
1 0 750 -224 810 1 0 0 0 1 0 0 0 1 3024.dat
1 484 780 -224 770 1 0 0 0 1 0 0 0 1 3023.dat
1 72 770 -224 820 0 0 1 0 1 0 -1 0 0 3023.dat
1 484 820 -224 150 1 0 0 0 1 0 0 0 1 3710.dat
1 484 820 -224 730 1 0 0 0 1 0 0 0 1 3710.dat
1 72 790 -224 840 0 0 1 0 1 0 -1 0 0 3023.dat
1 4 810 -224 770 1 0 0 0 1 0 0 0 1 3024.dat
1 72 810 -224 860 0 0 1 0 1 0 -1 0 0 3023.dat
1 72 830 -224 880 0 0 1 0 1 0 -1 0 0 3023.dat
1 72 850 -224 920 0 0 1 0 1 0 -1 0 0 3023.dat
1 484 870 -224 240 0 0 1 0 1 0 -1 0 0 4477.dat
1 484 870 -224 350 1 0 0 0 1 0 0 0 1 3024.dat
1 0 870 -224 370 1 0 0 0 1 0 0 0 1 3024.dat
1 484 870 -224 500 0 0 1 0 1 0 -1 0 0 60479.dat
1 0 870 -224 630 1 0 0 0 1 0 0 0 1 3024.dat
1 484 870 -224 680 0 0 1 0 1 0 -1 0 0 3710.dat
1 72 960 -224 730 1 0 0 0 1 0 0 0 1 4477.dat
1 72 870 -224 940 0 0 1 0 1 0 -1 0 0 3023.dat
1 72 890 -224 970 0 0 1 0 1 0 -1 0 0 3623.dat
1 72 910 -224 1010 0 0 1 0 1 0 -1 0 0 3623.dat
1 72 930 -224 1060 0 0 1 0 1 0 -1 0 0 3710.dat
1 72 950 -224 1100 0 0 1 0 1 0 -1 0 0 3710.dat
1 0 970 -224 500 0 0 1 0 1 0 -1 0 0 3710.dat
1 72 970 -224 1150 0 0 1 0 1 0 -1 0 0 3623.dat
1 0 1010 -224 430 1 0 0 0 1 0 0 0 1 3623.dat
1 0 990 -224 460 0 0 1 0 1 0 -1 0 0 3023.dat
1 0 990 -224 540 0 0 1 0 1 0 -1 0 0 3023.dat
1 484 1020 -224 1180 1 0 0 0 1 0 0 0 1 3020.dat
1 0 1010 -224 560 0 0 1 0 1 0 -1 0 0 3023.dat
1 0 1050 -224 410 1 0 0 0 1 0 0 0 1 3623.dat
1 0 1060 -224 570 1 0 0 0 1 0 0 0 1 3710.dat
1 0 1090 -224 430 1 0 0 0 1 0 0 0 1 3623.dat
1 72 1070 -224 760 0 0 1 0 1 0 -1 0 0 3710.dat
1 484 1090 -224 1170 1 0 0 0 1 0 0 0 1 3623.dat
1 0 1100 -224 550 1 0 0 0 1 0 0 0 1 3023.dat
1 72 1090 -224 810 0 0 1 0 1 0 -1 0 0 3623.dat
1 0 1120 -224 450 1 0 0 0 1 0 0 0 1 3023.dat
1 0 1120 -224 530 1 0 0 0 1 0 0 0 1 3023.dat
1 72 1110 -224 960 0 0 1 0 1 0 -1 0 0 60479.dat
1 72 1110 -224 1120 0 0 1 0 1 0 -1 0 0 3710.dat
1 0 1130 -224 490 0 0 1 0 1 0 -1 0 0 3623.dat
1 72 1220 -224 170 1 0 0 0 1 0 0 0 1 3023.dat
1 72 1220 -224 220 1 0 0 0 1 0 0 0 1 3022.dat
1 72 1220 -224 270 1 0 0 0 1 0 0 0 1 3023.dat
1 72 1220 -224 320 1 0 0 0 1 0 0 0 1 3022.dat
1 72 1220 -224 400 0 0 1 0 1 0 -1 0 0 3020.dat
1 72 1220 -224 480 1 0 0 0 1 0 0 0 1 3022.dat
1 72 1220 -224 560 0 0 1 0 1 0 -1 0 0 3020.dat
1 72 1220 -224 640 1 0 0 0 1 0 0 0 1 3022.dat
1 72 1220 -224 690 1 0 0 0 1 0 0 0 1 3023.dat
1 72 1220 -224 740 1 0 0 0 1 0 0 0 1 3022.dat
1 72 1290 -224 170 1 0 0 0 1 0 0 0 1 3024.dat
1 72 1290 -224 220 0 0 1 0 1 0 -1 0 0 3023.dat
1 72 1290 -224 270 1 0 0 0 1 0 0 0 1 3024.dat
1 72 1290 -224 320 0 0 1 0 1 0 -1 0 0 3023.dat
1 72 1290 -224 400 0 0 1 0 1 0 -1 0 0 3710.dat
1 72 1290 -224 480 0 0 1 0 1 0 -1 0 0 3023.dat
1 72 1290 -224 560 0 0 1 0 1 0 -1 0 0 3710.dat
1 72 1290 -224 640 0 0 1 0 1 0 -1 0 0 3023.dat
1 72 1290 -224 690 1 0 0 0 1 0 0 0 1 3024.dat
1 72 1290 -224 740 0 0 1 0 1 0 -1 0 0 3023.dat
1 72 1360 -224 170 1 0 0 0 1 0 0 0 1 3023.dat
1 72 1360 -224 220 1 0 0 0 1 0 0 0 1 3022.dat
1 72 1360 -224 270 1 0 0 0 1 0 0 0 1 3023.dat
1 72 1360 -224 320 1 0 0 0 1 0 0 0 1 3022.dat
1 72 1350 -224 400 0 0 1 0 1 0 -1 0 0 3710.dat
1 72 1360 -224 480 1 0 0 0 1 0 0 0 1 3022.dat
1 72 1350 -224 560 0 0 1 0 1 0 -1 0 0 3710.dat
1 72 1360 -224 640 1 0 0 0 1 0 0 0 1 3022.dat
1 72 1360 -224 690 1 0 0 0 1 0 0 0 1 3023.dat
1 72 1360 -224 740 1 0 0 0 1 0 0 0 1 3022.dat
1 72 1370 -224 380 0 0 1 0 1 0 -1 0 0 3023.dat
1 72 1370 -224 430 1 0 0 0 1 0 0 0 1 3024.dat
1 72 1370 -224 530 1 0 0 0 1 0 0 0 1 3024.dat
1 72 1370 -224 580 0 0 1 0 1 0 -1 0 0 3023.dat
1 72 50 -232 220 0 0 1 0 1 0 -1 0 0 3023.dat
1 72 50 -232 270 1 0 0 0 1 0 0 0 1 3024.dat
1 72 50 -232 320 0 0 1 0 1 0 -1 0 0 3023.dat
1 72 50 -232 380 0 0 1 0 1 0 -1 0 0 3023.dat
1 72 50 -232 430 1 0 0 0 1 0 0 0 1 3024.dat
1 72 50 -232 480 0 0 1 0 1 0 -1 0 0 3023.dat
1 72 50 -232 530 1 0 0 0 1 0 0 0 1 3024.dat
1 72 50 -232 580 0 0 1 0 1 0 -1 0 0 3023.dat
1 72 50 -232 640 0 0 1 0 1 0 -1 0 0 3023.dat
1 72 50 -232 690 1 0 0 0 1 0 0 0 1 3024.dat
1 72 50 -232 730 1 0 0 0 1 0 0 0 1 3024.dat
1 72 110 -232 220 0 0 1 0 1 0 -1 0 0 3023.dat
1 72 110 -232 270 1 0 0 0 1 0 0 0 1 3024.dat
1 72 110 -232 320 0 0 1 0 1 0 -1 0 0 3023.dat
1 72 110 -232 380 0 0 1 0 1 0 -1 0 0 3023.dat
1 72 110 -232 430 1 0 0 0 1 0 0 0 1 3024.dat
1 72 110 -232 480 0 0 1 0 1 0 -1 0 0 3023.dat
1 72 110 -232 530 1 0 0 0 1 0 0 0 1 3024.dat
1 72 110 -232 580 0 0 1 0 1 0 -1 0 0 3023.dat
1 72 110 -232 640 0 0 1 0 1 0 -1 0 0 3023.dat
1 72 110 -232 690 1 0 0 0 1 0 0 0 1 3024.dat
1 72 110 -232 730 1 0 0 0 1 0 0 0 1 3024.dat
1 72 190 -232 220 0 0 1 0 1 0 -1 0 0 3023.dat
1 72 190 -232 270 1 0 0 0 1 0 0 0 1 3024.dat
1 72 190 -232 320 0 0 1 0 1 0 -1 0 0 3023.dat
1 72 190 -232 380 0 0 1 0 1 0 -1 0 0 3023.dat
1 72 190 -232 430 1 0 0 0 1 0 0 0 1 3024.dat
1 72 190 -232 480 0 0 1 0 1 0 -1 0 0 3023.dat
1 72 190 -232 530 1 0 0 0 1 0 0 0 1 3024.dat
1 72 190 -232 580 0 0 1 0 1 0 -1 0 0 3023.dat
1 72 190 -232 640 0 0 1 0 1 0 -1 0 0 3023.dat
1 72 190 -232 690 1 0 0 0 1 0 0 0 1 3024.dat
1 72 190 -232 730 1 0 0 0 1 0 0 0 1 3024.dat
1 0 270 -232 480 0 0 1 0 1 0 -1 0 0 3710.dat
1 0 280 -232 530 1 0 0 0 1 0 0 0 1 3023.dat
1 0 310 -232 430 1 0 0 0 1 0 0 0 1 3623.dat
1 0 290 -232 450 1 0 0 0 1 0 0 0 1 3024.dat
1 0 300 -232 550 1 0 0 0 1 0 0 0 1 3023.dat
1 72 290 -232 960 0 0 1 0 1 0 -1 0 0 60479.dat
1 72 290 -232 1110 0 0 1 0 1 0 -1 0 0 3623.dat
1 484 340 -232 1150 1 0 0 0 1 0 0 0 1 3666.dat
1 0 340 -232 570 1 0 0 0 1 0 0 0 1 3710.dat
1 72 310 -232 820 0 0 1 0 1 0 -1 0 0 3710.dat
1 0 350 -232 410 1 0 0 0 1 0 0 0 1 3623.dat
1 72 330 -232 770 0 0 1 0 1 0 -1 0 0 3623.dat
1 484 350 -232 1130 1 0 0 0 1 0 0 0 1 3623.dat
1 72 440 -232 730 1 0 0 0 1 0 0 0 1 4477.dat
1 72 350 -232 750 1 0 0 0 1 0 0 0 1 3024.dat
1 0 390 -232 430 1 0 0 0 1 0 0 0 1 3623.dat
1 484 400 -232 1170 1 0 0 0 1 0 0 0 1 3710.dat
1 0 400 -232 550 1 0 0 0 1 0 0 0 1 3023.dat
1 0 390 -232 570 1 0 0 0 1 0 0 0 1 3024.dat
1 0 420 -232 450 1 0 0 0 1 0 0 0 1 3023.dat
1 0 420 -232 530 1 0 0 0 1 0 0 0 1 3023.dat
1 484 410 -232 1150 1 0 0 0 1 0 0 0 1 3024.dat
1 0 430 -232 490 0 0 1 0 1 0 -1 0 0 3623.dat
1 72 430 -232 1130 0 0 1 0 1 0 -1 0 0 3623.dat
1 72 450 -232 1090 0 0 1 0 1 0 -1 0 0 3623.dat
1 72 470 -232 1040 0 0 1 0 1 0 -1 0 0 3710.dat
1 72 490 -232 1000 0 0 1 0 1 0 -1 0 0 3023.dat
1 72 560 -232 480 1 0 0 0 1 0 0 0 1 3795.dat
1 72 560 -232 510 1 0 0 0 1 0 0 0 1 3666.dat
1 72 510 -232 530 1 0 0 0 1 0 0 0 1 3024.dat
1 72 520 -232 950 1 0 0 0 1 0 0 0 1 3023.dat
1 72 510 -232 970 1 0 0 0 1 0 0 0 1 3024.dat
1 0 540 -232 370 1 0 0 0 1 0 0 0 1 3023.dat
1 484 530 -232 420 0 0 1 0 1 0 -1 0 0 3710.dat
1 484 530 -232 560 0 0 1 0 1 0 -1 0 0 3710.dat
1 484 530 -232 610 1 0 0 0 1 0 0 0 1 3024.dat
1 0 540 -232 630 1 0 0 0 1 0 0 0 1 3023.dat
1 484 530 -232 680 0 0 1 0 1 0 -1 0 0 3710.dat
1 72 540 -232 930 1 0 0 0 1 0 0 0 1 3023.dat
1 484 660 -232 130 1 0 0 0 1 0 0 0 1 60479.dat
1 484 550 -232 240 0 0 1 0 1 0 -1 0 0 4477.dat
1 484 550 -232 350 1 0 0 0 1 0 0 0 1 3024.dat
1 484 550 -232 400 0 0 1 0 1 0 -1 0 0 3023.dat
1 72 580 -232 530 1 0 0 0 1 0 0 0 1 3710.dat
1 484 660 -232 730 1 0 0 0 1 0 0 0 1 60479.dat
1 72 560 -232 890 1 0 0 0 1 0 0 0 1 3023.dat
1 72 550 -232 910 1 0 0 0 1 0 0 0 1 3024.dat
1 72 580 -232 870 1 0 0 0 1 0 0 0 1 3023.dat
1 320 590 -232 770 1 0 0 0 1 0 0 0 1 3024.dat
1 72 600 -232 850 1 0 0 0 1 0 0 0 1 3023.dat
1 4 700 -232 770 1 0 0 0 1 0 0 0 1 4477.dat
1 72 620 -232 830 1 0 0 0 1 0 0 0 1 3023.dat
1 72 700 -232 710 1 0 0 0 1 0 0 0 1 3460.dat
1 72 630 -232 810 1 0 0 0 1 0 0 0 1 3024.dat
1 84 650 -232 790 1 0 0 0 1 0 0 0 1 3024.dat
1 0 700 -232 810 1 0 0 0 1 0 0 0 1 3666.dat
1 0 700 -232 790 1 0 0 0 1 0 0 0 1 3710.dat
1 0 750 -232 790 1 0 0 0 1 0 0 0 1 3024.dat
1 72 770 -232 820 0 0 1 0 1 0 -1 0 0 3023.dat
1 484 820 -232 130 1 0 0 0 1 0 0 0 1 3710.dat
1 72 820 -232 500 1 0 0 0 1 0 0 0 1 3031.dat
1 484 820 -232 730 1 0 0 0 1 0 0 0 1 3710.dat
1 72 790 -232 840 0 0 1 0 1 0 -1 0 0 3023.dat
1 320 810 -232 770 1 0 0 0 1 0 0 0 1 3024.dat
1 72 810 -232 860 0 0 1 0 1 0 -1 0 0 3023.dat
1 72 830 -232 880 0 0 1 0 1 0 -1 0 0 3023.dat
1 484 860 -232 220 0 0 1 0 1 0 -1 0 0 3034.dat
1 484 860 -232 310 1 0 0 0 1 0 0 0 1 3023.dat
1 72 850 -232 900 0 0 1 0 1 0 -1 0 0 3023.dat
1 484 870 -232 130 1 0 0 0 1 0 0 0 1 3024.dat
1 484 870 -232 340 0 0 1 0 1 0 -1 0 0 3023.dat
1 0 870 -232 370 1 0 0 0 1 0 0 0 1 3024.dat
1 484 870 -232 420 0 0 1 0 1 0 -1 0 0 3710.dat
1 72 880 -232 490 0 0 1 0 1 0 -1 0 0 3021.dat
1 484 870 -232 560 0 0 1 0 1 0 -1 0 0 3710.dat
1 484 870 -232 610 1 0 0 0 1 0 0 0 1 3024.dat
1 0 870 -232 630 1 0 0 0 1 0 0 0 1 3024.dat
1 484 870 -232 680 0 0 1 0 1 0 -1 0 0 3710.dat
1 72 960 -232 730 1 0 0 0 1 0 0 0 1 4477.dat
1 72 870 -232 940 0 0 1 0 1 0 -1 0 0 3023.dat
1 72 890 -232 530 1 0 0 0 1 0 0 0 1 3024.dat
1 72 890 -232 960 0 0 1 0 1 0 -1 0 0 3023.dat
1 72 910 -232 990 0 0 1 0 1 0 -1 0 0 3623.dat
1 72 930 -232 1020 0 0 1 0 1 0 -1 0 0 3710.dat
1 72 940 -232 1070 1 0 0 0 1 0 0 0 1 3023.dat
1 72 950 -232 1050 1 0 0 0 1 0 0 0 1 3024.dat
1 72 950 -232 1100 0 0 1 0 1 0 -1 0 0 3023.dat
1 0 970 -232 500 0 0 1 0 1 0 -1 0 0 3710.dat
1 72 970 -232 1130 0 0 1 0 1 0 -1 0 0 3623.dat
1 0 1010 -232 430 1 0 0 0 1 0 0 0 1 3623.dat
1 0 990 -232 460 0 0 1 0 1 0 -1 0 0 3023.dat
1 0 990 -232 540 0 0 1 0 1 0 -1 0 0 3023.dat
1 484 1040 -232 1150 1 0 0 0 1 0 0 0 1 3666.dat
1 484 1010 -232 1170 1 0 0 0 1 0 0 0 1 3623.dat
1 0 1010 -232 560 0 0 1 0 1 0 -1 0 0 3023.dat
1 0 1050 -232 410 1 0 0 0 1 0 0 0 1 3623.dat
1 0 1060 -232 570 1 0 0 0 1 0 0 0 1 3710.dat
1 484 1050 -232 1130 1 0 0 0 1 0 0 0 1 3623.dat
1 0 1090 -232 430 1 0 0 0 1 0 0 0 1 3623.dat
1 72 1070 -232 760 0 0 1 0 1 0 -1 0 0 3710.dat
1 0 1100 -232 550 1 0 0 0 1 0 0 0 1 3023.dat
1 72 1090 -232 820 0 0 1 0 1 0 -1 0 0 3710.dat
1 0 1120 -232 450 1 0 0 0 1 0 0 0 1 3023.dat
1 0 1120 -232 530 1 0 0 0 1 0 0 0 1 3023.dat
1 72 1110 -232 960 0 0 1 0 1 0 -1 0 0 60479.dat
1 72 1110 -232 1110 0 0 1 0 1 0 -1 0 0 3623.dat
1 484 1110 -232 1150 1 0 0 0 1 0 0 0 1 3024.dat
1 0 1130 -232 490 0 0 1 0 1 0 -1 0 0 3623.dat
1 72 1230 -232 220 0 0 1 0 1 0 -1 0 0 3023.dat
1 72 1230 -232 270 1 0 0 0 1 0 0 0 1 3024.dat
1 72 1230 -232 320 0 0 1 0 1 0 -1 0 0 3023.dat
1 72 1230 -232 380 0 0 1 0 1 0 -1 0 0 3023.dat
1 72 1230 -232 430 1 0 0 0 1 0 0 0 1 3024.dat
1 72 1230 -232 480 0 0 1 0 1 0 -1 0 0 3023.dat
1 72 1230 -232 530 1 0 0 0 1 0 0 0 1 3024.dat
1 72 1230 -232 580 0 0 1 0 1 0 -1 0 0 3023.dat
1 72 1230 -232 640 0 0 1 0 1 0 -1 0 0 3023.dat
1 72 1230 -232 690 1 0 0 0 1 0 0 0 1 3024.dat
1 72 1230 -232 730 1 0 0 0 1 0 0 0 1 3024.dat
1 72 1290 -232 220 0 0 1 0 1 0 -1 0 0 3023.dat
1 72 1290 -232 270 1 0 0 0 1 0 0 0 1 3024.dat
1 72 1290 -232 320 0 0 1 0 1 0 -1 0 0 3023.dat
1 72 1290 -232 380 0 0 1 0 1 0 -1 0 0 3023.dat
1 72 1290 -232 430 1 0 0 0 1 0 0 0 1 3024.dat
1 72 1290 -232 480 0 0 1 0 1 0 -1 0 0 3023.dat
1 72 1290 -232 530 1 0 0 0 1 0 0 0 1 3024.dat
1 72 1290 -232 580 0 0 1 0 1 0 -1 0 0 3023.dat
1 72 1290 -232 640 0 0 1 0 1 0 -1 0 0 3023.dat
1 72 1290 -232 690 1 0 0 0 1 0 0 0 1 3024.dat
1 72 1290 -232 730 1 0 0 0 1 0 0 0 1 3024.dat
1 72 1350 -232 220 0 0 1 0 1 0 -1 0 0 3023.dat
1 72 1350 -232 270 1 0 0 0 1 0 0 0 1 3024.dat
1 72 1350 -232 320 0 0 1 0 1 0 -1 0 0 3023.dat
1 72 1350 -232 380 0 0 1 0 1 0 -1 0 0 3023.dat
1 72 1350 -232 430 1 0 0 0 1 0 0 0 1 3024.dat
1 72 1350 -232 480 0 0 1 0 1 0 -1 0 0 3023.dat
1 72 1350 -232 530 1 0 0 0 1 0 0 0 1 3024.dat
1 72 1350 -232 580 0 0 1 0 1 0 -1 0 0 3023.dat
1 72 1350 -232 640 0 0 1 0 1 0 -1 0 0 3023.dat
1 72 1350 -232 690 1 0 0 0 1 0 0 0 1 3024.dat
1 72 1350 -232 730 1 0 0 0 1 0 0 0 1 3024.dat
1 0 270 -240 480 0 0 1 0 1 0 -1 0 0 3710.dat
1 0 280 -240 530 1 0 0 0 1 0 0 0 1 3023.dat
1 0 310 -240 430 1 0 0 0 1 0 0 0 1 3623.dat
1 0 290 -240 450 1 0 0 0 1 0 0 0 1 3024.dat
1 0 300 -240 550 1 0 0 0 1 0 0 0 1 3023.dat
1 72 290 -240 960 0 0 1 0 1 0 -1 0 0 60479.dat
1 72 290 -240 1100 0 0 1 0 1 0 -1 0 0 3023.dat
1 484 360 -240 1130 1 0 0 0 1 0 0 0 1 3460.dat
1 0 340 -240 570 1 0 0 0 1 0 0 0 1 3710.dat
1 72 310 -240 820 0 0 1 0 1 0 -1 0 0 3710.dat
1 484 340 -240 1110 1 0 0 0 1 0 0 0 1 3710.dat
1 0 350 -240 410 1 0 0 0 1 0 0 0 1 3623.dat
1 72 330 -240 780 0 0 1 0 1 0 -1 0 0 3710.dat
1 72 440 -240 730 1 0 0 0 1 0 0 0 1 4477.dat
1 0 390 -240 430 1 0 0 0 1 0 0 0 1 3623.dat
1 0 400 -240 550 1 0 0 0 1 0 0 0 1 3023.dat
1 0 390 -240 570 1 0 0 0 1 0 0 0 1 3024.dat
1 484 390 -240 1110 1 0 0 0 1 0 0 0 1 3024.dat
1 0 410 -240 460 0 0 1 0 1 0 -1 0 0 3023.dat
1 0 420 -240 530 1 0 0 0 1 0 0 0 1 3023.dat
1 0 430 -240 490 0 0 1 0 1 0 -1 0 0 3623.dat
1 72 440 -240 1090 1 0 0 0 1 0 0 0 1 3023.dat
1 72 430 -240 1110 1 0 0 0 1 0 0 0 1 3024.dat
1 72 460 -240 1050 1 0 0 0 1 0 0 0 1 3023.dat
1 72 450 -240 1070 1 0 0 0 1 0 0 0 1 3024.dat
1 72 470 -240 1010 0 0 1 0 1 0 -1 0 0 3623.dat
1 72 490 -240 980 0 0 1 0 1 0 -1 0 0 3023.dat
1 72 560 -240 450 1 0 0 0 1 0 0 0 1 3666.dat
1 72 510 -240 500 0 0 1 0 1 0 -1 0 0 3710.dat
1 72 560 -240 550 1 0 0 0 1 0 0 0 1 3666.dat
1 72 520 -240 930 1 0 0 0 1 0 0 0 1 3023.dat
1 72 510 -240 950 1 0 0 0 1 0 0 0 1 3024.dat
1 0 530 -240 370 1 0 0 0 1 0 0 0 1 3024.dat
1 484 530 -240 410 0 0 1 0 1 0 -1 0 0 3623.dat
1 484 530 -240 490 0 0 1 0 1 0 -1 0 0 3623.dat
1 72 560 -240 530 1 0 0 0 1 0 0 0 1 3710.dat
1 484 530 -240 590 0 0 1 0 1 0 -1 0 0 3623.dat
1 0 530 -240 630 1 0 0 0 1 0 0 0 1 3024.dat
1 484 530 -240 680 0 0 1 0 1 0 -1 0 0 3710.dat
1 72 540 -240 910 1 0 0 0 1 0 0 0 1 3023.dat
1 484 660 -240 130 1 0 0 0 1 0 0 0 1 60479.dat
1 484 550 -240 260 0 0 1 0 1 0 -1 0 0 60479.dat
1 72 580 -240 470 1 0 0 0 1 0 0 0 1 3710.dat
1 484 660 -240 730 1 0 0 0 1 0 0 0 1 60479.dat
1 72 560 -240 890 1 0 0 0 1 0 0 0 1 3023.dat
1 72 570 -240 870 1 0 0 0 1 0 0 0 1 3024.dat
1 4 700 -240 770 1 0 0 0 1 0 0 0 1 60479.dat
1 72 600 -240 850 1 0 0 0 1 0 0 0 1 3023.dat
1 72 610 -240 530 1 0 0 0 1 0 0 0 1 3024.dat
1 72 620 -240 830 1 0 0 0 1 0 0 0 1 3023.dat
1 72 700 -240 710 1 0 0 0 1 0 0 0 1 3460.dat
1 72 650 -240 810 1 0 0 0 1 0 0 0 1 3623.dat
1 72 700 -240 790 1 0 0 0 1 0 0 0 1 3666.dat
1 0 690 -240 810 1 0 0 0 1 0 0 0 1 3024.dat
1 72 740 -240 810 1 0 0 0 1 0 0 0 1 3710.dat
1 72 780 -240 830 1 0 0 0 1 0 0 0 1 3023.dat
1 484 820 -240 130 1 0 0 0 1 0 0 0 1 3710.dat
1 72 820 -240 460 1 0 0 0 1 0 0 0 1 3020.dat
1 72 840 -240 540 1 0 0 0 1 0 0 0 1 3795.dat
1 484 820 -240 730 1 0 0 0 1 0 0 0 1 3710.dat
1 72 800 -240 850 1 0 0 0 1 0 0 0 1 3023.dat
1 72 830 -240 870 1 0 0 0 1 0 0 0 1 3024.dat
1 484 850 -240 220 0 0 1 0 1 0 -1 0 0 3460.dat
1 484 860 -240 310 1 0 0 0 1 0 0 0 1 3023.dat
1 72 850 -240 900 0 0 1 0 1 0 -1 0 0 3023.dat
1 484 870 -240 340 0 0 1 0 1 0 -1 0 0 3023.dat
1 0 870 -240 370 1 0 0 0 1 0 0 0 1 3024.dat
1 484 870 -240 410 0 0 1 0 1 0 -1 0 0 3623.dat
1 72 880 -240 450 1 0 0 0 1 0 0 0 1 3023.dat
1 484 870 -240 490 0 0 1 0 1 0 -1 0 0 3623.dat
1 484 870 -240 590 0 0 1 0 1 0 -1 0 0 3623.dat
1 0 870 -240 630 1 0 0 0 1 0 0 0 1 3024.dat
1 484 870 -240 680 0 0 1 0 1 0 -1 0 0 3710.dat
1 72 960 -240 730 1 0 0 0 1 0 0 0 1 4477.dat
1 72 870 -240 920 0 0 1 0 1 0 -1 0 0 3023.dat
1 72 890 -240 490 0 0 1 0 1 0 -1 0 0 3623.dat
1 72 890 -240 940 0 0 1 0 1 0 -1 0 0 3023.dat
1 72 910 -240 490 1 0 0 0 1 0 0 0 1 3024.dat
1 72 910 -240 970 0 0 1 0 1 0 -1 0 0 3623.dat
1 72 930 -240 1020 0 0 1 0 1 0 -1 0 0 3710.dat
1 72 950 -240 1060 0 0 1 0 1 0 -1 0 0 3710.dat
1 0 970 -240 500 0 0 1 0 1 0 -1 0 0 3710.dat
1 72 970 -240 1100 0 0 1 0 1 0 -1 0 0 3023.dat
1 484 1040 -240 1130 1 0 0 0 1 0 0 0 1 3460.dat
1 0 1010 -240 430 1 0 0 0 1 0 0 0 1 3623.dat
1 0 990 -240 460 0 0 1 0 1 0 -1 0 0 3023.dat
1 0 990 -240 540 0 0 1 0 1 0 -1 0 0 3023.dat
1 0 1010 -240 560 0 0 1 0 1 0 -1 0 0 3023.dat
1 0 1060 -240 410 1 0 0 0 1 0 0 0 1 3710.dat
1 0 1060 -240 570 1 0 0 0 1 0 0 0 1 3710.dat
1 484 1060 -240 1110 1 0 0 0 1 0 0 0 1 3710.dat
1 72 1070 -240 760 0 0 1 0 1 0 -1 0 0 3710.dat
1 0 1100 -240 430 1 0 0 0 1 0 0 0 1 3023.dat
1 0 1100 -240 550 1 0 0 0 1 0 0 0 1 3023.dat
1 72 1090 -240 820 0 0 1 0 1 0 -1 0 0 3710.dat
1 0 1120 -240 450 1 0 0 0 1 0 0 0 1 3023.dat
1 0 1120 -240 530 1 0 0 0 1 0 0 0 1 3023.dat
1 72 1110 -240 960 0 0 1 0 1 0 -1 0 0 60479.dat
1 72 1110 -240 1100 0 0 1 0 1 0 -1 0 0 3023.dat
1 0 1130 -240 490 0 0 1 0 1 0 -1 0 0 3623.dat
1 0 270 -248 480 0 0 1 0 1 0 -1 0 0 3710.dat
1 0 280 -248 530 1 0 0 0 1 0 0 0 1 3023.dat
1 0 310 -248 430 1 0 0 0 1 0 0 0 1 3623.dat
1 0 290 -248 450 1 0 0 0 1 0 0 0 1 3024.dat
1 0 300 -248 550 1 0 0 0 1 0 0 0 1 3023.dat
1 72 290 -248 980 0 0 1 0 1 0 -1 0 0 60479.dat
1 0 340 -248 570 1 0 0 0 1 0 0 0 1 3710.dat
1 72 310 -248 840 0 0 1 0 1 0 -1 0 0 3710.dat
1 484 310 -248 1090 0 0 1 0 1 0 -1 0 0 3623.dat
1 0 350 -248 410 1 0 0 0 1 0 0 0 1 3623.dat
1 72 330 -248 780 0 0 1 0 1 0 -1 0 0 3710.dat
1 484 360 -248 1100 1 0 0 0 1 0 0 0 1 3020.dat
1 72 420 -248 730 1 0 0 0 1 0 0 0 1 3460.dat
1 72 350 -248 750 1 0 0 0 1 0 0 0 1 3024.dat
1 0 390 -248 430 1 0 0 0 1 0 0 0 1 3623.dat
1 0 400 -248 550 1 0 0 0 1 0 0 0 1 3023.dat
1 0 390 -248 570 1 0 0 0 1 0 0 0 1 3024.dat
1 0 410 -248 460 0 0 1 0 1 0 -1 0 0 3023.dat
1 0 420 -248 530 1 0 0 0 1 0 0 0 1 3023.dat
1 484 410 -248 1100 0 0 1 0 1 0 -1 0 0 3023.dat
1 0 430 -248 490 0 0 1 0 1 0 -1 0 0 3623.dat
1 72 440 -248 1070 1 0 0 0 1 0 0 0 1 3023.dat
1 72 430 -248 1090 1 0 0 0 1 0 0 0 1 3024.dat
1 484 430 -248 1110 1 0 0 0 1 0 0 0 1 3024.dat
1 72 460 -248 1030 1 0 0 0 1 0 0 0 1 3023.dat
1 72 450 -248 1050 1 0 0 0 1 0 0 0 1 3024.dat
1 72 470 -248 1000 0 0 1 0 1 0 -1 0 0 3023.dat
1 72 500 -248 490 1 0 0 0 1 0 0 0 1 3023.dat
1 72 500 -248 950 1 0 0 0 1 0 0 0 1 3023.dat
1 72 490 -248 970 1 0 0 0 1 0 0 0 1 3024.dat
1 72 560 -248 430 1 0 0 0 1 0 0 0 1 3666.dat
1 72 510 -248 460 0 0 1 0 1 0 -1 0 0 3023.dat
1 72 510 -248 540 0 0 1 0 1 0 -1 0 0 3710.dat
1 72 510 -248 730 1 0 0 0 1 0 0 0 1 3024.dat
1 72 520 -248 930 1 0 0 0 1 0 0 0 1 3023.dat
1 484 540 -248 330 0 0 1 0 1 0 -1 0 0 3021.dat
1 0 530 -248 370 1 0 0 0 1 0 0 0 1 3024.dat
1 484 530 -248 400 0 0 1 0 1 0 -1 0 0 3023.dat
1 484 530 -248 480 0 0 1 0 1 0 -1 0 0 3710.dat
1 484 530 -248 530 1 0 0 0 1 0 0 0 1 3024.dat
1 72 560 -248 550 1 0 0 0 1 0 0 0 1 3710.dat
1 484 530 -248 590 0 0 1 0 1 0 -1 0 0 3623.dat
1 0 530 -248 630 1 0 0 0 1 0 0 0 1 3024.dat
1 484 530 -248 680 0 0 1 0 1 0 -1 0 0 3710.dat
1 484 640 -248 730 1 0 0 0 1 0 0 0 1 60479.dat
1 72 540 -248 900 1 0 0 0 1 0 0 0 1 3022.dat
1 484 660 -248 130 1 0 0 0 1 0 0 0 1 60479.dat
1 484 550 -248 220 0 0 1 0 1 0 -1 0 0 3460.dat
1 72 580 -248 450 1 0 0 0 1 0 0 0 1 3710.dat
1 72 580 -248 570 1 0 0 0 1 0 0 0 1 3710.dat
1 72 570 -248 870 1 0 0 0 1 0 0 0 1 3024.dat
1 320 590 -248 770 1 0 0 0 1 0 0 0 1 3024.dat
1 72 600 -248 850 1 0 0 0 1 0 0 0 1 3023.dat
1 72 610 -248 550 1 0 0 0 1 0 0 0 1 3024.dat
1 4 640 -248 770 1 0 0 0 1 0 0 0 1 3710.dat
1 72 700 -248 830 1 0 0 0 1 0 0 0 1 4477.dat
1 72 700 -248 710 1 0 0 0 1 0 0 0 1 3460.dat
1 72 700 -248 810 1 0 0 0 1 0 0 0 1 3460.dat
1 4 690 -248 770 1 0 0 0 1 0 0 0 1 3024.dat
1 320 710 -248 770 1 0 0 0 1 0 0 0 1 3024.dat
1 4 760 -248 770 1 0 0 0 1 0 0 0 1 3710.dat
1 484 820 -248 730 1 0 0 0 1 0 0 0 1 3666.dat
1 484 820 -248 130 1 0 0 0 1 0 0 0 1 3710.dat
1 72 820 -248 440 1 0 0 0 1 0 0 0 1 3020.dat
1 72 820 -248 560 1 0 0 0 1 0 0 0 1 3020.dat
1 72 800 -248 850 1 0 0 0 1 0 0 0 1 3023.dat
1 4 810 -248 770 1 0 0 0 1 0 0 0 1 3024.dat
1 72 830 -248 870 1 0 0 0 1 0 0 0 1 3024.dat
1 484 850 -248 220 0 0 1 0 1 0 -1 0 0 3460.dat
1 484 860 -248 310 1 0 0 0 1 0 0 0 1 3023.dat
1 72 860 -248 890 1 0 0 0 1 0 0 0 1 3023.dat
1 484 870 -248 340 0 0 1 0 1 0 -1 0 0 3023.dat
1 0 870 -248 370 1 0 0 0 1 0 0 0 1 3024.dat
1 484 870 -248 400 0 0 1 0 1 0 -1 0 0 3023.dat
1 72 880 -248 430 1 0 0 0 1 0 0 0 1 3023.dat
1 484 870 -248 480 0 0 1 0 1 0 -1 0 0 3710.dat
1 484 870 -248 530 1 0 0 0 1 0 0 0 1 3024.dat
1 72 880 -248 550 1 0 0 0 1 0 0 0 1 3023.dat
1 484 870 -248 590 0 0 1 0 1 0 -1 0 0 3623.dat
1 0 870 -248 630 1 0 0 0 1 0 0 0 1 3024.dat
1 484 870 -248 680 0 0 1 0 1 0 -1 0 0 3710.dat
1 72 870 -248 910 1 0 0 0 1 0 0 0 1 3024.dat
1 72 890 -248 480 0 0 1 0 1 0 -1 0 0 3710.dat
1 72 890 -248 530 1 0 0 0 1 0 0 0 1 3024.dat
1 72 890 -248 570 1 0 0 0 1 0 0 0 1 3024.dat
1 72 960 -248 730 1 0 0 0 1 0 0 0 1 3460.dat
1 72 890 -248 940 0 0 1 0 1 0 -1 0 0 3023.dat
1 72 910 -248 490 1 0 0 0 1 0 0 0 1 3024.dat
1 72 910 -248 960 0 0 1 0 1 0 -1 0 0 3023.dat
1 72 930 -248 1000 0 0 1 0 1 0 -1 0 0 3710.dat
1 72 950 -248 1040 0 0 1 0 1 0 -1 0 0 3710.dat
1 0 970 -248 490 0 0 1 0 1 0 -1 0 0 3623.dat
1 72 970 -248 1080 0 0 1 0 1 0 -1 0 0 3023.dat
1 484 1020 -248 1110 1 0 0 0 1 0 0 0 1 3666.dat
1 0 1010 -248 430 1 0 0 0 1 0 0 0 1 3623.dat
1 0 990 -248 460 0 0 1 0 1 0 -1 0 0 3023.dat
1 0 990 -248 530 0 0 1 0 1 0 -1 0 0 3623.dat
1 484 1040 -248 1090 1 0 0 0 1 0 0 0 1 3666.dat
1 0 1010 -248 560 0 0 1 0 1 0 -1 0 0 3023.dat
1 0 1060 -248 410 1 0 0 0 1 0 0 0 1 3710.dat
1 0 1060 -248 570 1 0 0 0 1 0 0 0 1 3710.dat
1 72 1050 -248 740 0 0 1 0 1 0 -1 0 0 3023.dat
1 72 1070 -248 780 0 0 1 0 1 0 -1 0 0 3710.dat
1 0 1100 -248 430 1 0 0 0 1 0 0 0 1 3023.dat
1 0 1100 -248 550 1 0 0 0 1 0 0 0 1 3023.dat
1 72 1090 -248 840 0 0 1 0 1 0 -1 0 0 3710.dat
1 484 1090 -248 1070 1 0 0 0 1 0 0 0 1 3024.dat
1 484 1090 -248 1110 1 0 0 0 1 0 0 0 1 3024.dat
1 0 1120 -248 450 1 0 0 0 1 0 0 0 1 3023.dat
1 0 1120 -248 530 1 0 0 0 1 0 0 0 1 3023.dat
1 72 1110 -248 960 0 0 1 0 1 0 -1 0 0 4477.dat
1 72 1110 -248 1070 1 0 0 0 1 0 0 0 1 3024.dat
1 484 1110 -248 1090 1 0 0 0 1 0 0 0 1 3024.dat
1 0 1130 -248 490 0 0 1 0 1 0 -1 0 0 3623.dat
1 0 270 -256 480 0 0 1 0 1 0 -1 0 0 3710.dat
1 0 280 -256 530 1 0 0 0 1 0 0 0 1 3023.dat
1 0 300 -256 430 1 0 0 0 1 0 0 0 1 3023.dat
1 0 290 -256 450 1 0 0 0 1 0 0 0 1 3024.dat
1 0 300 -256 550 1 0 0 0 1 0 0 0 1 3023.dat
1 72 290 -256 960 0 0 1 0 1 0 -1 0 0 4477.dat
1 72 290 -256 1070 1 0 0 0 1 0 0 0 1 3024.dat
1 0 340 -256 570 1 0 0 0 1 0 0 0 1 3710.dat
1 72 310 -256 850 0 0 1 0 1 0 -1 0 0 3623.dat
1 484 320 -256 1060 1 0 0 0 1 0 0 0 1 3022.dat
1 0 350 -256 410 1 0 0 0 1 0 0 0 1 3623.dat
1 72 330 -256 790 0 0 1 0 1 0 -1 0 0 3623.dat
1 72 420 -256 730 1 0 0 0 1 0 0 0 1 3460.dat
1 72 350 -256 760 0 0 1 0 1 0 -1 0 0 3023.dat
1 484 380 -256 1070 1 0 0 0 1 0 0 0 1 3710.dat
1 484 360 -256 1090 1 0 0 0 1 0 0 0 1 3023.dat
1 0 390 -256 430 1 0 0 0 1 0 0 0 1 3623.dat
1 484 370 -256 1050 1 0 0 0 1 0 0 0 1 3024.dat
1 0 400 -256 550 1 0 0 0 1 0 0 0 1 3023.dat
1 0 390 -256 570 1 0 0 0 1 0 0 0 1 3024.dat
1 0 410 -256 460 0 0 1 0 1 0 -1 0 0 3023.dat
1 0 420 -256 530 1 0 0 0 1 0 0 0 1 3023.dat
1 484 420 -256 1090 1 0 0 0 1 0 0 0 1 3023.dat
1 0 430 -256 490 0 0 1 0 1 0 -1 0 0 3623.dat
1 72 440 -256 1050 1 0 0 0 1 0 0 0 1 3023.dat
1 72 430 -256 1070 1 0 0 0 1 0 0 0 1 3024.dat
1 72 460 -256 1010 1 0 0 0 1 0 0 0 1 3023.dat
1 72 450 -256 1030 1 0 0 0 1 0 0 0 1 3024.dat
1 72 480 -256 970 1 0 0 0 1 0 0 0 1 3023.dat
1 72 470 -256 990 1 0 0 0 1 0 0 0 1 3024.dat
1 72 500 -256 490 1 0 0 0 1 0 0 0 1 3023.dat
1 72 490 -256 950 1 0 0 0 1 0 0 0 1 3024.dat
1 72 560 -256 410 1 0 0 0 1 0 0 0 1 3666.dat
1 72 510 -256 450 0 0 1 0 1 0 -1 0 0 3623.dat
1 72 510 -256 540 0 0 1 0 1 0 -1 0 0 3710.dat
1 72 510 -256 730 1 0 0 0 1 0 0 0 1 3024.dat
1 72 520 -256 910 1 0 0 0 1 0 0 0 1 3023.dat
1 72 510 -256 930 1 0 0 0 1 0 0 0 1 3024.dat
1 484 530 -256 330 0 0 1 0 1 0 -1 0 0 3623.dat
1 0 530 -256 370 1 0 0 0 1 0 0 0 1 3024.dat
1 484 530 -256 390 1 0 0 0 1 0 0 0 1 3024.dat
1 484 530 -256 480 0 0 1 0 1 0 -1 0 0 3666.dat
1 484 530 -256 550 1 0 0 0 1 0 0 0 1 3024.dat
1 72 560 -256 570 1 0 0 0 1 0 0 0 1 3710.dat
1 484 530 -256 600 0 0 1 0 1 0 -1 0 0 3023.dat
1 0 530 -256 630 1 0 0 0 1 0 0 0 1 3024.dat
1 484 530 -256 680 0 0 1 0 1 0 -1 0 0 3710.dat
1 484 640 -256 730 1 0 0 0 1 0 0 0 1 60479.dat
1 72 540 -256 890 1 0 0 0 1 0 0 0 1 3023.dat
1 484 660 -256 130 1 0 0 0 1 0 0 0 1 60479.dat
1 484 550 -256 220 0 0 1 0 1 0 -1 0 0 3460.dat
1 484 550 -256 310 1 0 0 0 1 0 0 0 1 3024.dat
1 72 580 -256 430 1 0 0 0 1 0 0 0 1 3710.dat
1 72 580 -256 870 1 0 0 0 1 0 0 0 1 3023.dat
1 320 590 -256 770 1 0 0 0 1 0 0 0 1 3024.dat
1 72 600 -256 850 1 0 0 0 1 0 0 0 1 3023.dat
1 72 610 -256 570 1 0 0 0 1 0 0 0 1 3024.dat
1 4 640 -256 770 1 0 0 0 1 0 0 0 1 3710.dat
1 72 630 -256 830 1 0 0 0 1 0 0 0 1 3623.dat
1 72 700 -256 710 1 0 0 0 1 0 0 0 1 3460.dat
1 72 700 -256 810 1 0 0 0 1 0 0 0 1 3460.dat
1 320 700 -256 770 1 0 0 0 1 0 0 0 1 3023.dat
1 4 760 -256 770 1 0 0 0 1 0 0 0 1 3710.dat
1 72 770 -256 830 1 0 0 0 1 0 0 0 1 3623.dat
1 484 820 -256 730 1 0 0 0 1 0 0 0 1 3666.dat
1 484 820 -256 130 1 0 0 0 1 0 0 0 1 3710.dat
1 72 820 -256 420 1 0 0 0 1 0 0 0 1 3020.dat
1 72 840 -256 570 1 0 0 0 1 0 0 0 1 3666.dat
1 320 810 -256 770 1 0 0 0 1 0 0 0 1 3024.dat
1 72 810 -256 850 1 0 0 0 1 0 0 0 1 3024.dat
1 72 830 -256 870 1 0 0 0 1 0 0 0 1 3024.dat
1 484 850 -256 220 0 0 1 0 1 0 -1 0 0 3460.dat
1 484 860 -256 310 1 0 0 0 1 0 0 0 1 3023.dat
1 72 860 -256 890 1 0 0 0 1 0 0 0 1 3023.dat
1 484 870 -256 340 0 0 1 0 1 0 -1 0 0 3023.dat
1 0 870 -256 370 1 0 0 0 1 0 0 0 1 3024.dat
1 484 870 -256 390 1 0 0 0 1 0 0 0 1 3024.dat
1 72 880 -256 410 1 0 0 0 1 0 0 0 1 3023.dat
1 484 870 -256 480 0 0 1 0 1 0 -1 0 0 3666.dat
1 484 870 -256 550 1 0 0 0 1 0 0 0 1 3024.dat
1 484 870 -256 600 0 0 1 0 1 0 -1 0 0 3023.dat
1 0 870 -256 630 1 0 0 0 1 0 0 0 1 3024.dat
1 484 870 -256 680 0 0 1 0 1 0 -1 0 0 3710.dat
1 72 880 -256 910 1 0 0 0 1 0 0 0 1 3023.dat
1 72 890 -256 480 0 0 1 0 1 0 -1 0 0 3666.dat
1 72 890 -256 550 1 0 0 0 1 0 0 0 1 3024.dat
1 72 960 -256 730 1 0 0 0 1 0 0 0 1 3460.dat
1 72 890 -256 930 1 0 0 0 1 0 0 0 1 3024.dat
1 72 910 -256 490 1 0 0 0 1 0 0 0 1 3024.dat
1 72 910 -256 960 0 0 1 0 1 0 -1 0 0 3023.dat
1 72 930 -256 980 0 0 1 0 1 0 -1 0 0 3023.dat
1 72 950 -256 1030 0 0 1 0 1 0 -1 0 0 3623.dat
1 0 970 -256 490 0 0 1 0 1 0 -1 0 0 3623.dat
1 72 970 -256 1060 0 0 1 0 1 0 -1 0 0 3023.dat
1 484 980 -256 1090 1 0 0 0 1 0 0 0 1 3023.dat
1 0 1010 -256 430 1 0 0 0 1 0 0 0 1 3623.dat
1 0 990 -256 460 0 0 1 0 1 0 -1 0 0 3023.dat
1 0 990 -256 530 0 0 1 0 1 0 -1 0 0 3623.dat
1 484 1040 -256 1070 1 0 0 0 1 0 0 0 1 3666.dat
1 0 1010 -256 560 0 0 1 0 1 0 -1 0 0 3023.dat
1 0 1060 -256 410 1 0 0 0 1 0 0 0 1 3710.dat
1 0 1060 -256 570 1 0 0 0 1 0 0 0 1 3710.dat
1 484 1030 -256 1050 1 0 0 0 1 0 0 0 1 3024.dat
1 484 1040 -256 1090 1 0 0 0 1 0 0 0 1 3023.dat
1 72 1050 -256 740 0 0 1 0 1 0 -1 0 0 3023.dat
1 72 1070 -256 790 0 0 1 0 1 0 -1 0 0 3623.dat
1 484 1080 -256 1050 1 0 0 0 1 0 0 0 1 3023.dat
1 0 1100 -256 430 1 0 0 0 1 0 0 0 1 3023.dat
1 0 1110 -256 550 1 0 0 0 1 0 0 0 1 3623.dat
1 72 1090 -256 840 0 0 1 0 1 0 -1 0 0 3710.dat
1 0 1120 -256 450 1 0 0 0 1 0 0 0 1 3023.dat
1 72 1110 -256 960 0 0 1 0 1 0 -1 0 0 4477.dat
1 72 1110 -256 1070 1 0 0 0 1 0 0 0 1 3024.dat
1 0 1130 -256 500 0 0 1 0 1 0 -1 0 0 3710.dat
1 0 270 -264 480 0 0 1 0 1 0 -1 0 0 3710.dat
1 0 280 -264 530 1 0 0 0 1 0 0 0 1 3023.dat
1 0 300 -264 430 1 0 0 0 1 0 0 0 1 3023.dat
1 0 290 -264 450 1 0 0 0 1 0 0 0 1 3024.dat
1 0 300 -264 550 1 0 0 0 1 0 0 0 1 3023.dat
1 72 290 -264 960 0 0 1 0 1 0 -1 0 0 3460.dat
1 484 360 -264 1050 1 0 0 0 1 0 0 0 1 3460.dat
1 0 340 -264 410 1 0 0 0 1 0 0 0 1 3710.dat
1 0 340 -264 570 1 0 0 0 1 0 0 0 1 3710.dat
1 72 310 -264 860 0 0 1 0 1 0 -1 0 0 3710.dat
1 484 360 -264 1030 1 0 0 0 1 0 0 0 1 3666.dat
1 72 330 -264 800 0 0 1 0 1 0 -1 0 0 3710.dat
1 72 420 -264 730 1 0 0 0 1 0 0 0 1 3460.dat
1 72 350 -264 760 0 0 1 0 1 0 -1 0 0 3023.dat
1 0 390 -264 430 1 0 0 0 1 0 0 0 1 3623.dat
1 0 400 -264 550 1 0 0 0 1 0 0 0 1 3023.dat
1 0 390 -264 570 1 0 0 0 1 0 0 0 1 3024.dat
1 0 410 -264 460 0 0 1 0 1 0 -1 0 0 3023.dat
1 0 420 -264 530 1 0 0 0 1 0 0 0 1 3023.dat
1 484 420 -264 1070 1 0 0 0 1 0 0 0 1 3023.dat
1 0 430 -264 490 0 0 1 0 1 0 -1 0 0 3623.dat
1 72 440 -264 1030 1 0 0 0 1 0 0 0 1 3023.dat
1 72 460 -264 990 1 0 0 0 1 0 0 0 1 3023.dat
1 72 450 -264 1010 1 0 0 0 1 0 0 0 1 3024.dat
1 72 480 -264 950 1 0 0 0 1 0 0 0 1 3023.dat
1 72 470 -264 970 1 0 0 0 1 0 0 0 1 3024.dat
1 72 500 -264 490 1 0 0 0 1 0 0 0 1 3023.dat
1 72 500 -264 930 1 0 0 0 1 0 0 0 1 3023.dat
1 72 560 -264 410 1 0 0 0 1 0 0 0 1 3666.dat
1 72 510 -264 450 0 0 1 0 1 0 -1 0 0 3623.dat
1 72 510 -264 540 0 0 1 0 1 0 -1 0 0 3710.dat
1 72 510 -264 590 1 0 0 0 1 0 0 0 1 3024.dat
1 72 510 -264 730 1 0 0 0 1 0 0 0 1 3024.dat
1 72 520 -264 910 1 0 0 0 1 0 0 0 1 3023.dat
1 484 530 -264 330 0 0 1 0 1 0 -1 0 0 3623.dat
1 0 530 -264 370 1 0 0 0 1 0 0 0 1 3024.dat
1 484 530 -264 390 1 0 0 0 1 0 0 0 1 3024.dat
1 484 530 -264 520 0 0 1 0 1 0 -1 0 0 4477.dat
1 0 530 -264 630 1 0 0 0 1 0 0 0 1 3024.dat
1 484 530 -264 680 0 0 1 0 1 0 -1 0 0 3710.dat
1 484 640 -264 730 1 0 0 0 1 0 0 0 1 60479.dat
1 72 540 -264 890 1 0 0 0 1 0 0 0 1 3023.dat
1 484 660 -264 130 1 0 0 0 1 0 0 0 1 60479.dat
1 484 550 -264 220 0 0 1 0 1 0 -1 0 0 3460.dat
1 484 550 -264 310 1 0 0 0 1 0 0 0 1 3024.dat
1 72 580 -264 580 1 0 0 0 1 0 0 0 1 3020.dat
1 72 580 -264 850 1 0 0 0 1 0 0 0 1 3023.dat
1 72 570 -264 870 1 0 0 0 1 0 0 0 1 3024.dat
1 320 610 -264 770 1 0 0 0 1 0 0 0 1 3024.dat
1 72 700 -264 810 1 0 0 0 1 0 0 0 1 4477.dat
1 72 610 -264 830 1 0 0 0 1 0 0 0 1 3024.dat
1 72 700 -264 710 1 0 0 0 1 0 0 0 1 3460.dat
1 4 650 -264 770 1 0 0 0 1 0 0 0 1 3623.dat
1 320 690 -264 770 1 0 0 0 1 0 0 0 1 3024.dat
1 4 760 -264 770 1 0 0 0 1 0 0 0 1 3710.dat
1 484 820 -264 730 1 0 0 0 1 0 0 0 1 3666.dat
1 484 820 -264 130 1 0 0 0 1 0 0 0 1 3710.dat
1 72 840 -264 410 1 0 0 0 1 0 0 0 1 3666.dat
1 72 820 -264 570 1 0 0 0 1 0 0 0 1 3710.dat
1 72 790 -264 830 1 0 0 0 1 0 0 0 1 3024.dat
1 72 830 -264 590 1 0 0 0 1 0 0 0 1 3623.dat
1 72 820 -264 850 1 0 0 0 1 0 0 0 1 3023.dat
1 72 840 -264 870 1 0 0 0 1 0 0 0 1 3023.dat
1 484 850 -264 220 0 0 1 0 1 0 -1 0 0 3460.dat
1 484 860 -264 310 1 0 0 0 1 0 0 0 1 3023.dat
1 72 860 -264 890 1 0 0 0 1 0 0 0 1 3023.dat
1 484 870 -264 340 0 0 1 0 1 0 -1 0 0 3023.dat
1 0 870 -264 370 1 0 0 0 1 0 0 0 1 3024.dat
1 484 870 -264 390 1 0 0 0 1 0 0 0 1 3024.dat
1 484 870 -264 520 0 0 1 0 1 0 -1 0 0 4477.dat
1 0 870 -264 630 1 0 0 0 1 0 0 0 1 3024.dat
1 484 870 -264 680 0 0 1 0 1 0 -1 0 0 3710.dat
1 72 880 -264 910 1 0 0 0 1 0 0 0 1 3023.dat
1 72 890 -264 500 0 0 1 0 1 0 -1 0 0 3460.dat
1 72 890 -264 590 1 0 0 0 1 0 0 0 1 3024.dat
1 72 960 -264 730 1 0 0 0 1 0 0 0 1 3460.dat
1 72 900 -264 930 1 0 0 0 1 0 0 0 1 3023.dat
1 72 920 -264 490 1 0 0 0 1 0 0 0 1 3023.dat
1 72 920 -264 950 1 0 0 0 1 0 0 0 1 3023.dat
1 72 940 -264 980 1 0 0 0 1 0 0 0 1 3022.dat
1 72 950 -264 1020 0 0 1 0 1 0 -1 0 0 3023.dat
1 0 970 -264 490 0 0 1 0 1 0 -1 0 0 3623.dat
1 72 970 -264 1030 1 0 0 0 1 0 0 0 1 3024.dat
1 484 1040 -264 1050 1 0 0 0 1 0 0 0 1 3460.dat
1 484 980 -264 1070 1 0 0 0 1 0 0 0 1 3023.dat
1 0 1010 -264 430 1 0 0 0 1 0 0 0 1 3623.dat
1 0 990 -264 460 0 0 1 0 1 0 -1 0 0 3023.dat
1 0 990 -264 530 0 0 1 0 1 0 -1 0 0 3623.dat
1 484 1040 -264 1030 1 0 0 0 1 0 0 0 1 3666.dat
1 0 1010 -264 560 0 0 1 0 1 0 -1 0 0 3023.dat
1 0 1060 -264 410 1 0 0 0 1 0 0 0 1 3710.dat
1 0 1060 -264 570 1 0 0 0 1 0 0 0 1 3710.dat
1 72 1050 -264 750 0 0 1 0 1 0 -1 0 0 3623.dat
1 72 1070 -264 800 0 0 1 0 1 0 -1 0 0 3710.dat
1 0 1100 -264 430 1 0 0 0 1 0 0 0 1 3023.dat
1 72 1090 -264 850 0 0 1 0 1 0 -1 0 0 3623.dat
1 0 1120 -264 450 1 0 0 0 1 0 0 0 1 3023.dat
1 0 1120 -264 550 1 0 0 0 1 0 0 0 1 3023.dat
1 72 1110 -264 960 0 0 1 0 1 0 -1 0 0 3460.dat
1 0 1130 -264 500 0 0 1 0 1 0 -1 0 0 3710.dat
1 0 270 -272 480 0 0 1 0 1 0 -1 0 0 3710.dat
1 0 280 -272 530 1 0 0 0 1 0 0 0 1 3023.dat
1 0 300 -272 430 1 0 0 0 1 0 0 0 1 3023.dat
1 0 290 -272 450 1 0 0 0 1 0 0 0 1 3024.dat
1 0 300 -272 550 1 0 0 0 1 0 0 0 1 3023.dat
1 72 290 -272 960 0 0 1 0 1 0 -1 0 0 3666.dat
1 484 360 -272 1030 1 0 0 0 1 0 0 0 1 3460.dat
1 0 340 -272 410 1 0 0 0 1 0 0 0 1 3710.dat
1 0 340 -272 570 1 0 0 0 1 0 0 0 1 3710.dat
1 72 310 -272 870 0 0 1 0 1 0 -1 0 0 3623.dat
1 72 310 -272 970 1 0 0 0 1 0 0 0 1 3024.dat
1 484 310 -272 1000 0 0 1 0 1 0 -1 0 0 3023.dat
1 72 330 -272 820 0 0 1 0 1 0 -1 0 0 3710.dat
1 484 380 -272 1010 1 0 0 0 1 0 0 0 1 3666.dat
1 72 420 -272 730 1 0 0 0 1 0 0 0 1 3460.dat
1 72 350 -272 760 0 0 1 0 1 0 -1 0 0 3023.dat
1 0 390 -272 430 1 0 0 0 1 0 0 0 1 3623.dat
1 0 400 -272 550 1 0 0 0 1 0 0 0 1 3023.dat
1 0 390 -272 570 1 0 0 0 1 0 0 0 1 3024.dat
1 0 410 -272 460 0 0 1 0 1 0 -1 0 0 3023.dat
1 0 420 -272 510 1 0 0 0 1 0 0 0 1 3023.dat
1 0 410 -272 530 1 0 0 0 1 0 0 0 1 3024.dat
1 0 430 -272 480 0 0 1 0 1 0 -1 0 0 3023.dat
1 72 450 -272 1000 0 0 1 0 1 0 -1 0 0 3710.dat
1 72 480 -272 480 0 0 1 0 1 0 -1 0 0 3020.dat
1 72 500 -272 530 1 0 0 0 1 0 0 0 1 3710.dat
1 72 470 -272 960 0 0 1 0 1 0 -1 0 0 3023.dat
1 72 500 -272 930 1 0 0 0 1 0 0 0 1 3023.dat
1 72 510 -272 440 0 0 1 0 1 0 -1 0 0 3666.dat
1 72 530 -272 510 1 0 0 0 1 0 0 0 1 3623.dat
1 72 510 -272 570 0 0 1 0 1 0 -1 0 0 3623.dat
1 72 510 -272 730 1 0 0 0 1 0 0 0 1 3024.dat
1 72 520 -272 910 1 0 0 0 1 0 0 0 1 3023.dat
1 484 530 -272 330 0 0 1 0 1 0 -1 0 0 3623.dat
1 0 530 -272 370 1 0 0 0 1 0 0 0 1 3024.dat
1 484 530 -272 390 1 0 0 0 1 0 0 0 1 3024.dat
1 72 560 -272 410 1 0 0 0 1 0 0 0 1 3710.dat
1 484 530 -272 440 0 0 1 0 1 0 -1 0 0 3023.dat
1 72 540 -272 480 1 0 0 0 1 0 0 0 1 3022.dat
1 484 530 -272 580 0 0 1 0 1 0 -1 0 0 3710.dat
1 0 530 -272 630 1 0 0 0 1 0 0 0 1 3024.dat
1 484 530 -272 680 0 0 1 0 1 0 -1 0 0 3710.dat
1 484 640 -272 730 1 0 0 0 1 0 0 0 1 60479.dat
1 72 540 -272 890 1 0 0 0 1 0 0 0 1 3023.dat
1 484 660 -272 130 1 0 0 0 1 0 0 0 1 60479.dat
1 484 550 -272 220 0 0 1 0 1 0 -1 0 0 3460.dat
1 484 550 -272 310 1 0 0 0 1 0 0 0 1 3024.dat
1 72 580 -272 390 1 0 0 0 1 0 0 0 1 3710.dat
1 72 550 -272 530 1 0 0 0 1 0 0 0 1 3024.dat
1 72 580 -272 590 1 0 0 0 1 0 0 0 1 3710.dat
1 72 560 -272 870 1 0 0 0 1 0 0 0 1 3023.dat
1 72 580 -272 850 1 0 0 0 1 0 0 0 1 3023.dat
1 72 600 -272 830 1 0 0 0 1 0 0 0 1 3023.dat
1 72 610 -272 410 1 0 0 0 1 0 0 0 1 3024.dat
1 72 700 -272 810 1 0 0 0 1 0 0 0 1 4477.dat
1 4 640 -272 770 1 0 0 0 1 0 0 0 1 3023.dat
1 72 700 -272 710 1 0 0 0 1 0 0 0 1 3666.dat
1 320 670 -272 770 1 0 0 0 1 0 0 0 1 3024.dat
1 320 730 -272 770 1 0 0 0 1 0 0 0 1 3024.dat
1 4 760 -272 770 1 0 0 0 1 0 0 0 1 3023.dat
1 72 770 -272 710 1 0 0 0 1 0 0 0 1 3024.dat
1 484 820 -272 730 1 0 0 0 1 0 0 0 1 3666.dat
1 484 820 -272 130 1 0 0 0 1 0 0 0 1 3710.dat
1 320 790 -272 770 1 0 0 0 1 0 0 0 1 3024.dat
1 72 800 -272 830 1 0 0 0 1 0 0 0 1 3023.dat
1 72 830 -272 400 1 0 0 0 1 0 0 0 1 3021.dat
1 72 830 -272 590 1 0 0 0 1 0 0 0 1 3623.dat
1 72 820 -272 850 1 0 0 0 1 0 0 0 1 3023.dat
1 72 840 -272 870 1 0 0 0 1 0 0 0 1 3023.dat
1 484 850 -272 220 0 0 1 0 1 0 -1 0 0 3460.dat
1 484 860 -272 310 1 0 0 0 1 0 0 0 1 3023.dat
1 72 880 -272 500 1 0 0 0 1 0 0 0 1 3031.dat
1 72 860 -272 890 1 0 0 0 1 0 0 0 1 3023.dat
1 484 870 -272 340 0 0 1 0 1 0 -1 0 0 3023.dat
1 0 870 -272 370 1 0 0 0 1 0 0 0 1 3024.dat
1 484 870 -272 390 1 0 0 0 1 0 0 0 1 3024.dat
1 72 880 -272 410 1 0 0 0 1 0 0 0 1 3023.dat
1 484 870 -272 440 0 0 1 0 1 0 -1 0 0 3023.dat
1 484 870 -272 580 0 0 1 0 1 0 -1 0 0 3710.dat
1 0 870 -272 630 1 0 0 0 1 0 0 0 1 3024.dat
1 484 870 -272 680 0 0 1 0 1 0 -1 0 0 3710.dat
1 72 880 -272 910 1 0 0 0 1 0 0 0 1 3023.dat
1 72 890 -272 390 1 0 0 0 1 0 0 0 1 3024.dat
1 72 890 -272 440 0 0 1 0 1 0 -1 0 0 3023.dat
1 72 890 -272 570 0 0 1 0 1 0 -1 0 0 3623.dat
1 72 960 -272 730 1 0 0 0 1 0 0 0 1 3460.dat
1 72 900 -272 930 1 0 0 0 1 0 0 0 1 3023.dat
1 72 920 -272 450 1 0 0 0 1 0 0 0 1 3023.dat
1 72 930 -272 500 0 0 1 0 1 0 -1 0 0 3710.dat
1 72 930 -272 960 0 0 1 0 1 0 -1 0 0 3023.dat
1 72 950 -272 990 0 0 1 0 1 0 -1 0 0 3623.dat
1 0 980 -272 500 1 0 0 0 1 0 0 0 1 3022.dat
1 484 1020 -272 1020 1 0 0 0 1 0 0 0 1 3795.dat
1 0 1000 -272 450 1 0 0 0 1 0 0 0 1 3023.dat
1 0 990 -272 470 1 0 0 0 1 0 0 0 1 3024.dat
1 0 990 -272 540 0 0 1 0 1 0 -1 0 0 3023.dat
1 0 1020 -272 430 1 0 0 0 1 0 0 0 1 3023.dat
1 0 1010 -272 560 0 0 1 0 1 0 -1 0 0 3023.dat
1 0 1060 -272 410 1 0 0 0 1 0 0 0 1 3710.dat
1 0 1060 -272 570 1 0 0 0 1 0 0 0 1 3710.dat
1 72 1050 -272 750 0 0 1 0 1 0 -1 0 0 3623.dat
1 72 1070 -272 800 0 0 1 0 1 0 -1 0 0 3710.dat
1 0 1100 -272 430 1 0 0 0 1 0 0 0 1 3023.dat
1 72 1090 -272 860 0 0 1 0 1 0 -1 0 0 3710.dat
1 484 1090 -272 1010 0 0 1 0 1 0 -1 0 0 3623.dat
1 0 1120 -272 450 1 0 0 0 1 0 0 0 1 3023.dat
1 0 1120 -272 550 1 0 0 0 1 0 0 0 1 3023.dat
1 0 1110 -272 570 1 0 0 0 1 0 0 0 1 3024.dat
1 72 1110 -272 940 0 0 1 0 1 0 -1 0 0 3666.dat
1 72 1110 -272 1010 1 0 0 0 1 0 0 0 1 3024.dat
1 484 1110 -272 1030 1 0 0 0 1 0 0 0 1 3024.dat
1 0 1130 -272 500 0 0 1 0 1 0 -1 0 0 3710.dat
1 0 270 -280 500 0 0 1 0 1 0 -1 0 0 3666.dat
1 0 300 -280 430 1 0 0 0 1 0 0 0 1 3023.dat
1 0 290 -280 450 1 0 0 0 1 0 0 0 1 3024.dat
1 0 290 -280 540 0 0 1 0 1 0 -1 0 0 3023.dat
1 72 300 -280 920 1 0 0 0 1 0 0 0 1 3022.dat
1 0 340 -280 410 1 0 0 0 1 0 0 0 1 3710.dat
1 0 310 -280 560 0 0 1 0 1 0 -1 0 0 3023.dat
1 72 310 -280 870 0 0 1 0 1 0 -1 0 0 3623.dat
1 72 310 -280 950 1 0 0 0 1 0 0 0 1 3024.dat
1 484 330 -280 980 1 0 0 0 1 0 0 0 1 3021.dat
1 0 360 -280 570 1 0 0 0 1 0 0 0 1 3710.dat
1 72 330 -280 820 0 0 1 0 1 0 -1 0 0 3710.dat
1 72 420 -280 730 1 0 0 0 1 0 0 0 1 3460.dat
1 72 350 -280 770 0 0 1 0 1 0 -1 0 0 3623.dat
1 484 350 -280 1010 1 0 0 0 1 0 0 0 1 3024.dat
1 0 390 -280 430 1 0 0 0 1 0 0 0 1 3623.dat
1 484 400 -280 990 1 0 0 0 1 0 0 0 1 3710.dat
1 0 400 -280 550 1 0 0 0 1 0 0 0 1 3023.dat
1 484 410 -280 1010 1 0 0 0 1 0 0 0 1 3623.dat
1 0 410 -280 460 0 0 1 0 1 0 -1 0 0 3023.dat
1 0 430 -280 510 1 0 0 0 1 0 0 0 1 3623.dat
1 0 410 -280 530 1 0 0 0 1 0 0 0 1 3024.dat
1 0 430 -280 480 0 0 1 0 1 0 -1 0 0 3023.dat
1 0 450 -280 490 1 0 0 0 1 0 0 0 1 3024.dat
1 72 450 -280 990 0 0 1 0 1 0 -1 0 0 3623.dat
1 72 470 -280 500 0 0 1 0 1 0 -1 0 0 3666.dat
1 72 470 -280 950 1 0 0 0 1 0 0 0 1 3024.dat
1 72 520 -280 450 1 0 0 0 1 0 0 0 1 3710.dat
1 0 490 -280 500 0 0 1 0 1 0 -1 0 0 3023.dat
1 72 520 -280 540 1 0 0 0 1 0 0 0 1 3020.dat
1 72 490 -280 930 1 0 0 0 1 0 0 0 1 3024.dat
1 72 510 -280 410 0 0 1 0 1 0 -1 0 0 3623.dat
1 72 510 -280 490 0 0 1 0 1 0 -1 0 0 3623.dat
1 72 510 -280 580 0 0 1 0 1 0 -1 0 0 3023.dat
1 72 510 -280 730 1 0 0 0 1 0 0 0 1 3024.dat
1 72 510 -280 910 1 0 0 0 1 0 0 0 1 3024.dat
1 484 530 -280 330 0 0 1 0 1 0 -1 0 0 3623.dat
1 0 530 -280 370 1 0 0 0 1 0 0 0 1 3024.dat
1 484 530 -280 410 0 0 1 0 1 0 -1 0 0 3623.dat
1 484 530 -280 470 1 0 0 0 1 0 0 0 1 3024.dat
1 0 550 -280 490 1 0 0 0 1 0 0 0 1 3623.dat
1 484 530 -280 510 1 0 0 0 1 0 0 0 1 3024.dat
1 484 530 -280 570 1 0 0 0 1 0 0 0 1 3024.dat
1 72 560 -280 590 1 0 0 0 1 0 0 0 1 3710.dat
1 484 530 -280 610 1 0 0 0 1 0 0 0 1 3024.dat
1 0 530 -280 630 1 0 0 0 1 0 0 0 1 3024.dat
1 484 530 -280 680 0 0 1 0 1 0 -1 0 0 3710.dat
1 484 640 -280 730 1 0 0 0 1 0 0 0 1 60479.dat
1 72 530 -280 890 1 0 0 0 1 0 0 0 1 3024.dat
1 484 700 -280 120 1 0 0 0 1 0 0 0 1 4282.dat
1 484 550 -280 220 0 0 1 0 1 0 -1 0 0 3460.dat
1 484 550 -280 310 1 0 0 0 1 0 0 0 1 3024.dat
1 72 580 -280 390 1 0 0 0 1 0 0 0 1 3710.dat
1 0 560 -280 510 1 0 0 0 1 0 0 0 1 3023.dat
1 72 550 -280 870 1 0 0 0 1 0 0 0 1 3024.dat
1 72 580 -280 830 1 0 0 0 1 0 0 0 1 3023.dat
1 72 570 -280 850 1 0 0 0 1 0 0 0 1 3024.dat
1 72 610 -280 590 1 0 0 0 1 0 0 0 1 3024.dat
1 72 700 -280 810 1 0 0 0 1 0 0 0 1 4477.dat
1 320 650 -280 770 1 0 0 0 1 0 0 0 1 3623.dat
1 72 700 -280 710 1 0 0 0 1 0 0 0 1 3666.dat
1 320 770 -280 770 1 0 0 0 1 0 0 0 1 3623.dat
1 484 820 -280 730 1 0 0 0 1 0 0 0 1 3666.dat
1 72 830 -280 390 1 0 0 0 1 0 0 0 1 3623.dat
1 72 840 -280 590 1 0 0 0 1 0 0 0 1 3710.dat
1 72 820 -280 830 1 0 0 0 1 0 0 0 1 3023.dat
1 72 830 -280 850 1 0 0 0 1 0 0 0 1 3024.dat
1 484 850 -280 220 0 0 1 0 1 0 -1 0 0 3460.dat
1 484 860 -280 310 1 0 0 0 1 0 0 0 1 3023.dat
1 72 880 -280 450 1 0 0 0 1 0 0 0 1 3710.dat
1 0 860 -280 490 1 0 0 0 1 0 0 0 1 3023.dat
1 0 850 -280 510 1 0 0 0 1 0 0 0 1 3024.dat
1 72 880 -280 540 1 0 0 0 1 0 0 0 1 3020.dat
1 72 850 -280 870 1 0 0 0 1 0 0 0 1 3024.dat
1 484 870 -280 340 0 0 1 0 1 0 -1 0 0 3023.dat
1 0 870 -280 370 1 0 0 0 1 0 0 0 1 3024.dat
1 484 870 -280 410 0 0 1 0 1 0 -1 0 0 3623.dat
1 484 870 -280 470 1 0 0 0 1 0 0 0 1 3024.dat
1 484 870 -280 510 1 0 0 0 1 0 0 0 1 3024.dat
1 484 870 -280 570 1 0 0 0 1 0 0 0 1 3024.dat
1 484 870 -280 610 1 0 0 0 1 0 0 0 1 3024.dat
1 0 870 -280 630 1 0 0 0 1 0 0 0 1 3024.dat
1 484 870 -280 680 0 0 1 0 1 0 -1 0 0 3710.dat
1 72 880 -280 890 1 0 0 0 1 0 0 0 1 3023.dat
1 72 890 -280 410 0 0 1 0 1 0 -1 0 0 3623.dat
1 72 890 -280 490 0 0 1 0 1 0 -1 0 0 3623.dat
1 72 890 -280 580 0 0 1 0 1 0 -1 0 0 3023.dat
1 72 960 -280 730 1 0 0 0 1 0 0 0 1 3460.dat
1 72 890 -280 910 1 0 0 0 1 0 0 0 1 3024.dat
1 0 910 -280 500 0 0 1 0 1 0 -1 0 0 3023.dat
1 72 910 -280 930 1 0 0 0 1 0 0 0 1 3024.dat
1 72 930 -280 500 0 0 1 0 1 0 -1 0 0 3666.dat
1 72 930 -280 950 1 0 0 0 1 0 0 0 1 3024.dat
1 0 970 -280 500 1 0 0 0 1 0 0 0 1 3021.dat
1 72 950 -280 980 0 0 1 0 1 0 -1 0 0 3023.dat
1 484 1020 -280 990 1 0 0 0 1 0 0 0 1 3666.dat
1 484 990 -280 1010 1 0 0 0 1 0 0 0 1 3623.dat
1 0 1000 -280 450 1 0 0 0 1 0 0 0 1 3023.dat
1 0 990 -280 470 1 0 0 0 1 0 0 0 1 3024.dat
1 0 990 -280 540 0 0 1 0 1 0 -1 0 0 3023.dat
1 0 1020 -280 430 1 0 0 0 1 0 0 0 1 3023.dat
1 0 1010 -280 560 0 0 1 0 1 0 -1 0 0 3023.dat
1 0 1060 -280 410 1 0 0 0 1 0 0 0 1 3710.dat
1 0 1060 -280 570 1 0 0 0 1 0 0 0 1 3710.dat
1 72 1050 -280 750 0 0 1 0 1 0 -1 0 0 3623.dat
1 484 1070 -280 970 1 0 0 0 1 0 0 0 1 3623.dat
1 484 1050 -280 1010 1 0 0 0 1 0 0 0 1 3024.dat
1 72 1070 -280 820 0 0 1 0 1 0 -1 0 0 3710.dat
1 0 1100 -280 430 1 0 0 0 1 0 0 0 1 3023.dat
1 72 1090 -280 880 0 0 1 0 1 0 -1 0 0 3710.dat
1 484 1090 -280 990 1 0 0 0 1 0 0 0 1 3024.dat
1 0 1120 -280 450 1 0 0 0 1 0 0 0 1 3023.dat
1 0 1120 -280 550 1 0 0 0 1 0 0 0 1 3023.dat
1 0 1110 -280 570 1 0 0 0 1 0 0 0 1 3024.dat
1 72 1110 -280 940 0 0 1 0 1 0 -1 0 0 3710.dat
1 72 1110 -280 990 1 0 0 0 1 0 0 0 1 3024.dat
1 0 1130 -280 500 0 0 1 0 1 0 -1 0 0 3710.dat
1 0 270 -288 480 0 0 1 0 1 0 -1 0 0 3710.dat
1 0 280 -288 530 1 0 0 0 1 0 0 0 1 3023.dat
1 0 300 -288 430 1 0 0 0 1 0 0 0 1 3023.dat
1 0 290 -288 450 1 0 0 0 1 0 0 0 1 3024.dat
1 0 300 -288 550 1 0 0 0 1 0 0 0 1 3023.dat
1 0 340 -288 410 1 0 0 0 1 0 0 0 1 3710.dat
1 0 340 -288 570 1 0 0 0 1 0 0 0 1 3710.dat
1 72 310 -288 900 0 0 1 0 1 0 -1 0 0 3710.dat
1 484 340 -288 960 1 0 0 0 1 0 0 0 1 3020.dat
1 72 330 -288 840 0 0 1 0 1 0 -1 0 0 3710.dat
1 72 350 -288 780 0 0 1 0 1 0 -1 0 0 3710.dat
1 0 380 -288 430 1 0 0 0 1 0 0 0 1 3023.dat
1 72 440 -288 730 1 0 0 0 1 0 0 0 1 3460.dat
1 0 400 -288 550 1 0 0 0 1 0 0 0 1 3023.dat
1 0 390 -288 570 1 0 0 0 1 0 0 0 1 3024.dat
1 484 410 -288 970 1 0 0 0 1 0 0 0 1 3623.dat
1 0 430 -288 460 1 0 0 0 1 0 0 0 1 3021.dat
1 0 430 -288 520 1 0 0 0 1 0 0 0 1 3021.dat
1 484 410 -288 950 1 0 0 0 1 0 0 0 1 3024.dat
1 484 420 -288 990 1 0 0 0 1 0 0 0 1 3023.dat
1 0 430 -288 490 1 0 0 0 1 0 0 0 1 3024.dat
1 72 450 -288 970 0 0 1 0 1 0 -1 0 0 3623.dat
1 72 470 -288 480 0 0 1 0 1 0 -1 0 0 3666.dat
1 72 500 -288 550 1 0 0 0 1 0 0 0 1 3710.dat
1 72 480 -288 930 1 0 0 0 1 0 0 0 1 3023.dat
1 72 470 -288 950 1 0 0 0 1 0 0 0 1 3024.dat
1 72 520 -288 430 1 0 0 0 1 0 0 0 1 3710.dat
1 0 490 -288 460 0 0 1 0 1 0 -1 0 0 3023.dat
1 0 490 -288 520 0 0 1 0 1 0 -1 0 0 3023.dat
1 72 500 -288 910 1 0 0 0 1 0 0 0 1 3023.dat
1 72 510 -288 400 0 0 1 0 1 0 -1 0 0 3023.dat
1 72 510 -288 480 0 0 1 0 1 0 -1 0 0 3710.dat
1 72 510 -288 530 1 0 0 0 1 0 0 0 1 3024.dat
1 72 510 -288 590 0 0 1 0 1 0 -1 0 0 3623.dat
1 72 520 -288 890 1 0 0 0 1 0 0 0 1 3023.dat
1 484 530 -288 330 0 0 1 0 1 0 -1 0 0 3623.dat
1 0 530 -288 370 1 0 0 0 1 0 0 0 1 3024.dat
1 484 530 -288 400 0 0 1 0 1 0 -1 0 0 3023.dat
1 484 530 -288 450 1 0 0 0 1 0 0 0 1 3024.dat
1 0 550 -288 470 1 0 0 0 1 0 0 0 1 3623.dat
1 484 530 -288 490 1 0 0 0 1 0 0 0 1 3024.dat
1 0 550 -288 520 1 0 0 0 1 0 0 0 1 3021.dat
1 484 530 -288 590 0 0 1 0 1 0 -1 0 0 3623.dat
1 0 530 -288 630 1 0 0 0 1 0 0 0 1 3024.dat
1 484 530 -288 680 0 0 1 0 1 0 -1 0 0 3710.dat
1 484 640 -288 730 1 0 0 0 1 0 0 0 1 60479.dat
1 72 540 -288 870 1 0 0 0 1 0 0 0 1 3023.dat
1 484 660 -288 110 1 0 0 0 1 0 0 0 1 60479.dat
1 484 550 -288 220 0 0 1 0 1 0 -1 0 0 4477.dat
1 72 580 -288 390 1 0 0 0 1 0 0 0 1 3710.dat
1 0 560 -288 450 1 0 0 0 1 0 0 0 1 3023.dat
1 0 560 -288 490 1 0 0 0 1 0 0 0 1 3023.dat
1 72 550 -288 550 1 0 0 0 1 0 0 0 1 3024.dat
1 72 580 -288 600 1 0 0 0 1 0 0 0 1 3020.dat
1 72 560 -288 850 1 0 0 0 1 0 0 0 1 3023.dat
1 72 580 -288 830 1 0 0 0 1 0 0 0 1 3023.dat
1 72 700 -288 810 1 0 0 0 1 0 0 0 1 60479.dat
1 72 700 -288 790 1 0 0 0 1 0 0 0 1 4477.dat
1 72 700 -288 710 1 0 0 0 1 0 0 0 1 3666.dat
1 484 820 -288 730 1 0 0 0 1 0 0 0 1 3666.dat
1 484 820 -288 110 1 0 0 0 1 0 0 0 1 3710.dat
1 72 830 -288 390 1 0 0 0 1 0 0 0 1 3623.dat
1 72 830 -288 600 1 0 0 0 1 0 0 0 1 3021.dat
1 72 820 -288 830 1 0 0 0 1 0 0 0 1 3023.dat
1 72 840 -288 850 1 0 0 0 1 0 0 0 1 3023.dat
1 484 850 -288 220 0 0 1 0 1 0 -1 0 0 4477.dat
1 72 880 -288 430 1 0 0 0 1 0 0 0 1 3710.dat
1 0 850 -288 480 0 0 1 0 1 0 -1 0 0 3710.dat
1 0 860 -288 530 1 0 0 0 1 0 0 0 1 3023.dat
1 72 880 -288 550 1 0 0 0 1 0 0 0 1 3710.dat
1 72 860 -288 870 1 0 0 0 1 0 0 0 1 3023.dat
1 484 870 -288 330 0 0 1 0 1 0 -1 0 0 3623.dat
1 0 870 -288 370 1 0 0 0 1 0 0 0 1 3024.dat
1 484 870 -288 400 0 0 1 0 1 0 -1 0 0 3023.dat
1 484 870 -288 450 1 0 0 0 1 0 0 0 1 3024.dat
1 0 870 -288 470 1 0 0 0 1 0 0 0 1 3024.dat
1 484 870 -288 490 1 0 0 0 1 0 0 0 1 3024.dat
1 0 870 -288 510 1 0 0 0 1 0 0 0 1 3024.dat
1 484 870 -288 590 0 0 1 0 1 0 -1 0 0 3623.dat
1 0 870 -288 630 1 0 0 0 1 0 0 0 1 3024.dat
1 484 870 -288 680 0 0 1 0 1 0 -1 0 0 3710.dat
1 72 880 -288 890 1 0 0 0 1 0 0 0 1 3023.dat
1 72 890 -288 400 0 0 1 0 1 0 -1 0 0 3023.dat
1 72 890 -288 480 0 0 1 0 1 0 -1 0 0 3710.dat
1 72 890 -288 530 1 0 0 0 1 0 0 0 1 3024.dat
1 72 890 -288 590 0 0 1 0 1 0 -1 0 0 3623.dat
1 72 960 -288 730 1 0 0 0 1 0 0 0 1 3460.dat
1 72 900 -288 910 1 0 0 0 1 0 0 0 1 3023.dat
1 0 910 -288 460 0 0 1 0 1 0 -1 0 0 3023.dat
1 0 910 -288 520 0 0 1 0 1 0 -1 0 0 3023.dat
1 72 920 -288 930 1 0 0 0 1 0 0 0 1 3023.dat
1 72 930 -288 480 0 0 1 0 1 0 -1 0 0 3666.dat
1 72 930 -288 550 1 0 0 0 1 0 0 0 1 3024.dat
1 72 940 -288 950 1 0 0 0 1 0 0 0 1 3023.dat
1 0 970 -288 460 1 0 0 0 1 0 0 0 1 3021.dat
1 0 970 -288 520 1 0 0 0 1 0 0 0 1 3021.dat
1 72 950 -288 970 1 0 0 0 1 0 0 0 1 3024.dat
1 484 1020 -288 970 1 0 0 0 1 0 0 0 1 3666.dat
1 484 980 -288 990 1 0 0 0 1 0 0 0 1 3023.dat
1 0 990 -288 490 1 0 0 0 1 0 0 0 1 3024.dat
1 0 1000 -288 550 1 0 0 0 1 0 0 0 1 3023.dat
1 484 990 -288 950 1 0 0 0 1 0 0 0 1 3024.dat
1 0 1020 -288 430 1 0 0 0 1 0 0 0 1 3023.dat
1 0 1010 -288 450 1 0 0 0 1 0 0 0 1 3024.dat
1 0 1060 -288 570 1 0 0 0 1 0 0 0 1 3666.dat
1 0 1060 -288 410 1 0 0 0 1 0 0 0 1 3710.dat
1 484 1060 -288 950 1 0 0 0 1 0 0 0 1 3710.dat
1 72 1050 -288 760 0 0 1 0 1 0 -1 0 0 3710.dat
1 72 1070 -288 820 0 0 1 0 1 0 -1 0 0 3710.dat
1 0 1100 -288 430 1 0 0 0 1 0 0 0 1 3023.dat
1 72 1090 -288 880 0 0 1 0 1 0 -1 0 0 3710.dat
1 72 1100 -288 930 1 0 0 0 1 0 0 0 1 3023.dat
1 484 1090 -288 970 1 0 0 0 1 0 0 0 1 3024.dat
1 0 1120 -288 450 1 0 0 0 1 0 0 0 1 3023.dat
1 0 1120 -288 540 1 0 0 0 1 0 0 0 1 3022.dat
1 72 1110 -288 910 1 0 0 0 1 0 0 0 1 3024.dat
1 72 1110 -288 960 0 0 1 0 1 0 -1 0 0 3023.dat
1 0 1130 -288 490 0 0 1 0 1 0 -1 0 0 3623.dat
1 0 270 -296 480 0 0 1 0 1 0 -1 0 0 3710.dat
1 0 280 -296 530 1 0 0 0 1 0 0 0 1 3023.dat
1 0 310 -296 430 1 0 0 0 1 0 0 0 1 3623.dat
1 0 290 -296 450 1 0 0 0 1 0 0 0 1 3024.dat
1 0 300 -296 550 1 0 0 0 1 0 0 0 1 3023.dat
1 0 340 -296 570 1 0 0 0 1 0 0 0 1 3710.dat
1 72 310 -296 890 0 0 1 0 1 0 -1 0 0 3623.dat
1 484 380 -296 930 1 0 0 0 1 0 0 0 1 3460.dat
1 72 310 -296 950 1 0 0 0 1 0 0 0 1 3024.dat
1 0 350 -296 410 1 0 0 0 1 0 0 0 1 3623.dat
1 72 330 -296 840 0 0 1 0 1 0 -1 0 0 3710.dat
1 484 330 -296 910 1 0 0 0 1 0 0 0 1 3024.dat
1 484 380 -296 950 1 0 0 0 1 0 0 0 1 3666.dat
1 72 350 -296 780 0 0 1 0 1 0 -1 0 0 3710.dat
1 0 390 -296 430 1 0 0 0 1 0 0 0 1 3623.dat
1 72 440 -296 730 1 0 0 0 1 0 0 0 1 3460.dat
1 72 370 -296 750 1 0 0 0 1 0 0 0 1 3024.dat
1 0 420 -296 550 1 0 0 0 1 0 0 0 1 3710.dat
1 0 390 -296 570 1 0 0 0 1 0 0 0 1 3024.dat
1 0 430 -296 450 1 0 0 0 1 0 0 0 1 3623.dat
1 0 440 -296 530 1 0 0 0 1 0 0 0 1 3023.dat
1 484 450 -296 950 1 0 0 0 1 0 0 0 1 3024.dat
1 72 470 -296 500 0 0 1 0 1 0 -1 0 0 3460.dat
1 72 480 -296 930 1 0 0 0 1 0 0 0 1 3023.dat
1 72 470 -296 950 1 0 0 0 1 0 0 0 1 3024.dat
1 72 510 -296 340 1 0 0 0 1 0 0 0 1 3021.dat
1 0 510 -296 370 1 0 0 0 1 0 0 0 1 3623.dat
1 72 520 -296 430 1 0 0 0 1 0 0 0 1 3710.dat
1 0 490 -296 450 1 0 0 0 1 0 0 0 1 3024.dat
1 0 490 -296 540 0 0 1 0 1 0 -1 0 0 3023.dat
1 72 500 -296 570 1 0 0 0 1 0 0 0 1 3023.dat
1 0 510 -296 630 1 0 0 0 1 0 0 0 1 3623.dat
1 72 510 -296 660 1 0 0 0 1 0 0 0 1 3021.dat
1 72 490 -296 910 1 0 0 0 1 0 0 0 1 3024.dat
1 72 560 -296 390 1 0 0 0 1 0 0 0 1 3666.dat
1 72 510 -296 410 1 0 0 0 1 0 0 0 1 3024.dat
1 72 510 -296 500 0 0 1 0 1 0 -1 0 0 3666.dat
1 72 510 -296 600 0 0 1 0 1 0 -1 0 0 3023.dat
1 72 520 -296 890 1 0 0 0 1 0 0 0 1 3023.dat
1 484 540 -296 310 1 0 0 0 1 0 0 0 1 3023.dat
1 484 530 -296 410 1 0 0 0 1 0 0 0 1 3024.dat
1 0 550 -296 450 1 0 0 0 1 0 0 0 1 3623.dat
1 484 530 -296 490 0 0 1 0 1 0 -1 0 0 3623.dat
1 0 550 -296 530 1 0 0 0 1 0 0 0 1 3623.dat
1 484 530 -296 570 0 0 1 0 1 0 -1 0 0 3623.dat
1 72 560 -296 610 1 0 0 0 1 0 0 0 1 3710.dat
1 484 530 -296 710 0 0 1 0 1 0 -1 0 0 3623.dat
1 72 530 -296 870 1 0 0 0 1 0 0 0 1 3024.dat
1 484 660 -296 110 1 0 0 0 1 0 0 0 1 60479.dat
1 484 550 -296 200 0 0 1 0 1 0 -1 0 0 3460.dat
1 484 550 -296 290 1 0 0 0 1 0 0 0 1 3024.dat
1 0 560 -296 550 1 0 0 0 1 0 0 0 1 3023.dat
1 72 550 -296 570 1 0 0 0 1 0 0 0 1 3024.dat
1 484 660 -296 730 1 0 0 0 1 0 0 0 1 60479.dat
1 72 550 -296 850 1 0 0 0 1 0 0 0 1 3024.dat
1 72 580 -296 820 1 0 0 0 1 0 0 0 1 3022.dat
1 72 610 -296 610 1 0 0 0 1 0 0 0 1 3024.dat
1 72 700 -296 790 1 0 0 0 1 0 0 0 1 4477.dat
1 72 700 -296 710 1 0 0 0 1 0 0 0 1 3666.dat
1 484 820 -296 110 1 0 0 0 1 0 0 0 1 3710.dat
1 484 820 -296 730 1 0 0 0 1 0 0 0 1 3710.dat
1 72 840 -296 390 1 0 0 0 1 0 0 0 1 3710.dat
1 72 840 -296 610 1 0 0 0 1 0 0 0 1 3710.dat
1 72 820 -296 810 1 0 0 0 1 0 0 0 1 3023.dat
1 72 830 -296 830 1 0 0 0 1 0 0 0 1 3024.dat
1 484 850 -296 220 0 0 1 0 1 0 -1 0 0 4477.dat
1 72 880 -296 430 1 0 0 0 1 0 0 0 1 3710.dat
1 0 860 -296 450 1 0 0 0 1 0 0 0 1 3023.dat
1 0 860 -296 530 1 0 0 0 1 0 0 0 1 3023.dat
1 0 850 -296 550 1 0 0 0 1 0 0 0 1 3024.dat
1 72 850 -296 570 1 0 0 0 1 0 0 0 1 3024.dat
1 72 850 -296 850 1 0 0 0 1 0 0 0 1 3024.dat
1 484 870 -296 310 1 0 0 0 1 0 0 0 1 3024.dat
1 72 890 -296 340 1 0 0 0 1 0 0 0 1 3021.dat
1 0 890 -296 370 1 0 0 0 1 0 0 0 1 3623.dat
1 484 870 -296 410 1 0 0 0 1 0 0 0 1 3024.dat
1 484 870 -296 490 0 0 1 0 1 0 -1 0 0 3623.dat
1 484 870 -296 570 0 0 1 0 1 0 -1 0 0 3623.dat
1 0 890 -296 630 1 0 0 0 1 0 0 0 1 3623.dat
1 72 890 -296 660 1 0 0 0 1 0 0 0 1 3021.dat
1 484 870 -296 710 0 0 1 0 1 0 -1 0 0 3623.dat
1 72 880 -296 880 1 0 0 0 1 0 0 0 1 3022.dat
1 72 890 -296 400 0 0 1 0 1 0 -1 0 0 3023.dat
1 72 890 -296 520 0 0 1 0 1 0 -1 0 0 3460.dat
1 72 890 -296 610 1 0 0 0 1 0 0 0 1 3024.dat
1 72 960 -296 730 1 0 0 0 1 0 0 0 1 3460.dat
1 0 910 -296 450 1 0 0 0 1 0 0 0 1 3024.dat
1 0 910 -296 540 0 0 1 0 1 0 -1 0 0 3023.dat
1 72 920 -296 570 1 0 0 0 1 0 0 0 1 3023.dat
1 72 910 -296 910 1 0 0 0 1 0 0 0 1 3024.dat
1 72 930 -296 480 0 0 1 0 1 0 -1 0 0 3666.dat
1 72 930 -296 550 1 0 0 0 1 0 0 0 1 3024.dat
1 72 930 -296 940 0 0 1 0 1 0 -1 0 0 3023.dat
1 0 970 -296 450 1 0 0 0 1 0 0 0 1 3623.dat
1 0 970 -296 540 1 0 0 0 1 0 0 0 1 3021.dat
1 484 1000 -296 940 1 0 0 0 1 0 0 0 1 3795.dat
1 0 1010 -296 430 1 0 0 0 1 0 0 0 1 3623.dat
1 0 1010 -296 560 0 0 1 0 1 0 -1 0 0 3023.dat
1 0 1060 -296 410 1 0 0 0 1 0 0 0 1 3710.dat
1 0 1060 -296 570 1 0 0 0 1 0 0 0 1 3710.dat
1 72 1050 -296 780 0 0 1 0 1 0 -1 0 0 3710.dat
1 72 1070 -296 840 0 0 1 0 1 0 -1 0 0 3710.dat
1 484 1070 -296 930 0 0 1 0 1 0 -1 0 0 3623.dat
1 0 1100 -296 430 1 0 0 0 1 0 0 0 1 3023.dat
1 0 1100 -296 550 1 0 0 0 1 0 0 0 1 3023.dat
1 72 1090 -296 890 0 0 1 0 1 0 -1 0 0 3623.dat
1 484 1090 -296 930 1 0 0 0 1 0 0 0 1 3024.dat
1 72 1090 -296 950 1 0 0 0 1 0 0 0 1 3024.dat
1 0 1120 -296 450 1 0 0 0 1 0 0 0 1 3023.dat
1 0 1120 -296 530 1 0 0 0 1 0 0 0 1 3023.dat
1 0 1130 -296 490 0 0 1 0 1 0 -1 0 0 3623.dat
1 0 270 -304 500 0 0 1 0 1 0 -1 0 0 3710.dat
1 0 310 -304 430 1 0 0 0 1 0 0 0 1 3623.dat
1 0 290 -304 460 0 0 1 0 1 0 -1 0 0 3023.dat
1 0 290 -304 540 0 0 1 0 1 0 -1 0 0 3023.dat
1 0 310 -304 560 0 0 1 0 1 0 -1 0 0 3023.dat
1 72 310 -304 890 1 0 0 0 1 0 0 0 1 3024.dat
1 484 380 -304 910 1 0 0 0 1 0 0 0 1 3460.dat
1 0 350 -304 410 1 0 0 0 1 0 0 0 1 3623.dat
1 0 360 -304 570 1 0 0 0 1 0 0 0 1 3710.dat
1 72 330 -304 840 0 0 1 0 1 0 -1 0 0 3710.dat
1 484 380 -304 890 1 0 0 0 1 0 0 0 1 3666.dat
1 72 350 -304 780 0 0 1 0 1 0 -1 0 0 3710.dat
1 0 400 -304 430 1 0 0 0 1 0 0 0 1 3710.dat
1 72 440 -304 730 1 0 0 0 1 0 0 0 1 3460.dat
1 72 370 -304 750 1 0 0 0 1 0 0 0 1 3024.dat
1 484 420 -304 930 1 0 0 0 1 0 0 0 1 3666.dat
1 0 420 -304 550 1 0 0 0 1 0 0 0 1 3710.dat
1 0 410 -304 570 1 0 0 0 1 0 0 0 1 3024.dat
1 0 440 -304 450 1 0 0 0 1 0 0 0 1 3023.dat
1 0 450 -304 430 1 0 0 0 1 0 0 0 1 3024.dat
1 72 470 -304 480 0 0 1 0 1 0 -1 0 0 3460.dat
1 72 490 -304 570 1 0 0 0 1 0 0 0 1 3623.dat
1 484 470 -304 910 1 0 0 0 1 0 0 0 1 3024.dat
1 0 510 -304 310 1 0 0 0 1 0 0 0 1 3623.dat
1 72 490 -304 340 0 0 1 0 1 0 -1 0 0 3023.dat
1 0 510 -304 380 1 0 0 0 1 0 0 0 1 3021.dat
1 72 490 -304 410 1 0 0 0 1 0 0 0 1 3024.dat
1 0 490 -304 450 0 0 1 0 1 0 -1 0 0 3623.dat
1 0 520 -304 550 1 0 0 0 1 0 0 0 1 3710.dat
1 0 490 -304 610 0 0 1 0 1 0 -1 0 0 3623.dat
1 72 490 -304 660 0 0 1 0 1 0 -1 0 0 3023.dat
1 0 510 -304 700 1 0 0 0 1 0 0 0 1 3021.dat
1 72 500 -304 890 1 0 0 0 1 0 0 0 1 3023.dat
1 72 490 -304 910 1 0 0 0 1 0 0 0 1 3024.dat
1 0 520 -304 340 1 0 0 0 1 0 0 0 1 3022.dat
1 0 520 -304 410 1 0 0 0 1 0 0 0 1 3023.dat
1 72 510 -304 440 0 0 1 0 1 0 -1 0 0 3023.dat
1 0 520 -304 470 1 0 0 0 1 0 0 0 1 3023.dat
1 72 510 -304 510 0 0 1 0 1 0 -1 0 0 3623.dat
1 72 510 -304 600 0 0 1 0 1 0 -1 0 0 3023.dat
1 0 520 -304 650 0 0 1 0 1 0 -1 0 0 3021.dat
1 72 520 -304 870 1 0 0 0 1 0 0 0 1 3023.dat
1 0 550 -304 440 1 0 0 0 1 0 0 0 1 3021.dat
1 484 530 -304 510 0 0 1 0 1 0 -1 0 0 3623.dat
1 0 530 -304 590 0 0 1 0 1 0 -1 0 0 3623.dat
1 484 640 -304 730 1 0 0 0 1 0 0 0 1 60479.dat
1 72 540 -304 850 1 0 0 0 1 0 0 0 1 3023.dat
1 484 660 -304 110 1 0 0 0 1 0 0 0 1 60479.dat
1 484 550 -304 220 0 0 1 0 1 0 -1 0 0 4477.dat
1 72 570 -304 370 1 0 0 0 1 0 0 0 1 3623.dat
1 72 550 -304 410 1 0 0 0 1 0 0 0 1 3024.dat
1 72 550 -304 570 1 0 0 0 1 0 0 0 1 3024.dat
1 72 580 -304 610 1 0 0 0 1 0 0 0 1 3710.dat
1 72 560 -304 830 1 0 0 0 1 0 0 0 1 3023.dat
1 0 570 -304 550 1 0 0 0 1 0 0 0 1 3024.dat
1 72 580 -304 810 1 0 0 0 1 0 0 0 1 3023.dat
1 72 700 -304 790 1 0 0 0 1 0 0 0 1 60479.dat
1 72 700 -304 710 1 0 0 0 1 0 0 0 1 3666.dat
1 484 820 -304 730 1 0 0 0 1 0 0 0 1 3666.dat
1 484 820 -304 110 1 0 0 0 1 0 0 0 1 3710.dat
1 72 830 -304 370 1 0 0 0 1 0 0 0 1 3623.dat
1 72 830 -304 610 1 0 0 0 1 0 0 0 1 3623.dat
1 72 820 -304 810 1 0 0 0 1 0 0 0 1 3023.dat
1 72 840 -304 830 1 0 0 0 1 0 0 0 1 3023.dat
1 484 850 -304 220 0 0 1 0 1 0 -1 0 0 4477.dat
1 72 850 -304 420 0 0 1 0 1 0 -1 0 0 3023.dat
1 0 860 -304 450 1 0 0 0 1 0 0 0 1 3023.dat
1 0 880 -304 550 1 0 0 0 1 0 0 0 1 3710.dat
1 72 850 -304 570 1 0 0 0 1 0 0 0 1 3024.dat
1 72 860 -304 850 1 0 0 0 1 0 0 0 1 3023.dat
1 484 870 -304 310 1 0 0 0 1 0 0 0 1 3024.dat
1 0 880 -304 380 0 0 1 0 1 0 -1 0 0 3795.dat
1 0 890 -304 470 1 0 0 0 1 0 0 0 1 3623.dat
1 484 870 -304 510 0 0 1 0 1 0 -1 0 0 3623.dat
1 0 870 -304 640 0 0 1 0 1 0 -1 0 0 3460.dat
1 72 880 -304 870 1 0 0 0 1 0 0 0 1 3023.dat
1 0 900 -304 310 1 0 0 0 1 0 0 0 1 3023.dat
1 72 890 -304 450 1 0 0 0 1 0 0 0 1 3024.dat
1 72 890 -304 510 0 0 1 0 1 0 -1 0 0 3623.dat
1 72 910 -304 570 1 0 0 0 1 0 0 0 1 3623.dat
1 72 890 -304 590 1 0 0 0 1 0 0 0 1 3024.dat
1 0 890 -304 660 0 0 1 0 1 0 -1 0 0 3666.dat
1 72 960 -304 730 1 0 0 0 1 0 0 0 1 3460.dat
1 72 900 -304 890 1 0 0 0 1 0 0 0 1 3023.dat
1 72 910 -304 340 0 0 1 0 1 0 -1 0 0 3023.dat
1 0 910 -304 380 0 0 1 0 1 0 -1 0 0 3023.dat
1 72 920 -304 410 1 0 0 0 1 0 0 0 1 3023.dat
1 0 910 -304 440 0 0 1 0 1 0 -1 0 0 3023.dat
1 0 910 -304 610 0 0 1 0 1 0 -1 0 0 3623.dat
1 72 910 -304 660 0 0 1 0 1 0 -1 0 0 3023.dat
1 0 910 -304 700 0 0 1 0 1 0 -1 0 0 3023.dat
1 72 910 -304 910 1 0 0 0 1 0 0 0 1 3024.dat
1 72 930 -304 480 0 0 1 0 1 0 -1 0 0 3666.dat
1 72 930 -304 550 1 0 0 0 1 0 0 0 1 3024.dat
1 484 1000 -304 910 1 0 0 0 1 0 0 0 1 3460.dat
1 484 960 -304 930 1 0 0 0 1 0 0 0 1 3710.dat
1 0 970 -304 440 1 0 0 0 1 0 0 0 1 3021.dat
1 0 980 -304 550 1 0 0 0 1 0 0 0 1 3710.dat
1 484 970 -304 890 1 0 0 0 1 0 0 0 1 3024.dat
1 0 1040 -304 570 1 0 0 0 1 0 0 0 1 3666.dat
1 0 1020 -304 430 1 0 0 0 1 0 0 0 1 3023.dat
1 484 1040 -304 890 1 0 0 0 1 0 0 0 1 3710.dat
1 484 1010 -304 930 1 0 0 0 1 0 0 0 1 3024.dat
1 0 1050 -304 410 1 0 0 0 1 0 0 0 1 3623.dat
1 72 1040 -304 750 1 0 0 0 1 0 0 0 1 3023.dat
1 72 1050 -304 790 0 0 1 0 1 0 -1 0 0 3623.dat
1 484 1050 -304 930 1 0 0 0 1 0 0 0 1 3024.dat
1 0 1090 -304 430 1 0 0 0 1 0 0 0 1 3623.dat
1 72 1070 -304 840 0 0 1 0 1 0 -1 0 0 3710.dat
1 0 1100 -304 550 1 0 0 0 1 0 0 0 1 3023.dat
1 72 1090 -304 880 0 0 1 0 1 0 -1 0 0 3023.dat
1 484 1090 -304 910 1 0 0 0 1 0 0 0 1 3024.dat
1 0 1120 -304 450 1 0 0 0 1 0 0 0 1 3023.dat
1 0 1120 -304 530 1 0 0 0 1 0 0 0 1 3023.dat
1 0 1130 -304 490 0 0 1 0 1 0 -1 0 0 3623.dat
1 0 270 -312 500 0 0 1 0 1 0 -1 0 0 3710.dat
1 0 310 -312 430 1 0 0 0 1 0 0 0 1 3623.dat
1 0 290 -312 460 0 0 1 0 1 0 -1 0 0 3023.dat
1 0 290 -312 540 0 0 1 0 1 0 -1 0 0 3023.dat
1 0 310 -312 560 0 0 1 0 1 0 -1 0 0 3023.dat
1 0 360 -312 410 1 0 0 0 1 0 0 0 1 3710.dat
1 0 360 -312 570 1 0 0 0 1 0 0 0 1 3710.dat
1 72 340 -312 830 1 0 0 0 1 0 0 0 1 3023.dat
1 72 330 -312 850 1 0 0 0 1 0 0 0 1 3024.dat
1 484 400 -312 870 1 0 0 0 1 0 0 0 1 3460.dat
1 72 330 -312 890 1 0 0 0 1 0 0 0 1 3024.dat
1 72 350 -312 790 0 0 1 0 1 0 -1 0 0 3623.dat
1 484 350 -312 850 1 0 0 0 1 0 0 0 1 3024.dat
1 484 420 -312 890 1 0 0 0 1 0 0 0 1 3460.dat
1 72 440 -312 730 1 0 0 0 1 0 0 0 1 3460.dat
1 72 370 -312 760 0 0 1 0 1 0 -1 0 0 3023.dat
1 0 420 -312 430 1 0 0 0 1 0 0 0 1 3710.dat
1 0 430 -312 550 1 0 0 0 1 0 0 0 1 3623.dat
1 0 410 -312 570 1 0 0 0 1 0 0 0 1 3024.dat
1 72 470 -312 480 0 0 1 0 1 0 -1 0 0 3460.dat
1 72 500 -312 570 1 0 0 0 1 0 0 0 1 3710.dat
1 0 510 -312 310 1 0 0 0 1 0 0 0 1 3623.dat
1 72 510 -312 340 1 0 0 0 1 0 0 0 1 3021.dat
1 0 500 -312 370 1 0 0 0 1 0 0 0 1 3023.dat
1 0 490 -312 390 1 0 0 0 1 0 0 0 1 3024.dat
1 72 520 -312 410 1 0 0 0 1 0 0 0 1 3710.dat
1 0 490 -312 450 0 0 1 0 1 0 -1 0 0 3623.dat
1 0 520 -312 550 1 0 0 0 1 0 0 0 1 3710.dat
1 0 490 -312 610 0 0 1 0 1 0 -1 0 0 3623.dat
1 72 510 -312 660 1 0 0 0 1 0 0 0 1 3021.dat
1 0 490 -312 700 0 0 1 0 1 0 -1 0 0 3023.dat
1 484 490 -312 870 1 0 0 0 1 0 0 0 1 3024.dat
1 484 490 -312 910 1 0 0 0 1 0 0 0 1 3024.dat
1 72 510 -312 390 1 0 0 0 1 0 0 0 1 3024.dat
1 0 510 -312 430 1 0 0 0 1 0 0 0 1 3024.dat
1 72 510 -312 480 0 0 1 0 1 0 -1 0 0 3710.dat
1 72 510 -312 530 1 0 0 0 1 0 0 0 1 3024.dat
1 72 510 -312 600 0 0 1 0 1 0 -1 0 0 3023.dat
1 0 510 -312 630 1 0 0 0 1 0 0 0 1 3024.dat
1 0 520 -312 710 1 0 0 0 1 0 0 0 1 3023.dat
1 72 520 -312 870 1 0 0 0 1 0 0 0 1 3023.dat
1 72 510 -312 890 1 0 0 0 1 0 0 0 1 3024.dat
1 72 560 -312 370 1 0 0 0 1 0 0 0 1 3710.dat
1 484 530 -312 390 1 0 0 0 1 0 0 0 1 3024.dat
1 484 530 -312 440 0 0 1 0 1 0 -1 0 0 3023.dat
1 0 530 -312 470 1 0 0 0 1 0 0 0 1 3024.dat
1 484 530 -312 510 0 0 1 0 1 0 -1 0 0 3623.dat
1 484 530 -312 610 0 0 1 0 1 0 -1 0 0 3623.dat
1 484 530 -312 690 1 0 0 0 1 0 0 0 1 3024.dat
1 484 640 -312 730 1 0 0 0 1 0 0 0 1 60479.dat
1 72 530 -312 850 1 0 0 0 1 0 0 0 1 3024.dat
1 484 660 -312 110 1 0 0 0 1 0 0 0 1 60479.dat
1 484 550 -312 220 0 0 1 0 1 0 -1 0 0 4477.dat
1 0 560 -312 430 1 0 0 0 1 0 0 0 1 3023.dat
1 72 550 -312 570 1 0 0 0 1 0 0 0 1 3024.dat
1 72 580 -312 610 1 0 0 0 1 0 0 0 1 3710.dat
1 72 560 -312 830 1 0 0 0 1 0 0 0 1 3023.dat
1 0 570 -312 550 1 0 0 0 1 0 0 0 1 3024.dat
1 72 580 -312 810 1 0 0 0 1 0 0 0 1 3023.dat
1 72 700 -312 790 1 0 0 0 1 0 0 0 1 60479.dat
1 72 700 -312 710 1 0 0 0 1 0 0 0 1 3666.dat
1 484 820 -312 730 1 0 0 0 1 0 0 0 1 3666.dat
1 484 820 -312 110 1 0 0 0 1 0 0 0 1 3710.dat
1 72 840 -312 370 1 0 0 0 1 0 0 0 1 3710.dat
1 72 830 -312 610 1 0 0 0 1 0 0 0 1 3623.dat
1 72 840 -312 820 1 0 0 0 1 0 0 0 1 3022.dat
1 484 850 -312 220 0 0 1 0 1 0 -1 0 0 4477.dat
1 72 880 -312 410 1 0 0 0 1 0 0 0 1 3710.dat
1 0 880 -312 430 1 0 0 0 1 0 0 0 1 3710.dat
1 0 880 -312 550 1 0 0 0 1 0 0 0 1 3710.dat
1 72 880 -312 570 1 0 0 0 1 0 0 0 1 3710.dat
1 484 870 -312 310 1 0 0 0 1 0 0 0 1 3024.dat
1 72 890 -312 340 1 0 0 0 1 0 0 0 1 3021.dat
1 484 870 -312 390 1 0 0 0 1 0 0 0 1 3024.dat
1 484 870 -312 450 1 0 0 0 1 0 0 0 1 3024.dat
1 0 870 -312 470 1 0 0 0 1 0 0 0 1 3024.dat
1 484 870 -312 510 0 0 1 0 1 0 -1 0 0 3623.dat
1 484 870 -312 610 0 0 1 0 1 0 -1 0 0 3623.dat
1 72 890 -312 660 1 0 0 0 1 0 0 0 1 3021.dat
1 484 870 -312 690 1 0 0 0 1 0 0 0 1 3024.dat
1 0 890 -312 710 1 0 0 0 1 0 0 0 1 3623.dat
1 72 880 -312 860 1 0 0 0 1 0 0 0 1 3022.dat
1 0 900 -312 310 1 0 0 0 1 0 0 0 1 3023.dat
1 72 890 -312 380 0 0 1 0 1 0 -1 0 0 3023.dat
1 72 890 -312 480 0 0 1 0 1 0 -1 0 0 3710.dat
1 72 890 -312 530 1 0 0 0 1 0 0 0 1 3024.dat
1 72 890 -312 600 0 0 1 0 1 0 -1 0 0 3023.dat
1 72 960 -312 730 1 0 0 0 1 0 0 0 1 3460.dat
1 72 890 -312 890 1 0 0 0 1 0 0 0 1 3024.dat
1 0 910 -312 380 0 0 1 0 1 0 -1 0 0 3023.dat
1 0 910 -312 460 0 0 1 0 1 0 -1 0 0 3023.dat
1 0 910 -312 610 0 0 1 0 1 0 -1 0 0 3623.dat
1 0 910 -312 690 1 0 0 0 1 0 0 0 1 3024.dat
1 484 980 -312 880 1 0 0 0 1 0 0 0 1 3034.dat
1 484 910 -312 910 1 0 0 0 1 0 0 0 1 3024.dat
1 72 930 -312 480 0 0 1 0 1 0 -1 0 0 3460.dat
1 72 930 -312 570 1 0 0 0 1 0 0 0 1 3024.dat
1 0 980 -312 430 1 0 0 0 1 0 0 0 1 3710.dat
1 0 970 -312 550 1 0 0 0 1 0 0 0 1 3623.dat
1 0 1040 -312 570 1 0 0 0 1 0 0 0 1 3666.dat
1 0 1040 -312 410 1 0 0 0 1 0 0 0 1 3710.dat
1 0 1030 -312 430 1 0 0 0 1 0 0 0 1 3024.dat
1 72 1040 -312 750 1 0 0 0 1 0 0 0 1 3023.dat
1 72 1050 -312 790 0 0 1 0 1 0 -1 0 0 3623.dat
1 484 1050 -312 850 1 0 0 0 1 0 0 0 1 3024.dat
1 0 1090 -312 430 1 0 0 0 1 0 0 0 1 3623.dat
1 72 1070 -312 840 0 0 1 0 1 0 -1 0 0 3023.dat
1 484 1070 -312 870 1 0 0 0 1 0 0 0 1 3024.dat
1 0 1100 -312 550 1 0 0 0 1 0 0 0 1 3023.dat
1 72 1090 -312 890 1 0 0 0 1 0 0 0 1 3024.dat
1 0 1120 -312 460 1 0 0 0 1 0 0 0 1 3022.dat
1 0 1120 -312 530 1 0 0 0 1 0 0 0 1 3023.dat
1 0 1130 -312 500 0 0 1 0 1 0 -1 0 0 3023.dat
1 0 270 -320 490 0 0 1 0 1 0 -1 0 0 3623.dat
1 0 310 -320 430 1 0 0 0 1 0 0 0 1 3623.dat
1 0 290 -320 460 0 0 1 0 1 0 -1 0 0 3023.dat
1 0 290 -320 530 0 0 1 0 1 0 -1 0 0 3623.dat
1 0 310 -320 560 0 0 1 0 1 0 -1 0 0 3023.dat
1 0 360 -320 410 1 0 0 0 1 0 0 0 1 3710.dat
1 0 380 -320 570 1 0 0 0 1 0 0 0 1 3666.dat
1 484 380 -320 830 1 0 0 0 1 0 0 0 1 3666.dat
1 72 330 -320 850 1 0 0 0 1 0 0 0 1 3024.dat
1 72 350 -320 790 0 0 1 0 1 0 -1 0 0 3623.dat
1 484 420 -320 850 1 0 0 0 1 0 0 0 1 3460.dat
1 72 440 -320 730 1 0 0 0 1 0 0 0 1 3460.dat
1 72 370 -320 760 0 0 1 0 1 0 -1 0 0 3023.dat
1 0 420 -320 430 1 0 0 0 1 0 0 0 1 3710.dat
1 484 460 -320 870 1 0 0 0 1 0 0 0 1 3666.dat
1 0 440 -320 550 1 0 0 0 1 0 0 0 1 3023.dat
1 0 450 -320 570 1 0 0 0 1 0 0 0 1 3024.dat
1 484 450 -320 830 1 0 0 0 1 0 0 0 1 3024.dat
1 72 470 -320 480 0 0 1 0 1 0 -1 0 0 3460.dat
1 72 470 -320 570 1 0 0 0 1 0 0 0 1 3024.dat
1 0 500 -320 310 1 0 0 0 1 0 0 0 1 3023.dat
1 72 510 -320 340 1 0 0 0 1 0 0 0 1 3021.dat
1 0 490 -320 420 0 0 1 0 1 0 -1 0 0 3666.dat
1 0 520 -320 550 1 0 0 0 1 0 0 0 1 3710.dat
1 0 490 -320 600 0 0 1 0 1 0 -1 0 0 3710.dat
1 72 510 -320 660 1 0 0 0 1 0 0 0 1 3021.dat
1 0 490 -320 700 0 0 1 0 1 0 -1 0 0 3023.dat
1 0 510 -320 370 1 0 0 0 1 0 0 0 1 3024.dat
1 72 510 -320 400 0 0 1 0 1 0 -1 0 0 3023.dat
1 0 510 -320 430 1 0 0 0 1 0 0 0 1 3024.dat
1 72 510 -320 480 0 0 1 0 1 0 -1 0 0 3710.dat
1 72 510 -320 530 1 0 0 0 1 0 0 0 1 3024.dat
1 72 510 -320 590 0 0 1 0 1 0 -1 0 0 3623.dat
1 0 510 -320 630 1 0 0 0 1 0 0 0 1 3024.dat
1 0 520 -320 710 1 0 0 0 1 0 0 0 1 3023.dat
1 484 510 -320 850 1 0 0 0 1 0 0 0 1 3024.dat
1 484 540 -320 310 1 0 0 0 1 0 0 0 1 3023.dat
1 484 530 -320 380 0 0 1 0 1 0 -1 0 0 3023.dat
1 72 540 -320 410 1 0 0 0 1 0 0 0 1 3023.dat
1 484 530 -320 440 0 0 1 0 1 0 -1 0 0 3023.dat
1 0 530 -320 470 1 0 0 0 1 0 0 0 1 3024.dat
1 484 530 -320 510 0 0 1 0 1 0 -1 0 0 3623.dat
1 484 530 -320 580 0 0 1 0 1 0 -1 0 0 3023.dat
1 72 560 -320 610 1 0 0 0 1 0 0 0 1 3710.dat
1 484 530 -320 630 1 0 0 0 1 0 0 0 1 3024.dat
1 484 530 -320 690 1 0 0 0 1 0 0 0 1 3024.dat
1 484 640 -320 730 1 0 0 0 1 0 0 0 1 60479.dat
1 72 540 -320 830 1 0 0 0 1 0 0 0 1 3023.dat
1 72 530 -320 850 1 0 0 0 1 0 0 0 1 3024.dat
1 484 660 -320 110 1 0 0 0 1 0 0 0 1 60479.dat
1 484 550 -320 200 0 0 1 0 1 0 -1 0 0 3460.dat
1 484 550 -320 290 1 0 0 0 1 0 0 0 1 3024.dat
1 72 570 -320 370 1 0 0 0 1 0 0 0 1 3623.dat
1 0 550 -320 430 1 0 0 0 1 0 0 0 1 3024.dat
1 0 550 -320 570 1 0 0 0 1 0 0 0 1 3024.dat
1 72 680 -320 790 1 0 0 0 1 0 0 0 1 60479.dat
1 72 570 -320 810 1 0 0 0 1 0 0 0 1 3024.dat
1 72 700 -320 770 1 0 0 0 1 0 0 0 1 60479.dat
1 72 610 -320 610 1 0 0 0 1 0 0 0 1 3024.dat
1 72 700 -320 710 1 0 0 0 1 0 0 0 1 3666.dat
1 484 820 -320 730 1 0 0 0 1 0 0 0 1 3666.dat
1 484 820 -320 110 1 0 0 0 1 0 0 0 1 3710.dat
1 72 830 -320 370 1 0 0 0 1 0 0 0 1 3623.dat
1 72 840 -320 610 1 0 0 0 1 0 0 0 1 3710.dat
1 72 820 -320 790 1 0 0 0 1 0 0 0 1 3023.dat
1 72 840 -320 810 1 0 0 0 1 0 0 0 1 3023.dat
1 484 850 -320 220 0 0 1 0 1 0 -1 0 0 4477.dat
1 72 880 -320 410 1 0 0 0 1 0 0 0 1 3710.dat
1 0 850 -320 430 1 0 0 0 1 0 0 0 1 3024.dat
1 0 880 -320 550 1 0 0 0 1 0 0 0 1 3710.dat
1 0 850 -320 570 1 0 0 0 1 0 0 0 1 3024.dat
1 72 860 -320 830 1 0 0 0 1 0 0 0 1 3023.dat
1 484 870 -320 310 1 0 0 0 1 0 0 0 1 3024.dat
1 72 890 -320 340 1 0 0 0 1 0 0 0 1 3021.dat
1 484 870 -320 380 0 0 1 0 1 0 -1 0 0 3023.dat
1 484 870 -320 440 0 0 1 0 1 0 -1 0 0 3023.dat
1 0 870 -320 470 1 0 0 0 1 0 0 0 1 3024.dat
1 484 870 -320 510 0 0 1 0 1 0 -1 0 0 3623.dat
1 484 870 -320 580 0 0 1 0 1 0 -1 0 0 3023.dat
1 484 870 -320 630 1 0 0 0 1 0 0 0 1 3024.dat
1 72 890 -320 660 1 0 0 0 1 0 0 0 1 3021.dat
1 484 870 -320 690 1 0 0 0 1 0 0 0 1 3024.dat
1 0 890 -320 710 1 0 0 0 1 0 0 0 1 3623.dat
1 72 870 -320 850 1 0 0 0 1 0 0 0 1 3024.dat
1 0 900 -320 310 1 0 0 0 1 0 0 0 1 3023.dat
1 72 890 -320 380 0 0 1 0 1 0 -1 0 0 3023.dat
1 0 900 -320 430 1 0 0 0 1 0 0 0 1 3023.dat
1 72 890 -320 480 0 0 1 0 1 0 -1 0 0 3710.dat
1 72 890 -320 530 1 0 0 0 1 0 0 0 1 3024.dat
1 72 890 -320 590 0 0 1 0 1 0 -1 0 0 3623.dat
1 72 960 -320 730 1 0 0 0 1 0 0 0 1 3460.dat
1 484 940 -320 860 1 0 0 0 1 0 0 0 1 3795.dat
1 0 910 -320 380 0 0 1 0 1 0 -1 0 0 3023.dat
1 0 910 -320 460 0 0 1 0 1 0 -1 0 0 3023.dat
1 0 910 -320 600 0 0 1 0 1 0 -1 0 0 3710.dat
1 0 910 -320 690 1 0 0 0 1 0 0 0 1 3024.dat
1 72 930 -320 480 0 0 1 0 1 0 -1 0 0 3460.dat
1 72 930 -320 570 1 0 0 0 1 0 0 0 1 3024.dat
1 0 980 -320 430 1 0 0 0 1 0 0 0 1 3710.dat
1 0 970 -320 560 1 0 0 0 1 0 0 0 1 3021.dat
1 484 1000 -320 830 1 0 0 0 1 0 0 0 1 3666.dat
1 0 1040 -320 410 1 0 0 0 1 0 0 0 1 3710.dat
1 0 1040 -320 570 1 0 0 0 1 0 0 0 1 3710.dat
1 484 1030 -320 850 1 0 0 0 1 0 0 0 1 3623.dat
1 484 1010 -320 870 1 0 0 0 1 0 0 0 1 3024.dat
1 72 1030 -320 760 0 0 1 0 1 0 -1 0 0 3023.dat
1 72 1050 -320 790 0 0 1 0 1 0 -1 0 0 3623.dat
1 0 1090 -320 430 1 0 0 0 1 0 0 0 1 3623.dat
1 72 1070 -320 840 0 0 1 0 1 0 -1 0 0 3023.dat
1 0 1100 -320 550 1 0 0 0 1 0 0 0 1 3023.dat
1 0 1090 -320 570 1 0 0 0 1 0 0 0 1 3024.dat
1 0 1110 -320 460 0 0 1 0 1 0 -1 0 0 3023.dat
1 0 1120 -320 530 1 0 0 0 1 0 0 0 1 3023.dat
1 0 1130 -320 490 0 0 1 0 1 0 -1 0 0 3623.dat
1 0 280 -328 500 1 0 0 0 1 0 0 0 1 3022.dat
1 0 300 -328 450 1 0 0 0 1 0 0 0 1 3023.dat
1 0 290 -328 470 1 0 0 0 1 0 0 0 1 3024.dat
1 0 290 -328 540 0 0 1 0 1 0 -1 0 0 3023.dat
1 0 320 -328 430 1 0 0 0 1 0 0 0 1 3023.dat
1 0 310 -328 560 0 0 1 0 1 0 -1 0 0 3023.dat
1 0 360 -328 410 1 0 0 0 1 0 0 0 1 3710.dat
1 0 380 -328 570 1 0 0 0 1 0 0 0 1 3666.dat
1 72 350 -328 790 1 0 0 0 1 0 0 0 1 3024.dat
1 484 440 -328 810 1 0 0 0 1 0 0 0 1 4477.dat
1 72 440 -328 730 1 0 0 0 1 0 0 0 1 3460.dat
1 72 370 -328 760 0 0 1 0 1 0 -1 0 0 3023.dat
1 484 400 -328 790 1 0 0 0 1 0 0 0 1 3710.dat
1 0 410 -328 420 0 0 1 0 1 0 -1 0 0 3023.dat
1 484 460 -328 830 1 0 0 0 1 0 0 0 1 3666.dat
1 0 460 -328 430 1 0 0 0 1 0 0 0 1 3710.dat
1 0 450 -328 570 1 0 0 0 1 0 0 0 1 3024.dat
1 484 450 -328 790 1 0 0 0 1 0 0 0 1 3024.dat
1 72 470 -328 410 1 0 0 0 1 0 0 0 1 3024.dat
1 72 470 -328 520 0 0 1 0 1 0 -1 0 0 3460.dat
1 484 470 -328 850 1 0 0 0 1 0 0 0 1 3024.dat
1 0 500 -328 310 1 0 0 0 1 0 0 0 1 3023.dat
1 72 510 -328 340 1 0 0 0 1 0 0 0 1 3021.dat
1 0 490 -328 390 0 0 1 0 1 0 -1 0 0 3623.dat
1 0 490 -328 460 0 0 1 0 1 0 -1 0 0 3023.dat
1 0 490 -328 580 0 0 1 0 1 0 -1 0 0 3710.dat
1 0 500 -328 630 1 0 0 0 1 0 0 0 1 3023.dat
1 72 510 -328 660 1 0 0 0 1 0 0 0 1 3021.dat
1 0 490 -328 700 0 0 1 0 1 0 -1 0 0 3023.dat
1 0 510 -328 370 1 0 0 0 1 0 0 0 1 3024.dat
1 72 510 -328 460 0 0 1 0 1 0 -1 0 0 3460.dat
1 0 520 -328 550 1 0 0 0 1 0 0 0 1 3023.dat
1 72 510 -328 590 0 0 1 0 1 0 -1 0 0 3623.dat
1 0 520 -328 710 1 0 0 0 1 0 0 0 1 3023.dat
1 484 510 -328 850 1 0 0 0 1 0 0 0 1 3024.dat
1 484 540 -328 310 1 0 0 0 1 0 0 0 1 3023.dat
1 72 560 -328 370 1 0 0 0 1 0 0 0 1 3710.dat
1 484 530 -328 390 1 0 0 0 1 0 0 0 1 3024.dat
1 72 540 -328 410 1 0 0 0 1 0 0 0 1 3023.dat
1 484 530 -328 440 0 0 1 0 1 0 -1 0 0 3023.dat
1 0 530 -328 470 1 0 0 0 1 0 0 0 1 3024.dat
1 484 530 -328 510 0 0 1 0 1 0 -1 0 0 3623.dat
1 0 540 -328 570 1 0 0 0 1 0 0 0 1 3023.dat
1 484 530 -328 590 1 0 0 0 1 0 0 0 1 3024.dat
1 72 560 -328 610 1 0 0 0 1 0 0 0 1 3710.dat
1 484 530 -328 630 1 0 0 0 1 0 0 0 1 3024.dat
1 484 530 -328 690 1 0 0 0 1 0 0 0 1 3024.dat
1 484 640 -328 730 1 0 0 0 1 0 0 0 1 60479.dat
1 484 530 -328 830 1 0 0 0 1 0 0 0 1 3024.dat
1 484 660 -328 110 1 0 0 0 1 0 0 0 1 60479.dat
1 484 550 -328 200 0 0 1 0 1 0 -1 0 0 3460.dat
1 484 550 -328 290 1 0 0 0 1 0 0 0 1 3024.dat
1 0 550 -328 430 1 0 0 0 1 0 0 0 1 3024.dat
1 72 550 -328 590 1 0 0 0 1 0 0 0 1 3024.dat
1 72 560 -328 810 1 0 0 0 1 0 0 0 1 3023.dat
1 72 550 -328 830 1 0 0 0 1 0 0 0 1 3024.dat
1 72 580 -328 790 1 0 0 0 1 0 0 0 1 3023.dat
1 72 700 -328 770 1 0 0 0 1 0 0 0 1 60479.dat
1 72 700 -328 710 1 0 0 0 1 0 0 0 1 3666.dat
1 72 650 -328 890 1 0 0 0 1 0 0 0 1 3024.dat
1 72 670 -328 910 1 0 0 0 1 0 0 0 1 3024.dat
1 72 730 -328 910 1 0 0 0 1 0 0 0 1 3024.dat
1 72 750 -328 890 1 0 0 0 1 0 0 0 1 3024.dat
1 484 820 -328 730 1 0 0 0 1 0 0 0 1 3666.dat
1 484 820 -328 110 1 0 0 0 1 0 0 0 1 3710.dat
1 72 840 -328 370 1 0 0 0 1 0 0 0 1 3710.dat
1 72 840 -328 610 1 0 0 0 1 0 0 0 1 3710.dat
1 72 830 -328 800 0 0 1 0 1 0 -1 0 0 3023.dat
1 484 850 -328 220 0 0 1 0 1 0 -1 0 0 4477.dat
1 72 880 -328 410 1 0 0 0 1 0 0 0 1 3710.dat
1 0 850 -328 430 1 0 0 0 1 0 0 0 1 3024.dat
1 0 850 -328 570 1 0 0 0 1 0 0 0 1 3024.dat
1 72 850 -328 590 1 0 0 0 1 0 0 0 1 3024.dat
1 72 850 -328 810 1 0 0 0 1 0 0 0 1 3024.dat
1 484 870 -328 310 1 0 0 0 1 0 0 0 1 3024.dat
1 72 890 -328 340 1 0 0 0 1 0 0 0 1 3021.dat
1 484 870 -328 390 1 0 0 0 1 0 0 0 1 3024.dat
1 484 870 -328 440 0 0 1 0 1 0 -1 0 0 3023.dat
1 0 870 -328 470 1 0 0 0 1 0 0 0 1 3024.dat
1 484 870 -328 510 0 0 1 0 1 0 -1 0 0 3623.dat
1 0 890 -328 550 1 0 0 0 1 0 0 0 1 3623.dat
1 484 870 -328 580 0 0 1 0 1 0 -1 0 0 3023.dat
1 484 870 -328 630 1 0 0 0 1 0 0 0 1 3024.dat
1 72 890 -328 660 1 0 0 0 1 0 0 0 1 3021.dat
1 484 870 -328 690 1 0 0 0 1 0 0 0 1 3024.dat
1 0 890 -328 710 1 0 0 0 1 0 0 0 1 3623.dat
1 484 940 -328 820 1 0 0 0 1 0 0 0 1 3034.dat
1 0 900 -328 310 1 0 0 0 1 0 0 0 1 3023.dat
1 72 890 -328 380 0 0 1 0 1 0 -1 0 0 3023.dat
1 72 890 -328 480 0 0 1 0 1 0 -1 0 0 3666.dat
1 72 890 -328 590 0 0 1 0 1 0 -1 0 0 3623.dat
1 72 960 -328 730 1 0 0 0 1 0 0 0 1 3460.dat
1 484 890 -328 850 1 0 0 0 1 0 0 0 1 3024.dat
1 0 910 -328 380 0 0 1 0 1 0 -1 0 0 3023.dat
1 0 940 -328 430 1 0 0 0 1 0 0 0 1 3710.dat
1 0 910 -328 460 0 0 1 0 1 0 -1 0 0 3023.dat
1 0 910 -328 600 0 0 1 0 1 0 -1 0 0 3710.dat
1 0 910 -328 690 1 0 0 0 1 0 0 0 1 3024.dat
1 72 930 -328 410 1 0 0 0 1 0 0 0 1 3024.dat
1 72 930 -328 520 0 0 1 0 1 0 -1 0 0 3460.dat
1 484 930 -328 850 1 0 0 0 1 0 0 0 1 3024.dat
1 0 1020 -328 570 1 0 0 0 1 0 0 0 1 3460.dat
1 484 1000 -328 790 1 0 0 0 1 0 0 0 1 3710.dat
1 0 1020 -328 410 1 0 0 0 1 0 0 0 1 3710.dat
1 0 990 -328 430 1 0 0 0 1 0 0 0 1 3024.dat
1 72 1030 -328 760 0 0 1 0 1 0 -1 0 0 3023.dat
1 484 1040 -328 810 1 0 0 0 1 0 0 0 1 3023.dat
1 72 1050 -328 780 0 0 1 0 1 0 -1 0 0 3023.dat
1 0 1070 -328 420 0 0 1 0 1 0 -1 0 0 3023.dat
1 0 1100 -328 430 1 0 0 0 1 0 0 0 1 3023.dat
1 0 1100 -328 550 1 0 0 0 1 0 0 0 1 3023.dat
1 0 1110 -328 460 0 0 1 0 1 0 -1 0 0 3023.dat
1 0 1120 -328 510 1 0 0 0 1 0 0 0 1 3023.dat
1 0 1110 -328 530 1 0 0 0 1 0 0 0 1 3024.dat
1 0 1130 -328 480 0 0 1 0 1 0 -1 0 0 3023.dat
1 0 290 -336 500 0 0 1 0 1 0 -1 0 0 3666.dat
1 0 320 -336 430 1 0 0 0 1 0 0 0 1 3023.dat
1 0 310 -336 450 1 0 0 0 1 0 0 0 1 3024.dat
1 0 310 -336 560 0 0 1 0 1 0 -1 0 0 3023.dat
1 0 380 -336 410 1 0 0 0 1 0 0 0 1 3666.dat
1 0 380 -336 570 1 0 0 0 1 0 0 0 1 3666.dat
1 72 440 -336 730 1 0 0 0 1 0 0 0 1 3460.dat
1 72 370 -336 750 1 0 0 0 1 0 0 0 1 3024.dat
1 484 440 -336 770 1 0 0 0 1 0 0 0 1 3460.dat
1 484 410 -336 750 1 0 0 0 1 0 0 0 1 3623.dat
1 484 480 -336 790 1 0 0 0 1 0 0 0 1 3460.dat
1 0 440 -336 430 1 0 0 0 1 0 0 0 1 3023.dat
1 0 450 -336 410 1 0 0 0 1 0 0 0 1 3024.dat
1 0 450 -336 570 1 0 0 0 1 0 0 0 1 3024.dat
1 484 500 -336 810 1 0 0 0 1 0 0 0 1 3666.dat
1 72 470 -336 500 0 0 1 0 1 0 -1 0 0 4477.dat
1 0 500 -336 310 1 0 0 0 1 0 0 0 1 3023.dat
1 72 510 -336 340 1 0 0 0 1 0 0 0 1 3021.dat
1 0 490 -336 420 0 0 1 0 1 0 -1 0 0 3666.dat
1 0 490 -336 580 0 0 1 0 1 0 -1 0 0 3710.dat
1 0 500 -336 630 1 0 0 0 1 0 0 0 1 3023.dat
1 72 510 -336 660 1 0 0 0 1 0 0 0 1 3021.dat
1 0 490 -336 700 0 0 1 0 1 0 -1 0 0 3023.dat
1 0 510 -336 370 1 0 0 0 1 0 0 0 1 3024.dat
1 72 510 -336 400 0 0 1 0 1 0 -1 0 0 3023.dat
1 0 510 -336 430 1 0 0 0 1 0 0 0 1 3024.dat
1 72 510 -336 450 1 0 0 0 1 0 0 0 1 3024.dat
1 0 520 -336 470 1 0 0 0 1 0 0 0 1 3023.dat
1 72 510 -336 510 0 0 1 0 1 0 -1 0 0 3623.dat
1 0 520 -336 550 1 0 0 0 1 0 0 0 1 3023.dat
1 72 510 -336 590 0 0 1 0 1 0 -1 0 0 3623.dat
1 0 520 -336 710 1 0 0 0 1 0 0 0 1 3023.dat
1 484 540 -336 310 1 0 0 0 1 0 0 0 1 3023.dat
1 72 560 -336 370 1 0 0 0 1 0 0 0 1 3710.dat
1 484 530 -336 390 1 0 0 0 1 0 0 0 1 3024.dat
1 72 530 -336 410 1 0 0 0 1 0 0 0 1 3024.dat
1 484 530 -336 440 0 0 1 0 1 0 -1 0 0 3023.dat
1 484 530 -336 510 0 0 1 0 1 0 -1 0 0 3623.dat
1 484 530 -336 600 0 0 1 0 1 0 -1 0 0 3710.dat
1 484 530 -336 690 1 0 0 0 1 0 0 0 1 3024.dat
1 484 640 -336 730 1 0 0 0 1 0 0 0 1 60479.dat
1 484 700 -336 100 1 0 0 0 1 0 0 0 1 4282.dat
1 484 550 -336 200 0 0 1 0 1 0 -1 0 0 3460.dat
1 484 550 -336 290 1 0 0 0 1 0 0 0 1 3024.dat
1 0 550 -336 420 0 0 1 0 1 0 -1 0 0 3023.dat
1 0 550 -336 570 1 0 0 0 1 0 0 0 1 3024.dat
1 72 550 -336 590 1 0 0 0 1 0 0 0 1 3024.dat
1 72 570 -336 630 1 0 0 0 1 0 0 0 1 3623.dat
1 72 580 -336 610 1 0 0 0 1 0 0 0 1 3023.dat
1 72 680 -336 770 1 0 0 0 1 0 0 0 1 60479.dat
1 72 570 -336 790 1 0 0 0 1 0 0 0 1 3024.dat
1 72 700 -336 710 1 0 0 0 1 0 0 0 1 3666.dat
1 72 660 -336 900 1 0 0 0 1 0 0 0 1 3022.dat
1 72 690 -336 890 1 0 0 0 1 0 0 0 1 3024.dat
1 323 700 -336 910 1 0 0 0 1 0 0 0 1 3023.dat
1 0 710 -336 890 1 0 0 0 1 0 0 0 1 3024.dat
1 72 740 -336 900 1 0 0 0 1 0 0 0 1 3022.dat
1 484 820 -336 730 1 0 0 0 1 0 0 0 1 3666.dat
1 72 840 -336 370 1 0 0 0 1 0 0 0 1 3710.dat
1 72 820 -336 620 1 0 0 0 1 0 0 0 1 3022.dat
1 72 820 -336 770 1 0 0 0 1 0 0 0 1 3023.dat
1 72 830 -336 790 1 0 0 0 1 0 0 0 1 3024.dat
1 484 850 -336 220 0 0 1 0 1 0 -1 0 0 4477.dat
1 0 850 -336 420 0 0 1 0 1 0 -1 0 0 3023.dat
1 0 850 -336 570 1 0 0 0 1 0 0 0 1 3024.dat
1 72 850 -336 590 1 0 0 0 1 0 0 0 1 3024.dat
1 72 850 -336 630 1 0 0 0 1 0 0 0 1 3024.dat
1 484 900 -336 800 1 0 0 0 1 0 0 0 1 3795.dat
1 484 870 -336 310 1 0 0 0 1 0 0 0 1 3024.dat
1 72 890 -336 340 1 0 0 0 1 0 0 0 1 3021.dat
1 484 870 -336 390 1 0 0 0 1 0 0 0 1 3024.dat
1 72 880 -336 410 1 0 0 0 1 0 0 0 1 3023.dat
1 484 870 -336 440 0 0 1 0 1 0 -1 0 0 3023.dat
1 0 890 -336 470 1 0 0 0 1 0 0 0 1 3623.dat
1 484 870 -336 510 0 0 1 0 1 0 -1 0 0 3623.dat
1 0 890 -336 550 1 0 0 0 1 0 0 0 1 3623.dat
1 484 870 -336 600 0 0 1 0 1 0 -1 0 0 3710.dat
1 72 890 -336 660 1 0 0 0 1 0 0 0 1 3021.dat
1 484 870 -336 690 1 0 0 0 1 0 0 0 1 3024.dat
1 0 890 -336 710 1 0 0 0 1 0 0 0 1 3623.dat
1 0 900 -336 310 1 0 0 0 1 0 0 0 1 3023.dat
1 72 890 -336 380 0 0 1 0 1 0 -1 0 0 3023.dat
1 0 900 -336 430 1 0 0 0 1 0 0 0 1 3023.dat
1 72 890 -336 450 1 0 0 0 1 0 0 0 1 3024.dat
1 72 890 -336 510 0 0 1 0 1 0 -1 0 0 3623.dat
1 0 900 -336 570 1 0 0 0 1 0 0 0 1 3023.dat
1 72 910 -336 590 1 0 0 0 1 0 0 0 1 3623.dat
1 72 890 -336 620 0 0 1 0 1 0 -1 0 0 3023.dat
1 72 960 -336 730 1 0 0 0 1 0 0 0 1 3460.dat
1 484 960 -336 770 1 0 0 0 1 0 0 0 1 3460.dat
1 0 910 -336 390 0 0 1 0 1 0 -1 0 0 3623.dat
1 0 910 -336 450 1 0 0 0 1 0 0 0 1 3024.dat
1 0 910 -336 620 0 0 1 0 1 0 -1 0 0 3023.dat
1 0 910 -336 690 1 0 0 0 1 0 0 0 1 3024.dat
1 72 930 -336 480 0 0 1 0 1 0 -1 0 0 3460.dat
1 72 930 -336 570 1 0 0 0 1 0 0 0 1 3024.dat
1 0 1000 -336 410 1 0 0 0 1 0 0 0 1 3666.dat
1 0 970 -336 430 1 0 0 0 1 0 0 0 1 3623.dat
1 0 1020 -336 570 1 0 0 0 1 0 0 0 1 3460.dat
1 484 990 -336 790 1 0 0 0 1 0 0 0 1 3623.dat
1 484 1000 -336 750 1 0 0 0 1 0 0 0 1 3023.dat
1 72 1030 -336 750 1 0 0 0 1 0 0 0 1 3024.dat
1 0 1070 -336 420 0 0 1 0 1 0 -1 0 0 3023.dat
1 0 1090 -336 440 0 0 1 0 1 0 -1 0 0 3023.dat
1 0 1100 -336 550 1 0 0 0 1 0 0 0 1 3023.dat
1 0 1110 -336 480 0 0 1 0 1 0 -1 0 0 3710.dat
1 0 1110 -336 530 1 0 0 0 1 0 0 0 1 3024.dat
1 0 1130 -336 490 0 0 1 0 1 0 -1 0 0 3623.dat
1 0 290 -344 500 0 0 1 0 1 0 -1 0 0 3666.dat
1 0 330 -344 430 1 0 0 0 1 0 0 0 1 3623.dat
1 0 310 -344 450 1 0 0 0 1 0 0 0 1 3024.dat
1 0 320 -344 550 1 0 0 0 1 0 0 0 1 3023.dat
1 0 380 -344 570 1 0 0 0 1 0 0 0 1 3666.dat
1 0 400 -344 410 1 0 0 0 1 0 0 0 1 3666.dat
1 72 380 -344 730 1 0 0 0 1 0 0 0 1 3023.dat
1 484 460 -344 750 1 0 0 0 1 0 0 0 1 3460.dat
1 484 440 -344 730 1 0 0 0 1 0 0 0 1 3710.dat
1 0 450 -344 570 1 0 0 0 1 0 0 0 1 3024.dat
1 484 500 -344 770 1 0 0 0 1 0 0 0 1 3666.dat
1 72 470 -344 500 0 0 1 0 1 0 -1 0 0 4477.dat
1 0 500 -344 310 1 0 0 0 1 0 0 0 1 3023.dat
1 72 510 -344 340 1 0 0 0 1 0 0 0 1 3021.dat
1 0 490 -344 420 0 0 1 0 1 0 -1 0 0 3666.dat
1 0 510 -344 560 1 0 0 0 1 0 0 0 1 3021.dat
1 72 520 -344 590 1 0 0 0 1 0 0 0 1 3710.dat
1 0 490 -344 620 0 0 1 0 1 0 -1 0 0 3023.dat
1 72 510 -344 660 1 0 0 0 1 0 0 0 1 3021.dat
1 0 490 -344 700 0 0 1 0 1 0 -1 0 0 3023.dat
1 72 500 -344 730 1 0 0 0 1 0 0 0 1 3023.dat
1 0 510 -344 370 1 0 0 0 1 0 0 0 1 3024.dat
1 72 510 -344 390 1 0 0 0 1 0 0 0 1 3024.dat
1 0 530 -344 410 1 0 0 0 1 0 0 0 1 3623.dat
1 72 510 -344 440 0 0 1 0 1 0 -1 0 0 3023.dat
1 0 520 -344 470 1 0 0 0 1 0 0 0 1 3023.dat
1 72 510 -344 510 0 0 1 0 1 0 -1 0 0 3623.dat
1 72 510 -344 610 1 0 0 0 1 0 0 0 1 3024.dat
1 0 510 -344 630 1 0 0 0 1 0 0 0 1 3024.dat
1 0 520 -344 710 1 0 0 0 1 0 0 0 1 3023.dat
1 484 540 -344 310 1 0 0 0 1 0 0 0 1 3023.dat
1 484 530 -344 380 0 0 1 0 1 0 -1 0 0 3023.dat
1 484 530 -344 440 0 0 1 0 1 0 -1 0 0 3023.dat
1 484 530 -344 510 0 0 1 0 1 0 -1 0 0 3623.dat
1 484 530 -344 620 0 0 1 0 1 0 -1 0 0 3023.dat
1 484 530 -344 690 1 0 0 0 1 0 0 0 1 3024.dat
1 484 640 -344 730 1 0 0 0 1 0 0 0 1 60479.dat
1 484 660 -344 90 1 0 0 0 1 0 0 0 1 60479.dat
1 484 550 -344 200 0 0 1 0 1 0 -1 0 0 4477.dat
1 72 570 -344 370 1 0 0 0 1 0 0 0 1 3623.dat
1 0 550 -344 570 1 0 0 0 1 0 0 0 1 3024.dat
1 72 570 -344 630 1 0 0 0 1 0 0 0 1 3623.dat
1 484 550 -344 750 1 0 0 0 1 0 0 0 1 3024.dat
1 484 550 -344 790 1 0 0 0 1 0 0 0 1 3024.dat
1 0 570 -344 770 0 0 1 0 1 0 -1 0 0 3623.dat
1 484 620 -344 770 1 0 0 0 1 0 0 0 1 3710.dat
1 0 590 -344 820 0 0 1 0 1 0 -1 0 0 3710.dat
1 484 640 -344 790 1 0 0 0 1 0 0 0 1 3710.dat
1 0 700 -344 840 1 0 0 0 1 0 0 0 1 3030.dat
1 0 620 -344 890 1 0 0 0 1 0 0 0 1 3023.dat
1 0 630 -344 910 1 0 0 0 1 0 0 0 1 3024.dat
1 72 700 -344 710 1 0 0 0 1 0 0 0 1 3666.dat
1 72 660 -344 900 1 0 0 0 1 0 0 0 1 3022.dat
1 484 670 -344 770 1 0 0 0 1 0 0 0 1 3024.dat
1 72 690 -344 770 1 0 0 0 1 0 0 0 1 3024.dat
1 484 690 -344 790 1 0 0 0 1 0 0 0 1 3024.dat
1 72 690 -344 890 1 0 0 0 1 0 0 0 1 3024.dat
1 0 700 -344 920 1 0 0 0 1 0 0 0 1 3022.dat
1 484 760 -344 770 1 0 0 0 1 0 0 0 1 3666.dat
1 0 710 -344 790 1 0 0 0 1 0 0 0 1 3024.dat
1 0 710 -344 890 1 0 0 0 1 0 0 0 1 3024.dat
1 484 760 -344 790 1 0 0 0 1 0 0 0 1 3710.dat
1 72 740 -344 900 1 0 0 0 1 0 0 0 1 3022.dat
1 484 820 -344 730 1 0 0 0 1 0 0 0 1 3666.dat
1 0 780 -344 890 1 0 0 0 1 0 0 0 1 3023.dat
1 0 770 -344 910 1 0 0 0 1 0 0 0 1 3024.dat
1 484 820 -344 90 1 0 0 0 1 0 0 0 1 3710.dat
1 72 830 -344 370 1 0 0 0 1 0 0 0 1 3623.dat
1 72 830 -344 630 1 0 0 0 1 0 0 0 1 3623.dat
1 0 810 -344 820 0 0 1 0 1 0 -1 0 0 3710.dat
1 484 920 -344 750 1 0 0 0 1 0 0 0 1 4477.dat
1 0 840 -344 780 1 0 0 0 1 0 0 0 1 3022.dat
1 484 850 -344 200 0 0 1 0 1 0 -1 0 0 4477.dat
1 484 860 -344 310 1 0 0 0 1 0 0 0 1 3023.dat
1 0 880 -344 410 1 0 0 0 1 0 0 0 1 3710.dat
1 0 850 -344 570 1 0 0 0 1 0 0 0 1 3024.dat
1 72 850 -344 590 1 0 0 0 1 0 0 0 1 3024.dat
1 72 890 -344 340 1 0 0 0 1 0 0 0 1 3021.dat
1 484 870 -344 380 0 0 1 0 1 0 -1 0 0 3023.dat
1 484 870 -344 440 0 0 1 0 1 0 -1 0 0 3023.dat
1 0 890 -344 470 1 0 0 0 1 0 0 0 1 3623.dat
1 484 870 -344 510 0 0 1 0 1 0 -1 0 0 3623.dat
1 0 890 -344 550 1 0 0 0 1 0 0 0 1 3623.dat
1 484 870 -344 600 0 0 1 0 1 0 -1 0 0 3710.dat
1 72 890 -344 660 1 0 0 0 1 0 0 0 1 3021.dat
1 484 870 -344 690 1 0 0 0 1 0 0 0 1 3024.dat
1 0 890 -344 710 1 0 0 0 1 0 0 0 1 3623.dat
1 484 900 -344 770 1 0 0 0 1 0 0 0 1 3710.dat
1 0 900 -344 310 1 0 0 0 1 0 0 0 1 3023.dat
1 72 890 -344 380 0 0 1 0 1 0 -1 0 0 3023.dat
1 72 890 -344 440 0 0 1 0 1 0 -1 0 0 3023.dat
1 72 890 -344 510 0 0 1 0 1 0 -1 0 0 3623.dat
1 0 900 -344 570 1 0 0 0 1 0 0 0 1 3023.dat
1 72 910 -344 590 1 0 0 0 1 0 0 0 1 3623.dat
1 72 890 -344 620 0 0 1 0 1 0 -1 0 0 3023.dat
1 72 900 -344 730 1 0 0 0 1 0 0 0 1 3023.dat
1 0 910 -344 380 0 0 1 0 1 0 -1 0 0 3023.dat
1 0 910 -344 440 0 0 1 0 1 0 -1 0 0 3023.dat
1 0 910 -344 620 0 0 1 0 1 0 -1 0 0 3023.dat
1 0 910 -344 690 1 0 0 0 1 0 0 0 1 3024.dat
1 72 930 -344 480 0 0 1 0 1 0 -1 0 0 3460.dat
1 72 930 -344 570 1 0 0 0 1 0 0 0 1 3024.dat
1 484 960 -344 730 1 0 0 0 1 0 0 0 1 3710.dat
1 0 1000 -344 410 1 0 0 0 1 0 0 0 1 3666.dat
1 0 1020 -344 570 1 0 0 0 1 0 0 0 1 3460.dat
1 484 950 -344 770 1 0 0 0 1 0 0 0 1 3024.dat
1 72 1020 -344 730 1 0 0 0 1 0 0 0 1 3023.dat
1 0 1070 -344 430 1 0 0 0 1 0 0 0 1 3623.dat
1 0 1070 -344 410 1 0 0 0 1 0 0 0 1 3024.dat
1 0 1100 -344 450 1 0 0 0 1 0 0 0 1 3023.dat
1 0 1100 -344 550 1 0 0 0 1 0 0 0 1 3023.dat
1 0 1110 -344 500 0 0 1 0 1 0 -1 0 0 3710.dat
1 0 290 -352 480 0 0 1 0 1 0 -1 0 0 3710.dat
1 0 300 -352 530 1 0 0 0 1 0 0 0 1 3023.dat
1 0 340 -352 430 1 0 0 0 1 0 0 0 1 3710.dat
1 0 310 -352 450 1 0 0 0 1 0 0 0 1 3024.dat
1 0 320 -352 550 1 0 0 0 1 0 0 0 1 3023.dat
1 0 380 -352 570 1 0 0 0 1 0 0 0 1 3666.dat
1 0 400 -352 410 1 0 0 0 1 0 0 0 1 3710.dat
1 484 540 -352 730 1 0 0 0 1 0 0 0 1 60479.dat
1 0 450 -352 410 1 0 0 0 1 0 0 0 1 3024.dat
1 0 450 -352 570 1 0 0 0 1 0 0 0 1 3024.dat
1 72 470 -352 500 0 0 1 0 1 0 -1 0 0 4477.dat
1 0 500 -352 310 1 0 0 0 1 0 0 0 1 3023.dat
1 72 510 -352 340 1 0 0 0 1 0 0 0 1 3021.dat
1 0 490 -352 420 0 0 1 0 1 0 -1 0 0 3666.dat
1 0 510 -352 550 1 0 0 0 1 0 0 0 1 3623.dat
1 0 490 -352 570 1 0 0 0 1 0 0 0 1 3024.dat
1 72 500 -352 590 1 0 0 0 1 0 0 0 1 3023.dat
1 0 490 -352 620 0 0 1 0 1 0 -1 0 0 3023.dat
1 72 510 -352 660 1 0 0 0 1 0 0 0 1 3021.dat
1 0 490 -352 700 0 0 1 0 1 0 -1 0 0 3023.dat
1 0 510 -352 370 1 0 0 0 1 0 0 0 1 3024.dat
1 72 510 -352 420 0 0 1 0 1 0 -1 0 0 3710.dat
1 0 520 -352 470 1 0 0 0 1 0 0 0 1 3023.dat
1 72 510 -352 510 0 0 1 0 1 0 -1 0 0 3623.dat
1 72 510 -352 570 1 0 0 0 1 0 0 0 1 3024.dat
1 72 510 -352 610 1 0 0 0 1 0 0 0 1 3024.dat
1 0 510 -352 630 1 0 0 0 1 0 0 0 1 3024.dat
1 0 520 -352 710 1 0 0 0 1 0 0 0 1 3023.dat
1 484 530 -352 750 1 0 0 0 1 0 0 0 1 3623.dat
1 484 540 -352 310 1 0 0 0 1 0 0 0 1 3023.dat
1 484 530 -352 380 0 0 1 0 1 0 -1 0 0 3023.dat
1 72 530 -352 410 1 0 0 0 1 0 0 0 1 3024.dat
1 484 530 -352 440 0 0 1 0 1 0 -1 0 0 3023.dat
1 484 530 -352 510 0 0 1 0 1 0 -1 0 0 3623.dat
1 0 540 -352 570 1 0 0 0 1 0 0 0 1 3023.dat
1 484 530 -352 610 0 0 1 0 1 0 -1 0 0 3623.dat
1 484 530 -352 690 1 0 0 0 1 0 0 0 1 3024.dat
1 484 660 -352 90 1 0 0 0 1 0 0 0 1 60479.dat
1 484 550 -352 200 0 0 1 0 1 0 -1 0 0 4477.dat
1 72 570 -352 370 1 0 0 0 1 0 0 0 1 3623.dat
1 0 550 -352 410 1 0 0 0 1 0 0 0 1 3024.dat
1 72 550 -352 590 1 0 0 0 1 0 0 0 1 3024.dat
1 72 570 -352 630 1 0 0 0 1 0 0 0 1 3623.dat
1 0 570 -352 710 1 0 0 0 1 0 0 0 1 3024.dat
1 0 570 -352 770 0 0 1 0 1 0 -1 0 0 3623.dat
1 484 590 -352 770 0 0 1 0 1 0 -1 0 0 3623.dat
1 0 590 -352 840 0 0 1 0 1 0 -1 0 0 3710.dat
1 0 610 -352 780 0 0 1 0 1 0 -1 0 0 3023.dat
1 0 610 -352 880 0 0 1 0 1 0 -1 0 0 3023.dat
1 0 700 -352 790 1 0 0 0 1 0 0 0 1 3460.dat
1 0 630 -352 900 0 0 1 0 1 0 -1 0 0 3023.dat
1 72 700 -352 710 1 0 0 0 1 0 0 0 1 3666.dat
1 0 660 -352 910 1 0 0 0 1 0 0 0 1 3023.dat
1 484 780 -352 730 1 0 0 0 1 0 0 0 1 60479.dat
1 0 700 -352 930 1 0 0 0 1 0 0 0 1 3710.dat
1 0 750 -352 910 1 0 0 0 1 0 0 0 1 3623.dat
1 0 750 -352 930 1 0 0 0 1 0 0 0 1 3024.dat
1 0 780 -352 890 1 0 0 0 1 0 0 0 1 3023.dat
1 484 820 -352 90 1 0 0 0 1 0 0 0 1 3710.dat
1 0 790 -352 790 1 0 0 0 1 0 0 0 1 3024.dat
1 0 800 -352 870 1 0 0 0 1 0 0 0 1 3023.dat
1 72 830 -352 370 1 0 0 0 1 0 0 0 1 3623.dat
1 72 830 -352 630 1 0 0 0 1 0 0 0 1 3623.dat
1 484 810 -352 780 0 0 1 0 1 0 -1 0 0 3023.dat
1 0 810 -352 830 0 0 1 0 1 0 -1 0 0 3623.dat
1 484 830 -352 750 1 0 0 0 1 0 0 0 1 3024.dat
1 0 840 -352 780 1 0 0 0 1 0 0 0 1 3022.dat
1 484 850 -352 200 0 0 1 0 1 0 -1 0 0 4477.dat
1 484 860 -352 310 1 0 0 0 1 0 0 0 1 3023.dat
1 0 860 -352 410 1 0 0 0 1 0 0 0 1 3023.dat
1 0 850 -352 570 1 0 0 0 1 0 0 0 1 3024.dat
1 72 850 -352 590 1 0 0 0 1 0 0 0 1 3024.dat
1 0 880 -352 710 1 0 0 0 1 0 0 0 1 3710.dat
1 0 850 -352 750 1 0 0 0 1 0 0 0 1 3024.dat
1 72 890 -352 340 1 0 0 0 1 0 0 0 1 3021.dat
1 484 870 -352 380 0 0 1 0 1 0 -1 0 0 3023.dat
1 484 870 -352 440 0 0 1 0 1 0 -1 0 0 3023.dat
1 0 890 -352 470 1 0 0 0 1 0 0 0 1 3623.dat
1 484 870 -352 510 0 0 1 0 1 0 -1 0 0 3623.dat
1 0 890 -352 550 1 0 0 0 1 0 0 0 1 3623.dat
1 484 870 -352 600 0 0 1 0 1 0 -1 0 0 3710.dat
1 72 890 -352 660 1 0 0 0 1 0 0 0 1 3021.dat
1 484 870 -352 690 1 0 0 0 1 0 0 0 1 3024.dat
1 484 880 -352 750 1 0 0 0 1 0 0 0 1 3023.dat
1 0 900 -352 310 1 0 0 0 1 0 0 0 1 3023.dat
1 72 890 -352 400 0 0 1 0 1 0 -1 0 0 3710.dat
1 72 890 -352 450 1 0 0 0 1 0 0 0 1 3024.dat
1 72 890 -352 510 0 0 1 0 1 0 -1 0 0 3623.dat
1 72 890 -352 600 0 0 1 0 1 0 -1 0 0 3710.dat
1 0 910 -352 400 0 0 1 0 1 0 -1 0 0 3710.dat
1 0 910 -352 450 1 0 0 0 1 0 0 0 1 3024.dat
1 0 910 -352 570 1 0 0 0 1 0 0 0 1 3024.dat
1 72 920 -352 590 1 0 0 0 1 0 0 0 1 3023.dat
1 0 910 -352 620 0 0 1 0 1 0 -1 0 0 3023.dat
1 0 910 -352 690 1 0 0 0 1 0 0 0 1 3024.dat
1 484 940 -352 730 1 0 0 0 1 0 0 0 1 3710.dat
1 72 930 -352 480 0 0 1 0 1 0 -1 0 0 3460.dat
1 72 930 -352 570 1 0 0 0 1 0 0 0 1 3024.dat
1 0 1000 -352 410 1 0 0 0 1 0 0 0 1 3666.dat
1 0 1000 -352 570 1 0 0 0 1 0 0 0 1 3666.dat
1 0 1070 -352 430 1 0 0 0 1 0 0 0 1 3623.dat
1 0 1090 -352 550 1 0 0 0 1 0 0 0 1 3623.dat
1 0 1070 -352 570 1 0 0 0 1 0 0 0 1 3024.dat
1 0 1100 -352 450 1 0 0 0 1 0 0 0 1 3023.dat
1 0 1110 -352 500 0 0 1 0 1 0 -1 0 0 3710.dat
1 0 290 -360 480 0 0 1 0 1 0 -1 0 0 3710.dat
1 0 300 -360 530 1 0 0 0 1 0 0 0 1 3023.dat
1 0 340 -360 430 1 0 0 0 1 0 0 0 1 3710.dat
1 0 320 -360 450 1 0 0 0 1 0 0 0 1 3023.dat
1 0 310 -360 470 1 0 0 0 1 0 0 0 1 3024.dat
1 0 330 -360 550 1 0 0 0 1 0 0 0 1 3623.dat
1 0 380 -360 570 1 0 0 0 1 0 0 0 1 3666.dat
1 0 400 -360 410 1 0 0 0 1 0 0 0 1 3710.dat
1 0 450 -360 410 1 0 0 0 1 0 0 0 1 3024.dat
1 0 450 -360 570 1 0 0 0 1 0 0 0 1 3024.dat
1 72 470 -360 500 0 0 1 0 1 0 -1 0 0 4477.dat
1 0 500 -360 310 1 0 0 0 1 0 0 0 1 3023.dat
1 72 510 -360 340 1 0 0 0 1 0 0 0 1 3021.dat
1 0 500 -360 370 1 0 0 0 1 0 0 0 1 3023.dat
1 72 500 -360 390 1 0 0 0 1 0 0 0 1 3023.dat
1 72 490 -360 410 1 0 0 0 1 0 0 0 1 3024.dat
1 0 490 -360 450 0 0 1 0 1 0 -1 0 0 3623.dat
1 0 500 -360 560 1 0 0 0 1 0 0 0 1 3022.dat
1 72 520 -360 590 1 0 0 0 1 0 0 0 1 3710.dat
1 72 500 -360 610 1 0 0 0 1 0 0 0 1 3023.dat
1 0 500 -360 630 1 0 0 0 1 0 0 0 1 3023.dat
1 72 510 -360 660 1 0 0 0 1 0 0 0 1 3021.dat
1 0 490 -360 700 0 0 1 0 1 0 -1 0 0 3023.dat
1 0 530 -360 410 1 0 0 0 1 0 0 0 1 3623.dat
1 72 510 -360 440 0 0 1 0 1 0 -1 0 0 3023.dat
1 0 520 -360 470 1 0 0 0 1 0 0 0 1 3023.dat
1 72 510 -360 510 0 0 1 0 1 0 -1 0 0 3623.dat
1 0 520 -360 710 1 0 0 0 1 0 0 0 1 3023.dat
1 72 510 -360 730 1 0 0 0 1 0 0 0 1 3024.dat
1 484 540 -360 310 1 0 0 0 1 0 0 0 1 3023.dat
1 72 560 -360 370 1 0 0 0 1 0 0 0 1 3710.dat
1 484 530 -360 390 1 0 0 0 1 0 0 0 1 3024.dat
1 484 530 -360 440 0 0 1 0 1 0 -1 0 0 3023.dat
1 484 530 -360 510 0 0 1 0 1 0 -1 0 0 3623.dat
1 0 530 -360 550 1 0 0 0 1 0 0 0 1 3024.dat
1 484 530 -360 570 1 0 0 0 1 0 0 0 1 3024.dat
1 484 530 -360 620 0 0 1 0 1 0 -1 0 0 3023.dat
1 484 530 -360 690 1 0 0 0 1 0 0 0 1 3024.dat
1 484 640 -360 730 1 0 0 0 1 0 0 0 1 60479.dat
1 484 660 -360 90 1 0 0 0 1 0 0 0 1 60479.dat
1 484 550 -360 200 0 0 1 0 1 0 -1 0 0 4477.dat
1 0 550 -360 570 1 0 0 0 1 0 0 0 1 3024.dat
1 72 570 -360 630 1 0 0 0 1 0 0 0 1 3623.dat
1 0 570 -360 710 1 0 0 0 1 0 0 0 1 3024.dat
1 0 570 -360 770 0 0 1 0 1 0 -1 0 0 3623.dat
1 484 590 -360 760 0 0 1 0 1 0 -1 0 0 3023.dat
1 0 700 -360 790 1 0 0 0 1 0 0 0 1 60479.dat
1 0 590 -360 840 0 0 1 0 1 0 -1 0 0 3710.dat
1 0 610 -360 880 0 0 1 0 1 0 -1 0 0 3023.dat
1 0 640 -360 910 1 0 0 0 1 0 0 0 1 3023.dat
1 72 700 -360 710 1 0 0 0 1 0 0 0 1 3666.dat
1 0 700 -360 930 1 0 0 0 1 0 0 0 1 3666.dat
1 0 770 -360 910 1 0 0 0 1 0 0 0 1 3623.dat
1 484 820 -360 730 1 0 0 0 1 0 0 0 1 3666.dat
1 484 820 -360 90 1 0 0 0 1 0 0 0 1 3710.dat
1 0 790 -360 890 1 0 0 0 1 0 0 0 1 3024.dat
1 72 840 -360 370 1 0 0 0 1 0 0 0 1 3710.dat
1 72 830 -360 630 1 0 0 0 1 0 0 0 1 3623.dat
1 484 810 -360 770 1 0 0 0 1 0 0 0 1 3024.dat
1 0 810 -360 850 0 0 1 0 1 0 -1 0 0 3623.dat
1 484 830 -360 750 1 0 0 0 1 0 0 0 1 3024.dat
1 0 830 -360 800 0 0 1 0 1 0 -1 0 0 3710.dat
1 484 850 -360 200 0 0 1 0 1 0 -1 0 0 4477.dat
1 484 860 -360 310 1 0 0 0 1 0 0 0 1 3023.dat
1 0 860 -360 410 1 0 0 0 1 0 0 0 1 3023.dat
1 0 850 -360 570 1 0 0 0 1 0 0 0 1 3024.dat
1 72 850 -360 590 1 0 0 0 1 0 0 0 1 3024.dat
1 0 880 -360 710 1 0 0 0 1 0 0 0 1 3710.dat
1 0 850 -360 770 0 0 1 0 1 0 -1 0 0 3623.dat
1 72 890 -360 340 1 0 0 0 1 0 0 0 1 3021.dat
1 484 870 -360 390 1 0 0 0 1 0 0 0 1 3024.dat
1 484 870 -360 440 0 0 1 0 1 0 -1 0 0 3023.dat
1 0 890 -360 470 1 0 0 0 1 0 0 0 1 3623.dat
1 484 870 -360 510 0 0 1 0 1 0 -1 0 0 3623.dat
1 0 890 -360 550 1 0 0 0 1 0 0 0 1 3623.dat
1 484 870 -360 600 0 0 1 0 1 0 -1 0 0 3710.dat
1 72 890 -360 660 1 0 0 0 1 0 0 0 1 3021.dat
1 484 870 -360 690 1 0 0 0 1 0 0 0 1 3024.dat
1 0 900 -360 310 1 0 0 0 1 0 0 0 1 3023.dat
1 72 890 -360 400 0 0 1 0 1 0 -1 0 0 3710.dat
1 72 890 -360 450 1 0 0 0 1 0 0 0 1 3024.dat
1 72 890 -360 510 0 0 1 0 1 0 -1 0 0 3623.dat
1 0 900 -360 570 1 0 0 0 1 0 0 0 1 3023.dat
1 72 900 -360 600 1 0 0 0 1 0 0 0 1 3022.dat
1 72 890 -360 630 1 0 0 0 1 0 0 0 1 3024.dat
1 72 890 -360 730 1 0 0 0 1 0 0 0 1 3024.dat
1 0 910 -360 370 1 0 0 0 1 0 0 0 1 3024.dat
1 72 910 -360 400 0 0 1 0 1 0 -1 0 0 3023.dat
1 0 910 -360 440 0 0 1 0 1 0 -1 0 0 3023.dat
1 0 910 -360 630 1 0 0 0 1 0 0 0 1 3024.dat
1 0 910 -360 690 1 0 0 0 1 0 0 0 1 3024.dat
1 72 930 -360 500 0 0 1 0 1 0 -1 0 0 4477.dat
1 0 980 -360 410 1 0 0 0 1 0 0 0 1 3710.dat
1 0 1000 -360 570 1 0 0 0 1 0 0 0 1 3666.dat
1 0 1030 -360 420 0 0 1 0 1 0 -1 0 0 3023.dat
1 0 1070 -360 430 1 0 0 0 1 0 0 0 1 3623.dat
1 0 1070 -360 550 1 0 0 0 1 0 0 0 1 3623.dat
1 0 1070 -360 570 1 0 0 0 1 0 0 0 1 3024.dat
1 0 1100 -360 460 1 0 0 0 1 0 0 0 1 3022.dat
1 0 1100 -360 530 1 0 0 0 1 0 0 0 1 3023.dat
1 0 1110 -360 500 0 0 1 0 1 0 -1 0 0 3023.dat
1 0 300 -368 490 0 0 1 0 1 0 -1 0 0 3021.dat
1 0 320 -368 450 1 0 0 0 1 0 0 0 1 3023.dat
1 0 320 -368 530 1 0 0 0 1 0 0 0 1 3023.dat
1 0 360 -368 430 1 0 0 0 1 0 0 0 1 3710.dat
1 0 350 -368 550 1 0 0 0 1 0 0 0 1 3623.dat
1 0 400 -368 570 1 0 0 0 1 0 0 0 1 3666.dat
1 0 420 -368 410 1 0 0 0 1 0 0 0 1 3710.dat
1 72 470 -368 500 0 0 1 0 1 0 -1 0 0 4477.dat
1 0 500 -368 310 1 0 0 0 1 0 0 0 1 3023.dat
1 72 510 -368 340 1 0 0 0 1 0 0 0 1 3021.dat
1 0 490 -368 420 0 0 1 0 1 0 -1 0 0 3666.dat
1 0 500 -368 560 1 0 0 0 1 0 0 0 1 3022.dat
1 72 500 -368 590 1 0 0 0 1 0 0 0 1 3023.dat
1 0 490 -368 620 0 0 1 0 1 0 -1 0 0 3023.dat
1 72 510 -368 660 1 0 0 0 1 0 0 0 1 3021.dat
1 0 490 -368 700 0 0 1 0 1 0 -1 0 0 3023.dat
1 0 510 -368 370 1 0 0 0 1 0 0 0 1 3024.dat
1 72 510 -368 420 0 0 1 0 1 0 -1 0 0 3710.dat
1 0 520 -368 470 1 0 0 0 1 0 0 0 1 3023.dat
1 72 510 -368 510 0 0 1 0 1 0 -1 0 0 3623.dat
1 72 510 -368 610 1 0 0 0 1 0 0 0 1 3024.dat
1 0 510 -368 630 1 0 0 0 1 0 0 0 1 3024.dat
1 0 520 -368 710 1 0 0 0 1 0 0 0 1 3023.dat
1 0 530 -368 200 0 0 1 0 1 0 -1 0 0 3666.dat
1 0 530 -368 270 1 0 0 0 1 0 0 0 1 3024.dat
1 484 540 -368 310 1 0 0 0 1 0 0 0 1 3023.dat
1 484 530 -368 380 0 0 1 0 1 0 -1 0 0 3023.dat
1 0 540 -368 410 1 0 0 0 1 0 0 0 1 3023.dat
1 484 530 -368 440 0 0 1 0 1 0 -1 0 0 3023.dat
1 484 530 -368 510 0 0 1 0 1 0 -1 0 0 3623.dat
1 0 530 -368 550 1 0 0 0 1 0 0 0 1 3024.dat
1 484 530 -368 600 0 0 1 0 1 0 -1 0 0 3710.dat
1 484 530 -368 690 1 0 0 0 1 0 0 0 1 3024.dat
1 484 640 -368 730 1 0 0 0 1 0 0 0 1 60479.dat
1 484 660 -368 90 1 0 0 0 1 0 0 0 1 60479.dat
1 484 550 -368 200 0 0 1 0 1 0 -1 0 0 4477.dat
1 72 570 -368 370 1 0 0 0 1 0 0 0 1 3623.dat
1 0 550 -368 570 1 0 0 0 1 0 0 0 1 3024.dat
1 72 550 -368 590 1 0 0 0 1 0 0 0 1 3024.dat
1 72 570 -368 630 1 0 0 0 1 0 0 0 1 3623.dat
1 0 580 -368 710 1 0 0 0 1 0 0 0 1 3023.dat
1 0 570 -368 750 1 0 0 0 1 0 0 0 1 3024.dat
1 0 570 -368 820 0 0 1 0 1 0 -1 0 0 3710.dat
1 484 590 -368 770 0 0 1 0 1 0 -1 0 0 3623.dat
1 0 590 -368 870 0 0 1 0 1 0 -1 0 0 3623.dat
1 0 700 -368 790 1 0 0 0 1 0 0 0 1 4477.dat
1 0 610 -368 900 0 0 1 0 1 0 -1 0 0 3023.dat
1 0 640 -368 910 1 0 0 0 1 0 0 0 1 3023.dat
1 0 700 -368 930 1 0 0 0 1 0 0 0 1 3666.dat
1 484 820 -368 730 1 0 0 0 1 0 0 0 1 3666.dat
1 0 780 -368 910 1 0 0 0 1 0 0 0 1 3023.dat
1 484 820 -368 90 1 0 0 0 1 0 0 0 1 3710.dat
1 0 800 -368 890 1 0 0 0 1 0 0 0 1 3023.dat
1 72 830 -368 370 1 0 0 0 1 0 0 0 1 3623.dat
1 72 830 -368 630 1 0 0 0 1 0 0 0 1 3623.dat
1 484 820 -368 770 1 0 0 0 1 0 0 0 1 3023.dat
1 484 810 -368 790 1 0 0 0 1 0 0 0 1 3024.dat
1 0 820 -368 850 1 0 0 0 1 0 0 0 1 3023.dat
1 0 810 -368 870 1 0 0 0 1 0 0 0 1 3024.dat
1 0 860 -368 710 1 0 0 0 1 0 0 0 1 3710.dat
1 0 840 -368 750 1 0 0 0 1 0 0 0 1 3023.dat
1 0 830 -368 810 0 0 1 0 1 0 -1 0 0 3623.dat
1 484 850 -368 200 0 0 1 0 1 0 -1 0 0 4477.dat
1 484 860 -368 310 1 0 0 0 1 0 0 0 1 3023.dat
1 0 860 -368 410 1 0 0 0 1 0 0 0 1 3023.dat
1 0 850 -368 570 1 0 0 0 1 0 0 0 1 3024.dat
1 72 850 -368 590 1 0 0 0 1 0 0 0 1 3024.dat
1 0 870 -368 200 0 0 1 0 1 0 -1 0 0 3666.dat
1 0 870 -368 270 1 0 0 0 1 0 0 0 1 3024.dat
1 72 890 -368 340 1 0 0 0 1 0 0 0 1 3021.dat
1 484 870 -368 380 0 0 1 0 1 0 -1 0 0 3023.dat
1 484 870 -368 440 0 0 1 0 1 0 -1 0 0 3023.dat
1 0 890 -368 470 1 0 0 0 1 0 0 0 1 3623.dat
1 484 870 -368 510 0 0 1 0 1 0 -1 0 0 3623.dat
1 0 890 -368 550 1 0 0 0 1 0 0 0 1 3623.dat
1 484 870 -368 600 0 0 1 0 1 0 -1 0 0 3710.dat
1 72 890 -368 660 1 0 0 0 1 0 0 0 1 3021.dat
1 484 870 -368 690 1 0 0 0 1 0 0 0 1 3024.dat
1 0 900 -368 310 1 0 0 0 1 0 0 0 1 3023.dat
1 72 890 -368 400 0 0 1 0 1 0 -1 0 0 3710.dat
1 72 890 -368 450 1 0 0 0 1 0 0 0 1 3024.dat
1 72 890 -368 510 0 0 1 0 1 0 -1 0 0 3623.dat
1 0 900 -368 570 1 0 0 0 1 0 0 0 1 3023.dat
1 72 910 -368 590 1 0 0 0 1 0 0 0 1 3623.dat
1 72 890 -368 620 0 0 1 0 1 0 -1 0 0 3023.dat
1 0 910 -368 400 0 0 1 0 1 0 -1 0 0 3710.dat
1 0 910 -368 450 1 0 0 0 1 0 0 0 1 3024.dat
1 0 910 -368 620 0 0 1 0 1 0 -1 0 0 3023.dat
1 0 910 -368 700 0 0 1 0 1 0 -1 0 0 3023.dat
1 72 930 -368 480 0 0 1 0 1 0 -1 0 0 3460.dat
1 72 930 -368 570 1 0 0 0 1 0 0 0 1 3024.dat
1 0 980 -368 410 1 0 0 0 1 0 0 0 1 3710.dat
1 0 1000 -368 570 1 0 0 0 1 0 0 0 1 3666.dat
1 0 1040 -368 430 1 0 0 0 1 0 0 0 1 3710.dat
1 0 1060 -368 550 1 0 0 0 1 0 0 0 1 3023.dat
1 0 1080 -368 450 1 0 0 0 1 0 0 0 1 3023.dat
1 0 1090 -368 530 1 0 0 0 1 0 0 0 1 3623.dat
1 0 1100 -368 490 0 0 1 0 1 0 -1 0 0 3021.dat
1 0 310 -376 480 0 0 1 0 1 0 -1 0 0 3710.dat
1 0 330 -376 530 1 0 0 0 1 0 0 0 1 3623.dat
1 0 340 -376 450 1 0 0 0 1 0 0 0 1 3023.dat
1 0 330 -376 470 1 0 0 0 1 0 0 0 1 3024.dat
1 0 350 -376 550 1 0 0 0 1 0 0 0 1 3623.dat
1 0 380 -376 430 1 0 0 0 1 0 0 0 1 3710.dat
1 0 400 -376 570 1 0 0 0 1 0 0 0 1 3710.dat
1 0 420 -376 410 1 0 0 0 1 0 0 0 1 3710.dat
1 0 450 -376 570 1 0 0 0 1 0 0 0 1 3024.dat
1 72 470 -376 500 0 0 1 0 1 0 -1 0 0 4477.dat
1 0 500 -376 310 1 0 0 0 1 0 0 0 1 3023.dat
1 72 510 -376 340 1 0 0 0 1 0 0 0 1 3021.dat
1 0 490 -376 420 0 0 1 0 1 0 -1 0 0 3666.dat
1 0 500 -376 560 1 0 0 0 1 0 0 0 1 3022.dat
1 72 520 -376 590 1 0 0 0 1 0 0 0 1 3710.dat
1 0 490 -376 620 0 0 1 0 1 0 -1 0 0 3023.dat
1 72 510 -376 660 1 0 0 0 1 0 0 0 1 3021.dat
1 0 490 -376 700 0 0 1 0 1 0 -1 0 0 3023.dat
1 0 520 -376 200 0 0 1 0 1 0 -1 0 0 3795.dat
1 0 520 -376 270 1 0 0 0 1 0 0 0 1 3023.dat
1 0 510 -376 370 1 0 0 0 1 0 0 0 1 3024.dat
1 72 510 -376 390 1 0 0 0 1 0 0 0 1 3024.dat
1 0 530 -376 410 1 0 0 0 1 0 0 0 1 3623.dat
1 72 510 -376 440 0 0 1 0 1 0 -1 0 0 3023.dat
1 0 520 -376 470 1 0 0 0 1 0 0 0 1 3023.dat
1 72 510 -376 510 0 0 1 0 1 0 -1 0 0 3623.dat
1 72 510 -376 610 1 0 0 0 1 0 0 0 1 3024.dat
1 0 510 -376 630 1 0 0 0 1 0 0 0 1 3024.dat
1 0 520 -376 710 1 0 0 0 1 0 0 0 1 3023.dat
1 484 540 -376 310 1 0 0 0 1 0 0 0 1 3023.dat
1 484 530 -376 380 0 0 1 0 1 0 -1 0 0 3023.dat
1 484 530 -376 440 0 0 1 0 1 0 -1 0 0 3023.dat
1 484 530 -376 510 0 0 1 0 1 0 -1 0 0 3623.dat
1 0 530 -376 550 1 0 0 0 1 0 0 0 1 3024.dat
1 484 530 -376 570 1 0 0 0 1 0 0 0 1 3024.dat
1 484 530 -376 620 0 0 1 0 1 0 -1 0 0 3023.dat
1 484 530 -376 690 1 0 0 0 1 0 0 0 1 3024.dat
1 484 540 -376 730 1 0 0 0 1 0 0 0 1 3023.dat
1 484 660 -376 90 1 0 0 0 1 0 0 0 1 60479.dat
1 484 550 -376 200 0 0 1 0 1 0 -1 0 0 4477.dat
1 72 570 -376 370 1 0 0 0 1 0 0 0 1 3623.dat
1 0 550 -376 570 1 0 0 0 1 0 0 0 1 3024.dat
1 72 570 -376 630 1 0 0 0 1 0 0 0 1 3623.dat
1 0 570 -376 730 0 0 1 0 1 0 -1 0 0 3623.dat
1 0 570 -376 820 0 0 1 0 1 0 -1 0 0 3710.dat
1 484 700 -376 730 1 0 0 0 1 0 0 0 1 60479.dat
1 484 590 -376 770 0 0 1 0 1 0 -1 0 0 3623.dat
1 0 590 -376 870 0 0 1 0 1 0 -1 0 0 3623.dat
1 0 700 -376 790 1 0 0 0 1 0 0 0 1 4477.dat
1 0 610 -376 900 0 0 1 0 1 0 -1 0 0 3023.dat
1 0 630 -376 920 0 0 1 0 1 0 -1 0 0 3023.dat
1 0 700 -376 930 1 0 0 0 1 0 0 0 1 3666.dat
1 0 700 -376 950 1 0 0 0 1 0 0 0 1 3023.dat
1 0 780 -376 910 1 0 0 0 1 0 0 0 1 3023.dat
1 0 770 -376 930 1 0 0 0 1 0 0 0 1 3024.dat
1 484 820 -376 90 1 0 0 0 1 0 0 0 1 3710.dat
1 0 800 -376 890 1 0 0 0 1 0 0 0 1 3023.dat
1 72 830 -376 370 1 0 0 0 1 0 0 0 1 3623.dat
1 72 830 -376 630 1 0 0 0 1 0 0 0 1 3623.dat
1 484 820 -376 770 1 0 0 0 1 0 0 0 1 3023.dat
1 484 810 -376 790 1 0 0 0 1 0 0 0 1 3024.dat
1 0 820 -376 870 1 0 0 0 1 0 0 0 1 3023.dat
1 0 860 -376 710 1 0 0 0 1 0 0 0 1 3710.dat
1 484 830 -376 730 1 0 0 0 1 0 0 0 1 3024.dat
1 0 840 -376 750 1 0 0 0 1 0 0 0 1 3023.dat
1 0 830 -376 820 0 0 1 0 1 0 -1 0 0 3710.dat
1 484 850 -376 200 0 0 1 0 1 0 -1 0 0 4477.dat
1 484 860 -376 310 1 0 0 0 1 0 0 0 1 3023.dat
1 0 860 -376 410 1 0 0 0 1 0 0 0 1 3023.dat
1 0 850 -376 570 1 0 0 0 1 0 0 0 1 3024.dat
1 72 850 -376 590 1 0 0 0 1 0 0 0 1 3024.dat
1 0 850 -376 730 1 0 0 0 1 0 0 0 1 3024.dat
1 0 890 -376 150 1 0 0 0 1 0 0 0 1 3623.dat
1 0 890 -376 270 1 0 0 0 1 0 0 0 1 3623.dat
1 72 890 -376 340 1 0 0 0 1 0 0 0 1 3021.dat
1 484 870 -376 380 0 0 1 0 1 0 -1 0 0 3023.dat
1 484 870 -376 440 0 0 1 0 1 0 -1 0 0 3023.dat
1 0 890 -376 470 1 0 0 0 1 0 0 0 1 3623.dat
1 484 870 -376 510 0 0 1 0 1 0 -1 0 0 3623.dat
1 0 890 -376 550 1 0 0 0 1 0 0 0 1 3623.dat
1 484 870 -376 600 0 0 1 0 1 0 -1 0 0 3710.dat
1 72 890 -376 660 1 0 0 0 1 0 0 0 1 3021.dat
1 484 870 -376 690 1 0 0 0 1 0 0 0 1 3024.dat
1 484 870 -376 730 1 0 0 0 1 0 0 0 1 3024.dat
1 0 900 -376 200 0 0 1 0 1 0 -1 0 0 3020.dat
1 0 900 -376 250 1 0 0 0 1 0 0 0 1 3023.dat
1 0 900 -376 310 1 0 0 0 1 0 0 0 1 3023.dat
1 72 890 -376 400 0 0 1 0 1 0 -1 0 0 3710.dat
1 72 890 -376 450 1 0 0 0 1 0 0 0 1 3024.dat
1 72 890 -376 510 0 0 1 0 1 0 -1 0 0 3623.dat
1 0 900 -376 570 1 0 0 0 1 0 0 0 1 3023.dat
1 72 910 -376 590 1 0 0 0 1 0 0 0 1 3623.dat
1 72 890 -376 620 0 0 1 0 1 0 -1 0 0 3023.dat
1 0 910 -376 400 0 0 1 0 1 0 -1 0 0 3710.dat
1 0 910 -376 450 1 0 0 0 1 0 0 0 1 3024.dat
1 0 910 -376 620 0 0 1 0 1 0 -1 0 0 3023.dat
1 0 910 -376 700 0 0 1 0 1 0 -1 0 0 3023.dat
1 72 930 -376 480 0 0 1 0 1 0 -1 0 0 3460.dat
1 72 930 -376 570 1 0 0 0 1 0 0 0 1 3024.dat
1 0 980 -376 410 1 0 0 0 1 0 0 0 1 3710.dat
1 0 980 -376 570 1 0 0 0 1 0 0 0 1 3710.dat
1 0 1020 -376 430 1 0 0 0 1 0 0 0 1 3710.dat
1 0 1050 -376 550 1 0 0 0 1 0 0 0 1 3623.dat
1 0 1030 -376 570 1 0 0 0 1 0 0 0 1 3024.dat
1 0 1070 -376 450 1 0 0 0 1 0 0 0 1 3623.dat
1 0 1080 -376 470 1 0 0 0 1 0 0 0 1 3023.dat
1 0 1080 -376 530 1 0 0 0 1 0 0 0 1 3023.dat
1 0 1090 -376 500 0 0 1 0 1 0 -1 0 0 3023.dat
1 0 320 -384 490 1 0 0 0 1 0 0 0 1 3023.dat
1 0 350 -384 450 1 0 0 0 1 0 0 0 1 3623.dat
1 0 330 -384 470 1 0 0 0 1 0 0 0 1 3024.dat
1 0 330 -384 520 0 0 1 0 1 0 -1 0 0 3023.dat
1 0 380 -384 430 1 0 0 0 1 0 0 0 1 3710.dat
1 0 350 -384 540 0 0 1 0 1 0 -1 0 0 3023.dat
1 0 380 -384 560 1 0 0 0 1 0 0 0 1 3022.dat
1 0 430 -384 410 1 0 0 0 1 0 0 0 1 3623.dat
1 0 430 -384 570 1 0 0 0 1 0 0 0 1 3623.dat
1 0 430 -384 430 1 0 0 0 1 0 0 0 1 3024.dat
1 72 470 -384 500 0 0 1 0 1 0 -1 0 0 4477.dat
1 0 500 -384 310 1 0 0 0 1 0 0 0 1 3023.dat
1 72 510 -384 340 1 0 0 0 1 0 0 0 1 3021.dat
1 0 490 -384 420 0 0 1 0 1 0 -1 0 0 3666.dat
1 0 510 -384 550 1 0 0 0 1 0 0 0 1 3623.dat
1 0 490 -384 570 1 0 0 0 1 0 0 0 1 3024.dat
1 72 500 -384 590 1 0 0 0 1 0 0 0 1 3023.dat
1 0 490 -384 620 0 0 1 0 1 0 -1 0 0 3023.dat
1 72 510 -384 660 1 0 0 0 1 0 0 0 1 3021.dat
1 0 490 -384 700 0 0 1 0 1 0 -1 0 0 3023.dat
1 0 520 -384 200 0 0 1 0 1 0 -1 0 0 3795.dat
1 0 520 -384 270 1 0 0 0 1 0 0 0 1 3023.dat
1 0 510 -384 370 1 0 0 0 1 0 0 0 1 3024.dat
1 72 510 -384 460 0 0 1 0 1 0 -1 0 0 3460.dat
1 72 510 -384 570 1 0 0 0 1 0 0 0 1 3024.dat
1 72 510 -384 610 1 0 0 0 1 0 0 0 1 3024.dat
1 0 510 -384 630 1 0 0 0 1 0 0 0 1 3024.dat
1 0 520 -384 710 1 0 0 0 1 0 0 0 1 3023.dat
1 484 540 -384 310 1 0 0 0 1 0 0 0 1 3023.dat
1 484 530 -384 380 0 0 1 0 1 0 -1 0 0 3023.dat
1 0 540 -384 410 1 0 0 0 1 0 0 0 1 3023.dat
1 484 530 -384 440 0 0 1 0 1 0 -1 0 0 3023.dat
1 0 530 -384 470 1 0 0 0 1 0 0 0 1 3024.dat
1 484 530 -384 510 0 0 1 0 1 0 -1 0 0 3623.dat
1 484 530 -384 600 0 0 1 0 1 0 -1 0 0 3710.dat
1 484 530 -384 690 1 0 0 0 1 0 0 0 1 3024.dat
1 484 640 -384 730 1 0 0 0 1 0 0 0 1 60479.dat
1 484 660 -384 90 1 0 0 0 1 0 0 0 1 60479.dat
1 484 550 -384 200 0 0 1 0 1 0 -1 0 0 4477.dat
1 72 570 -384 370 1 0 0 0 1 0 0 0 1 3623.dat
1 0 550 -384 570 1 0 0 0 1 0 0 0 1 3024.dat
1 72 550 -384 590 1 0 0 0 1 0 0 0 1 3024.dat
1 72 570 -384 630 1 0 0 0 1 0 0 0 1 3623.dat
1 0 570 -384 820 0 0 1 0 1 0 -1 0 0 3710.dat
1 484 590 -384 770 0 0 1 0 1 0 -1 0 0 3623.dat
1 0 590 -384 870 0 0 1 0 1 0 -1 0 0 3623.dat
1 0 700 -384 790 1 0 0 0 1 0 0 0 1 4477.dat
1 0 610 -384 900 0 0 1 0 1 0 -1 0 0 3023.dat
1 0 630 -384 920 0 0 1 0 1 0 -1 0 0 3023.dat
1 0 700 -384 930 1 0 0 0 1 0 0 0 1 3666.dat
1 0 710 -384 950 1 0 0 0 1 0 0 0 1 3024.dat
1 484 820 -384 730 1 0 0 0 1 0 0 0 1 3666.dat
1 0 780 -384 910 1 0 0 0 1 0 0 0 1 3023.dat
1 0 770 -384 930 1 0 0 0 1 0 0 0 1 3024.dat
1 484 820 -384 90 1 0 0 0 1 0 0 0 1 3710.dat
1 0 800 -384 890 1 0 0 0 1 0 0 0 1 3023.dat
1 72 830 -384 370 1 0 0 0 1 0 0 0 1 3623.dat
1 72 830 -384 630 1 0 0 0 1 0 0 0 1 3623.dat
1 484 820 -384 770 1 0 0 0 1 0 0 0 1 3023.dat
1 484 810 -384 790 1 0 0 0 1 0 0 0 1 3024.dat
1 0 820 -384 850 1 0 0 0 1 0 0 0 1 3023.dat
1 0 810 -384 870 1 0 0 0 1 0 0 0 1 3024.dat
1 484 830 -384 750 1 0 0 0 1 0 0 0 1 3024.dat
1 0 830 -384 810 0 0 1 0 1 0 -1 0 0 3623.dat
1 484 850 -384 200 0 0 1 0 1 0 -1 0 0 4477.dat
1 484 860 -384 310 1 0 0 0 1 0 0 0 1 3023.dat
1 0 860 -384 410 1 0 0 0 1 0 0 0 1 3023.dat
1 0 850 -384 570 1 0 0 0 1 0 0 0 1 3024.dat
1 72 850 -384 590 1 0 0 0 1 0 0 0 1 3024.dat
1 0 880 -384 200 0 0 1 0 1 0 -1 0 0 3795.dat
1 0 880 -384 270 1 0 0 0 1 0 0 0 1 3023.dat
1 72 890 -384 340 1 0 0 0 1 0 0 0 1 3021.dat
1 484 870 -384 380 0 0 1 0 1 0 -1 0 0 3023.dat
1 484 870 -384 440 0 0 1 0 1 0 -1 0 0 3023.dat
1 0 870 -384 470 1 0 0 0 1 0 0 0 1 3024.dat
1 484 870 -384 510 0 0 1 0 1 0 -1 0 0 3623.dat
1 0 890 -384 550 1 0 0 0 1 0 0 0 1 3623.dat
1 484 870 -384 600 0 0 1 0 1 0 -1 0 0 3710.dat
1 72 890 -384 660 1 0 0 0 1 0 0 0 1 3021.dat
1 484 870 -384 690 1 0 0 0 1 0 0 0 1 3024.dat
1 0 890 -384 710 1 0 0 0 1 0 0 0 1 3623.dat
1 0 900 -384 310 1 0 0 0 1 0 0 0 1 3023.dat
1 72 890 -384 440 0 0 1 0 1 0 -1 0 0 3460.dat
1 72 890 -384 530 1 0 0 0 1 0 0 0 1 3024.dat
1 72 890 -384 600 0 0 1 0 1 0 -1 0 0 3710.dat
1 0 910 -384 420 0 0 1 0 1 0 -1 0 0 3666.dat
1 0 910 -384 570 1 0 0 0 1 0 0 0 1 3024.dat
1 72 920 -384 590 1 0 0 0 1 0 0 0 1 3023.dat
1 0 910 -384 620 0 0 1 0 1 0 -1 0 0 3023.dat
1 0 910 -384 690 1 0 0 0 1 0 0 0 1 3024.dat
1 72 930 -384 480 0 0 1 0 1 0 -1 0 0 3460.dat
1 72 930 -384 570 1 0 0 0 1 0 0 0 1 3024.dat
1 0 970 -384 410 1 0 0 0 1 0 0 0 1 3623.dat
1 0 980 -384 570 1 0 0 0 1 0 0 0 1 3710.dat
1 0 1000 -384 430 1 0 0 0 1 0 0 0 1 3710.dat
1 0 1030 -384 550 1 0 0 0 1 0 0 0 1 3623.dat
1 0 1030 -384 570 1 0 0 0 1 0 0 0 1 3024.dat
1 0 1050 -384 440 0 0 1 0 1 0 -1 0 0 3023.dat
1 0 1060 -384 530 1 0 0 0 1 0 0 0 1 3023.dat
1 0 1070 -384 480 0 0 1 0 1 0 -1 0 0 3710.dat
1 0 1090 -384 480 0 0 1 0 1 0 -1 0 0 3023.dat
1 0 340 -392 500 0 0 1 0 1 0 -1 0 0 3020.dat
1 0 360 -392 450 1 0 0 0 1 0 0 0 1 3023.dat
1 0 400 -392 430 1 0 0 0 1 0 0 0 1 3710.dat
1 0 370 -392 540 0 0 1 0 1 0 -1 0 0 3023.dat
1 0 400 -392 560 1 0 0 0 1 0 0 0 1 3022.dat
1 0 460 -392 570 1 0 0 0 1 0 0 0 1 3710.dat
1 0 450 -392 430 1 0 0 0 1 0 0 0 1 3024.dat
1 72 470 -392 480 0 0 1 0 1 0 -1 0 0 3460.dat
1 72 500 -392 590 1 0 0 0 1 0 0 0 1 3710.dat
1 0 500 -392 310 1 0 0 0 1 0 0 0 1 3023.dat
1 72 510 -392 340 1 0 0 0 1 0 0 0 1 3021.dat
1 0 500 -392 370 1 0 0 0 1 0 0 0 1 3023.dat
1 0 490 -392 390 1 0 0 0 1 0 0 0 1 3024.dat
1 72 520 -392 410 1 0 0 0 1 0 0 0 1 3710.dat
1 0 520 -392 430 1 0 0 0 1 0 0 0 1 3710.dat
1 0 490 -392 460 0 0 1 0 1 0 -1 0 0 3023.dat
1 0 510 -392 550 1 0 0 0 1 0 0 0 1 3623.dat
1 0 490 -392 620 0 0 1 0 1 0 -1 0 0 3023.dat
1 72 510 -392 660 1 0 0 0 1 0 0 0 1 3021.dat
1 0 490 -392 700 0 0 1 0 1 0 -1 0 0 3023.dat
1 72 510 -392 390 1 0 0 0 1 0 0 0 1 3024.dat
1 72 510 -392 480 0 0 1 0 1 0 -1 0 0 3710.dat
1 72 510 -392 530 1 0 0 0 1 0 0 0 1 3024.dat
1 0 510 -392 570 1 0 0 0 1 0 0 0 1 3024.dat
1 72 510 -392 610 1 0 0 0 1 0 0 0 1 3024.dat
1 0 510 -392 630 1 0 0 0 1 0 0 0 1 3024.dat
1 0 520 -392 710 1 0 0 0 1 0 0 0 1 3023.dat
1 484 540 -392 310 1 0 0 0 1 0 0 0 1 3023.dat
1 484 530 -392 380 0 0 1 0 1 0 -1 0 0 3023.dat
1 484 530 -392 450 1 0 0 0 1 0 0 0 1 3024.dat
1 0 530 -392 470 1 0 0 0 1 0 0 0 1 3024.dat
1 484 530 -392 510 0 0 1 0 1 0 -1 0 0 3623.dat
1 484 530 -392 570 1 0 0 0 1 0 0 0 1 3024.dat
1 484 530 -392 620 0 0 1 0 1 0 -1 0 0 3023.dat
1 484 530 -392 690 1 0 0 0 1 0 0 0 1 3024.dat
1 484 640 -392 730 1 0 0 0 1 0 0 0 1 60479.dat
1 484 660 -392 70 1 0 0 0 1 0 0 0 1 60479.dat
1 484 550 -392 180 0 0 1 0 1 0 -1 0 0 4477.dat
1 484 550 -392 290 1 0 0 0 1 0 0 0 1 3024.dat
1 72 570 -392 370 1 0 0 0 1 0 0 0 1 3623.dat
1 0 550 -392 570 1 0 0 0 1 0 0 0 1 3024.dat
1 72 550 -392 610 0 0 1 0 1 0 -1 0 0 3623.dat
1 72 580 -392 620 1 0 0 0 1 0 0 0 1 3022.dat
1 0 570 -392 810 0 0 1 0 1 0 -1 0 0 3623.dat
1 484 590 -392 770 0 0 1 0 1 0 -1 0 0 3623.dat
1 0 590 -392 860 0 0 1 0 1 0 -1 0 0 3710.dat
1 0 700 -392 790 1 0 0 0 1 0 0 0 1 4477.dat
1 0 610 -392 900 0 0 1 0 1 0 -1 0 0 3023.dat
1 0 640 -392 910 1 0 0 0 1 0 0 0 1 3023.dat
1 0 700 -392 930 1 0 0 0 1 0 0 0 1 3666.dat
1 484 700 -392 90 1 0 0 0 1 0 0 0 1 3710.dat
1 484 750 -392 90 1 0 0 0 1 0 0 0 1 3024.dat
1 484 820 -392 730 1 0 0 0 1 0 0 0 1 3666.dat
1 0 780 -392 910 1 0 0 0 1 0 0 0 1 3023.dat
1 0 770 -392 930 1 0 0 0 1 0 0 0 1 3024.dat
1 484 820 -392 70 1 0 0 0 1 0 0 0 1 3710.dat
1 0 800 -392 890 1 0 0 0 1 0 0 0 1 3023.dat
1 72 830 -392 370 1 0 0 0 1 0 0 0 1 3623.dat
1 72 830 -392 620 1 0 0 0 1 0 0 0 1 3021.dat
1 484 820 -392 770 1 0 0 0 1 0 0 0 1 3023.dat
1 484 810 -392 790 1 0 0 0 1 0 0 0 1 3024.dat
1 0 820 -392 850 1 0 0 0 1 0 0 0 1 3023.dat
1 0 810 -392 870 1 0 0 0 1 0 0 0 1 3024.dat
1 484 830 -392 750 1 0 0 0 1 0 0 0 1 3024.dat
1 0 830 -392 810 0 0 1 0 1 0 -1 0 0 3623.dat
1 484 850 -392 200 0 0 1 0 1 0 -1 0 0 60479.dat
1 72 880 -392 410 1 0 0 0 1 0 0 0 1 3710.dat
1 0 880 -392 430 1 0 0 0 1 0 0 0 1 3710.dat
1 0 850 -392 570 1 0 0 0 1 0 0 0 1 3024.dat
1 72 850 -392 590 1 0 0 0 1 0 0 0 1 3024.dat
1 484 870 -392 310 1 0 0 0 1 0 0 0 1 3024.dat
1 72 890 -392 340 1 0 0 0 1 0 0 0 1 3021.dat
1 484 870 -392 380 0 0 1 0 1 0 -1 0 0 3023.dat
1 484 870 -392 450 1 0 0 0 1 0 0 0 1 3024.dat
1 0 870 -392 470 1 0 0 0 1 0 0 0 1 3024.dat
1 484 870 -392 510 0 0 1 0 1 0 -1 0 0 3623.dat
1 0 890 -392 550 1 0 0 0 1 0 0 0 1 3623.dat
1 484 870 -392 600 0 0 1 0 1 0 -1 0 0 3710.dat
1 72 890 -392 660 1 0 0 0 1 0 0 0 1 3021.dat
1 484 870 -392 690 1 0 0 0 1 0 0 0 1 3024.dat
1 0 890 -392 710 1 0 0 0 1 0 0 0 1 3623.dat
1 0 900 -392 310 1 0 0 0 1 0 0 0 1 3023.dat
1 72 890 -392 380 0 0 1 0 1 0 -1 0 0 3023.dat
1 72 890 -392 480 0 0 1 0 1 0 -1 0 0 3710.dat
1 72 890 -392 530 1 0 0 0 1 0 0 0 1 3024.dat
1 0 940 -392 570 1 0 0 0 1 0 0 0 1 3666.dat
1 72 910 -392 590 1 0 0 0 1 0 0 0 1 3623.dat
1 72 890 -392 620 0 0 1 0 1 0 -1 0 0 3023.dat
1 0 910 -392 380 0 0 1 0 1 0 -1 0 0 3023.dat
1 0 910 -392 460 0 0 1 0 1 0 -1 0 0 3023.dat
1 0 910 -392 620 0 0 1 0 1 0 -1 0 0 3023.dat
1 0 910 -392 690 1 0 0 0 1 0 0 0 1 3024.dat
1 72 930 -392 480 0 0 1 0 1 0 -1 0 0 3460.dat
1 0 980 -392 430 1 0 0 0 1 0 0 0 1 3710.dat
1 0 1030 -392 550 1 0 0 0 1 0 0 0 1 3623.dat
1 0 1010 -392 570 1 0 0 0 1 0 0 0 1 3024.dat
1 0 1030 -392 440 0 0 1 0 1 0 -1 0 0 3023.dat
1 0 1050 -392 530 1 0 0 0 1 0 0 0 1 3623.dat
1 0 1050 -392 480 0 0 1 0 1 0 -1 0 0 3710.dat
1 0 1070 -392 490 0 0 1 0 1 0 -1 0 0 3623.dat
1 0 350 -400 480 0 0 1 0 1 0 -1 0 0 3710.dat
1 0 360 -400 530 1 0 0 0 1 0 0 0 1 3023.dat
1 0 380 -400 450 1 0 0 0 1 0 0 0 1 3023.dat
1 0 370 -400 470 1 0 0 0 1 0 0 0 1 3024.dat
1 0 390 -400 550 1 0 0 0 1 0 0 0 1 3623.dat
1 0 420 -400 430 1 0 0 0 1 0 0 0 1 3710.dat
1 0 430 -400 570 1 0 0 0 1 0 0 0 1 3623.dat
1 72 470 -400 500 0 0 1 0 1 0 -1 0 0 4477.dat
1 0 500 -400 310 1 0 0 0 1 0 0 0 1 3023.dat
1 72 510 -400 340 1 0 0 0 1 0 0 0 1 3021.dat
1 0 500 -400 370 1 0 0 0 1 0 0 0 1 3023.dat
1 0 490 -400 390 1 0 0 0 1 0 0 0 1 3024.dat
1 72 520 -400 410 1 0 0 0 1 0 0 0 1 3710.dat
1 0 490 -400 450 0 0 1 0 1 0 -1 0 0 3623.dat
1 0 490 -400 580 0 0 1 0 1 0 -1 0 0 3710.dat
1 0 500 -400 630 1 0 0 0 1 0 0 0 1 3023.dat
1 72 510 -400 660 1 0 0 0 1 0 0 0 1 3021.dat
1 0 490 -400 700 0 0 1 0 1 0 -1 0 0 3023.dat
1 72 510 -400 390 1 0 0 0 1 0 0 0 1 3024.dat
1 72 510 -400 480 0 0 1 0 1 0 -1 0 0 3666.dat
1 0 520 -400 550 1 0 0 0 1 0 0 0 1 3023.dat
1 0 510 -400 570 1 0 0 0 1 0 0 0 1 3024.dat
1 72 510 -400 600 0 0 1 0 1 0 -1 0 0 3023.dat
1 0 520 -400 710 1 0 0 0 1 0 0 0 1 3023.dat
1 484 540 -400 310 1 0 0 0 1 0 0 0 1 3023.dat
1 484 530 -400 380 0 0 1 0 1 0 -1 0 0 3023.dat
1 0 540 -400 430 1 0 0 0 1 0 0 0 1 3023.dat
1 484 530 -400 450 1 0 0 0 1 0 0 0 1 3024.dat
1 0 530 -400 470 1 0 0 0 1 0 0 0 1 3024.dat
1 484 530 -400 510 0 0 1 0 1 0 -1 0 0 3623.dat
1 484 530 -400 600 0 0 1 0 1 0 -1 0 0 3710.dat
1 484 530 -400 690 1 0 0 0 1 0 0 0 1 3024.dat
1 484 640 -400 730 1 0 0 0 1 0 0 0 1 60479.dat
1 484 660 -400 70 1 0 0 0 1 0 0 0 1 60479.dat
1 484 550 -400 180 0 0 1 0 1 0 -1 0 0 4477.dat
1 484 550 -400 290 1 0 0 0 1 0 0 0 1 3024.dat
1 72 570 -400 370 1 0 0 0 1 0 0 0 1 3623.dat
1 0 550 -400 570 1 0 0 0 1 0 0 0 1 3024.dat
1 72 550 -400 600 0 0 1 0 1 0 -1 0 0 3023.dat
1 72 580 -400 610 1 0 0 0 1 0 0 0 1 3023.dat
1 0 570 -400 810 0 0 1 0 1 0 -1 0 0 3623.dat
1 484 590 -400 770 0 0 1 0 1 0 -1 0 0 3623.dat
1 0 590 -400 840 0 0 1 0 1 0 -1 0 0 3710.dat
1 0 700 -400 790 1 0 0 0 1 0 0 0 1 4477.dat
1 0 610 -400 890 0 0 1 0 1 0 -1 0 0 3623.dat
1 0 640 -400 910 1 0 0 0 1 0 0 0 1 3023.dat
1 0 700 -400 930 1 0 0 0 1 0 0 0 1 3666.dat
1 0 770 -400 910 1 0 0 0 1 0 0 0 1 3623.dat
1 484 820 -400 730 1 0 0 0 1 0 0 0 1 3666.dat
1 484 820 -400 70 1 0 0 0 1 0 0 0 1 3710.dat
1 0 800 -400 890 1 0 0 0 1 0 0 0 1 3023.dat
1 72 830 -400 370 1 0 0 0 1 0 0 0 1 3623.dat
1 72 830 -400 610 1 0 0 0 1 0 0 0 1 3623.dat
1 484 820 -400 770 1 0 0 0 1 0 0 0 1 3023.dat
1 484 810 -400 790 1 0 0 0 1 0 0 0 1 3024.dat
1 0 820 -400 840 1 0 0 0 1 0 0 0 1 3022.dat
1 0 810 -400 870 1 0 0 0 1 0 0 0 1 3024.dat
1 484 830 -400 750 1 0 0 0 1 0 0 0 1 3024.dat
1 0 830 -400 800 0 0 1 0 1 0 -1 0 0 3023.dat
1 484 850 -400 200 0 0 1 0 1 0 -1 0 0 60479.dat
1 0 860 -400 430 1 0 0 0 1 0 0 0 1 3023.dat
1 0 850 -400 570 1 0 0 0 1 0 0 0 1 3024.dat
1 484 870 -400 310 1 0 0 0 1 0 0 0 1 3024.dat
1 72 890 -400 340 1 0 0 0 1 0 0 0 1 3021.dat
1 484 870 -400 380 0 0 1 0 1 0 -1 0 0 3023.dat
1 72 900 -400 410 1 0 0 0 1 0 0 0 1 3710.dat
1 484 870 -400 450 1 0 0 0 1 0 0 0 1 3024.dat
1 0 870 -400 470 1 0 0 0 1 0 0 0 1 3024.dat
1 484 870 -400 510 0 0 1 0 1 0 -1 0 0 3623.dat
1 0 890 -400 550 1 0 0 0 1 0 0 0 1 3623.dat
1 484 870 -400 600 0 0 1 0 1 0 -1 0 0 3710.dat
1 72 890 -400 660 1 0 0 0 1 0 0 0 1 3021.dat
1 484 870 -400 690 1 0 0 0 1 0 0 0 1 3024.dat
1 0 890 -400 710 1 0 0 0 1 0 0 0 1 3623.dat
1 0 900 -400 310 1 0 0 0 1 0 0 0 1 3023.dat
1 72 890 -400 380 0 0 1 0 1 0 -1 0 0 3023.dat
1 72 890 -400 480 0 0 1 0 1 0 -1 0 0 3666.dat
1 72 890 -400 590 0 0 1 0 1 0 -1 0 0 3623.dat
1 0 910 -400 380 0 0 1 0 1 0 -1 0 0 3023.dat
1 0 910 -400 450 0 0 1 0 1 0 -1 0 0 3623.dat
1 0 910 -400 600 0 0 1 0 1 0 -1 0 0 3710.dat
1 0 910 -400 690 1 0 0 0 1 0 0 0 1 3024.dat
1 72 930 -400 500 0 0 1 0 1 0 -1 0 0 3460.dat
1 72 930 -400 590 1 0 0 0 1 0 0 0 1 3024.dat
1 0 980 -400 430 1 0 0 0 1 0 0 0 1 3710.dat
1 0 970 -400 570 1 0 0 0 1 0 0 0 1 3623.dat
1 0 1010 -400 550 1 0 0 0 1 0 0 0 1 3623.dat
1 0 1030 -400 450 1 0 0 0 1 0 0 0 1 3623.dat
1 0 1040 -400 530 1 0 0 0 1 0 0 0 1 3023.dat
1 0 1050 -400 490 0 0 1 0 1 0 -1 0 0 3623.dat
1 0 360 -408 490 1 0 0 0 1 0 0 0 1 3023.dat
1 0 390 -408 450 1 0 0 0 1 0 0 0 1 3623.dat
1 0 370 -408 470 1 0 0 0 1 0 0 0 1 3024.dat
1 0 370 -408 520 0 0 1 0 1 0 -1 0 0 3023.dat
1 0 390 -408 540 0 0 1 0 1 0 -1 0 0 3023.dat
1 0 430 -408 430 1 0 0 0 1 0 0 0 1 3623.dat
1 0 430 -408 550 1 0 0 0 1 0 0 0 1 3623.dat
1 72 470 -408 480 0 0 1 0 1 0 -1 0 0 3460.dat
1 72 500 -408 570 1 0 0 0 1 0 0 0 1 3710.dat
1 0 500 -408 310 1 0 0 0 1 0 0 0 1 3023.dat
1 72 510 -408 340 1 0 0 0 1 0 0 0 1 3021.dat
1 0 500 -408 370 1 0 0 0 1 0 0 0 1 3023.dat
1 0 490 -408 390 1 0 0 0 1 0 0 0 1 3024.dat
1 72 520 -408 410 1 0 0 0 1 0 0 0 1 3710.dat
1 0 490 -408 450 0 0 1 0 1 0 -1 0 0 3623.dat
1 0 520 -408 550 1 0 0 0 1 0 0 0 1 3710.dat
1 0 490 -408 610 0 0 1 0 1 0 -1 0 0 3623.dat
1 72 510 -408 660 1 0 0 0 1 0 0 0 1 3021.dat
1 0 490 -408 700 0 0 1 0 1 0 -1 0 0 3023.dat
1 72 510 -408 390 1 0 0 0 1 0 0 0 1 3024.dat
1 72 510 -408 480 0 0 1 0 1 0 -1 0 0 3666.dat
1 72 510 -408 600 0 0 1 0 1 0 -1 0 0 3023.dat
1 0 510 -408 630 1 0 0 0 1 0 0 0 1 3024.dat
1 0 520 -408 710 1 0 0 0 1 0 0 0 1 3023.dat
1 72 530 -408 200 0 0 1 0 1 0 -1 0 0 3666.dat
1 72 540 -408 270 1 0 0 0 1 0 0 0 1 3023.dat
1 484 540 -408 310 1 0 0 0 1 0 0 0 1 3023.dat
1 484 530 -408 380 0 0 1 0 1 0 -1 0 0 3023.dat
1 484 530 -408 440 0 0 1 0 1 0 -1 0 0 3023.dat
1 0 530 -408 470 1 0 0 0 1 0 0 0 1 3024.dat
1 484 530 -408 510 0 0 1 0 1 0 -1 0 0 3623.dat
1 484 530 -408 610 0 0 1 0 1 0 -1 0 0 3623.dat
1 484 530 -408 690 1 0 0 0 1 0 0 0 1 3024.dat
1 484 640 -408 730 1 0 0 0 1 0 0 0 1 60479.dat
1 484 660 -408 70 1 0 0 0 1 0 0 0 1 60479.dat
1 484 550 -408 100 0 0 1 0 1 0 -1 0 0 3023.dat
1 72 550 -408 140 0 0 1 0 1 0 -1 0 0 3023.dat
1 484 550 -408 200 0 0 1 0 1 0 -1 0 0 3710.dat
1 484 550 -408 250 1 0 0 0 1 0 0 0 1 3024.dat
1 484 550 -408 290 1 0 0 0 1 0 0 0 1 3024.dat
1 72 570 -408 370 1 0 0 0 1 0 0 0 1 3623.dat
1 0 550 -408 430 1 0 0 0 1 0 0 0 1 3024.dat
1 72 550 -408 570 1 0 0 0 1 0 0 0 1 3024.dat
1 72 570 -408 610 1 0 0 0 1 0 0 0 1 3623.dat
1 484 590 -408 770 0 0 1 0 1 0 -1 0 0 3623.dat
1 0 590 -408 840 0 0 1 0 1 0 -1 0 0 3710.dat
1 0 700 -408 790 1 0 0 0 1 0 0 0 1 4477.dat
1 0 610 -408 880 0 0 1 0 1 0 -1 0 0 3023.dat
1 0 630 -408 900 0 0 1 0 1 0 -1 0 0 3023.dat
1 0 650 -408 920 0 0 1 0 1 0 -1 0 0 3023.dat
1 0 700 -408 930 1 0 0 0 1 0 0 0 1 3710.dat
1 0 770 -408 910 1 0 0 0 1 0 0 0 1 3623.dat
1 0 750 -408 930 1 0 0 0 1 0 0 0 1 3024.dat
1 484 820 -408 730 1 0 0 0 1 0 0 0 1 3666.dat
1 484 820 -408 70 1 0 0 0 1 0 0 0 1 3710.dat
1 0 800 -408 870 1 0 0 0 1 0 0 0 1 3023.dat
1 0 790 -408 890 1 0 0 0 1 0 0 0 1 3024.dat
1 72 830 -408 370 1 0 0 0 1 0 0 0 1 3623.dat
1 72 840 -408 610 1 0 0 0 1 0 0 0 1 3710.dat
1 484 820 -408 770 1 0 0 0 1 0 0 0 1 3023.dat
1 484 810 -408 790 1 0 0 0 1 0 0 0 1 3024.dat
1 0 820 -408 820 1 0 0 0 1 0 0 0 1 3022.dat
1 0 810 -408 850 1 0 0 0 1 0 0 0 1 3024.dat
1 484 830 -408 750 1 0 0 0 1 0 0 0 1 3024.dat
1 0 830 -408 790 1 0 0 0 1 0 0 0 1 3024.dat
1 484 850 -408 100 0 0 1 0 1 0 -1 0 0 3023.dat
1 72 850 -408 140 0 0 1 0 1 0 -1 0 0 3023.dat
1 484 850 -408 200 0 0 1 0 1 0 -1 0 0 3710.dat
1 484 850 -408 250 1 0 0 0 1 0 0 0 1 3024.dat
1 72 860 -408 270 1 0 0 0 1 0 0 0 1 3023.dat
1 484 850 -408 300 0 0 1 0 1 0 -1 0 0 3023.dat
1 0 850 -408 430 1 0 0 0 1 0 0 0 1 3024.dat
1 0 880 -408 550 1 0 0 0 1 0 0 0 1 3710.dat
1 72 870 -408 200 0 0 1 0 1 0 -1 0 0 3666.dat
1 484 870 -408 310 1 0 0 0 1 0 0 0 1 3024.dat
1 72 890 -408 340 1 0 0 0 1 0 0 0 1 3021.dat
1 484 870 -408 380 0 0 1 0 1 0 -1 0 0 3023.dat
1 72 900 -408 410 1 0 0 0 1 0 0 0 1 3710.dat
1 484 870 -408 440 0 0 1 0 1 0 -1 0 0 3023.dat
1 0 870 -408 470 1 0 0 0 1 0 0 0 1 3024.dat
1 484 870 -408 510 0 0 1 0 1 0 -1 0 0 3623.dat
1 72 900 -408 570 1 0 0 0 1 0 0 0 1 3710.dat
1 484 870 -408 590 1 0 0 0 1 0 0 0 1 3024.dat
1 484 870 -408 630 1 0 0 0 1 0 0 0 1 3024.dat
1 72 890 -408 660 1 0 0 0 1 0 0 0 1 3021.dat
1 484 870 -408 690 1 0 0 0 1 0 0 0 1 3024.dat
1 0 890 -408 710 1 0 0 0 1 0 0 0 1 3623.dat
1 0 900 -408 310 1 0 0 0 1 0 0 0 1 3023.dat
1 72 890 -408 380 0 0 1 0 1 0 -1 0 0 3023.dat
1 72 890 -408 480 0 0 1 0 1 0 -1 0 0 3666.dat
1 72 890 -408 600 0 0 1 0 1 0 -1 0 0 3023.dat
1 0 910 -408 380 0 0 1 0 1 0 -1 0 0 3023.dat
1 0 910 -408 450 0 0 1 0 1 0 -1 0 0 3623.dat
1 0 910 -408 610 0 0 1 0 1 0 -1 0 0 3623.dat
1 0 910 -408 690 1 0 0 0 1 0 0 0 1 3024.dat
1 72 930 -408 480 0 0 1 0 1 0 -1 0 0 3666.dat
1 72 930 -408 550 1 0 0 0 1 0 0 0 1 3024.dat
1 0 980 -408 430 1 0 0 0 1 0 0 0 1 3710.dat
1 0 980 -408 550 1 0 0 0 1 0 0 0 1 3710.dat
1 0 1020 -408 450 1 0 0 0 1 0 0 0 1 3023.dat
1 0 1020 -408 530 1 0 0 0 1 0 0 0 1 3023.dat
1 0 1030 -408 490 0 0 1 0 1 0 -1 0 0 3623.dat
1 0 1050 -408 490 1 0 0 0 1 0 0 0 1 3024.dat
1 0 380 -416 490 0 0 1 0 1 0 -1 0 0 3021.dat
1 0 420 -416 450 1 0 0 0 1 0 0 0 1 3710.dat
1 0 400 -416 540 1 0 0 0 1 0 0 0 1 3022.dat
1 0 430 -416 430 1 0 0 0 1 0 0 0 1 3623.dat
1 0 440 -416 550 1 0 0 0 1 0 0 0 1 3023.dat
1 72 470 -416 480 0 0 1 0 1 0 -1 0 0 3460.dat
1 72 490 -416 570 1 0 0 0 1 0 0 0 1 3623.dat
1 0 500 -416 310 1 0 0 0 1 0 0 0 1 3023.dat
1 72 510 -416 340 1 0 0 0 1 0 0 0 1 3021.dat
1 0 510 -416 370 1 0 0 0 1 0 0 0 1 3623.dat
1 0 490 -416 390 1 0 0 0 1 0 0 0 1 3024.dat
1 72 520 -416 410 1 0 0 0 1 0 0 0 1 3710.dat
1 0 490 -416 450 0 0 1 0 1 0 -1 0 0 3623.dat
1 0 520 -416 550 1 0 0 0 1 0 0 0 1 3710.dat
1 72 500 -416 590 1 0 0 0 1 0 0 0 1 3023.dat
1 0 490 -416 620 0 0 1 0 1 0 -1 0 0 3023.dat
1 72 510 -416 660 1 0 0 0 1 0 0 0 1 3021.dat
1 0 490 -416 700 0 0 1 0 1 0 -1 0 0 3023.dat
1 72 510 -416 390 1 0 0 0 1 0 0 0 1 3024.dat
1 72 510 -416 480 0 0 1 0 1 0 -1 0 0 3666.dat
1 72 510 -416 610 1 0 0 0 1 0 0 0 1 3024.dat
1 0 520 -416 630 1 0 0 0 1 0 0 0 1 3023.dat
1 0 520 -416 710 1 0 0 0 1 0 0 0 1 3023.dat
1 72 530 -416 200 0 0 1 0 1 0 -1 0 0 3666.dat
1 72 540 -416 270 1 0 0 0 1 0 0 0 1 3023.dat
1 484 540 -416 310 1 0 0 0 1 0 0 0 1 3023.dat
1 484 530 -416 390 1 0 0 0 1 0 0 0 1 3024.dat
1 0 540 -416 430 1 0 0 0 1 0 0 0 1 3023.dat
1 484 530 -416 450 1 0 0 0 1 0 0 0 1 3024.dat
1 0 530 -416 470 1 0 0 0 1 0 0 0 1 3024.dat
1 484 530 -416 510 0 0 1 0 1 0 -1 0 0 3623.dat
1 484 530 -416 590 0 0 1 0 1 0 -1 0 0 3623.dat
1 484 530 -416 690 1 0 0 0 1 0 0 0 1 3024.dat
1 484 680 -416 740 1 0 0 0 1 0 0 0 1 4282.dat
1 484 540 -416 820 0 0 1 0 1 0 -1 0 0 3795.dat
1 484 660 -416 70 1 0 0 0 1 0 0 0 1 60479.dat
1 484 550 -416 100 0 0 1 0 1 0 -1 0 0 3023.dat
1 72 550 -416 140 0 0 1 0 1 0 -1 0 0 3023.dat
1 484 550 -416 200 0 0 1 0 1 0 -1 0 0 3710.dat
1 484 550 -416 250 1 0 0 0 1 0 0 0 1 3024.dat
1 72 550 -416 290 1 0 0 0 1 0 0 0 1 3024.dat
1 72 570 -416 370 1 0 0 0 1 0 0 0 1 3623.dat
1 72 550 -416 570 1 0 0 0 1 0 0 0 1 3024.dat
1 72 570 -416 610 1 0 0 0 1 0 0 0 1 3623.dat
1 484 570 -416 890 1 0 0 0 1 0 0 0 1 3623.dat
1 484 680 -416 770 1 0 0 0 1 0 0 0 1 60479.dat
1 484 570 -416 820 0 0 1 0 1 0 -1 0 0 3710.dat
1 484 680 -416 870 1 0 0 0 1 0 0 0 1 60479.dat
1 484 590 -416 910 1 0 0 0 1 0 0 0 1 3623.dat
1 484 600 -416 790 1 0 0 0 1 0 0 0 1 3023.dat
1 0 590 -416 830 0 0 1 0 1 0 -1 0 0 3623.dat
1 484 620 -416 930 1 0 0 0 1 0 0 0 1 3710.dat
1 484 700 -416 820 1 0 0 0 1 0 0 0 1 3832.dat
1 484 700 -416 850 1 0 0 0 1 0 0 0 1 4477.dat
1 0 610 -416 890 1 0 0 0 1 0 0 0 1 3024.dat
1 484 700 -416 960 1 0 0 0 1 0 0 0 1 3832.dat
1 0 650 -416 790 1 0 0 0 1 0 0 0 1 3623.dat
1 484 700 -416 890 1 0 0 0 1 0 0 0 1 3460.dat
1 0 640 -416 910 1 0 0 0 1 0 0 0 1 3023.dat
1 484 700 -416 990 1 0 0 0 1 0 0 0 1 3460.dat
1 484 700 -416 1010 1 0 0 0 1 0 0 0 1 3666.dat
1 484 700 -416 910 1 0 0 0 1 0 0 0 1 3710.dat
1 0 700 -416 930 1 0 0 0 1 0 0 0 1 3710.dat
1 484 700 -416 1030 1 0 0 0 1 0 0 0 1 3710.dat
1 484 690 -416 790 1 0 0 0 1 0 0 0 1 3024.dat
1 484 700 -416 1050 1 0 0 0 1 0 0 0 1 3023.dat
1 0 740 -416 790 1 0 0 0 1 0 0 0 1 3710.dat
1 484 710 -416 1070 1 0 0 0 1 0 0 0 1 3024.dat
1 0 760 -416 910 1 0 0 0 1 0 0 0 1 3023.dat
1 484 780 -416 930 1 0 0 0 1 0 0 0 1 3710.dat
1 484 820 -416 70 1 0 0 0 1 0 0 0 1 3710.dat
1 484 820 -416 790 1 0 0 0 1 0 0 0 1 3710.dat
1 0 790 -416 890 1 0 0 0 1 0 0 0 1 3024.dat
1 484 810 -416 910 1 0 0 0 1 0 0 0 1 3623.dat
1 72 830 -416 370 1 0 0 0 1 0 0 0 1 3623.dat
1 72 830 -416 610 1 0 0 0 1 0 0 0 1 3623.dat
1 484 840 -416 770 1 0 0 0 1 0 0 0 1 3710.dat
1 0 810 -416 830 0 0 1 0 1 0 -1 0 0 3623.dat
1 484 830 -416 880 1 0 0 0 1 0 0 0 1 3021.dat
1 484 850 -416 820 1 0 0 0 1 0 0 0 1 3021.dat
1 484 850 -416 850 1 0 0 0 1 0 0 0 1 3623.dat
1 484 850 -416 100 0 0 1 0 1 0 -1 0 0 3023.dat
1 72 850 -416 140 0 0 1 0 1 0 -1 0 0 3023.dat
1 484 850 -416 200 0 0 1 0 1 0 -1 0 0 3710.dat
1 484 850 -416 250 1 0 0 0 1 0 0 0 1 3024.dat
1 72 860 -416 270 1 0 0 0 1 0 0 0 1 3023.dat
1 72 850 -416 290 1 0 0 0 1 0 0 0 1 3024.dat
1 484 860 -416 310 1 0 0 0 1 0 0 0 1 3023.dat
1 0 860 -416 430 1 0 0 0 1 0 0 0 1 3023.dat
1 0 880 -416 550 1 0 0 0 1 0 0 0 1 3710.dat
1 484 860 -416 740 1 0 0 0 1 0 0 0 1 3022.dat
1 72 870 -416 200 0 0 1 0 1 0 -1 0 0 3666.dat
1 72 890 -416 340 1 0 0 0 1 0 0 0 1 3021.dat
1 0 890 -416 370 1 0 0 0 1 0 0 0 1 3623.dat
1 484 870 -416 400 0 0 1 0 1 0 -1 0 0 3023.dat
1 484 870 -416 450 1 0 0 0 1 0 0 0 1 3024.dat
1 0 870 -416 470 1 0 0 0 1 0 0 0 1 3024.dat
1 484 870 -416 510 0 0 1 0 1 0 -1 0 0 3623.dat
1 484 870 -416 590 0 0 1 0 1 0 -1 0 0 3623.dat
1 0 890 -416 630 1 0 0 0 1 0 0 0 1 3623.dat
1 72 890 -416 660 1 0 0 0 1 0 0 0 1 3021.dat
1 484 870 -416 690 1 0 0 0 1 0 0 0 1 3024.dat
1 0 890 -416 710 1 0 0 0 1 0 0 0 1 3623.dat
1 484 870 -416 790 1 0 0 0 1 0 0 0 1 3024.dat
1 484 870 -416 870 1 0 0 0 1 0 0 0 1 3024.dat
1 0 900 -416 310 1 0 0 0 1 0 0 0 1 3023.dat
1 72 890 -416 460 0 0 1 0 1 0 -1 0 0 3460.dat
1 72 900 -416 580 1 0 0 0 1 0 0 0 1 3022.dat
1 72 890 -416 610 1 0 0 0 1 0 0 0 1 3024.dat
1 0 910 -416 390 1 0 0 0 1 0 0 0 1 3024.dat
1 72 920 -416 410 1 0 0 0 1 0 0 0 1 3023.dat
1 0 910 -416 450 0 0 1 0 1 0 -1 0 0 3623.dat
1 0 910 -416 610 1 0 0 0 1 0 0 0 1 3024.dat
1 0 910 -416 690 1 0 0 0 1 0 0 0 1 3024.dat
1 72 930 -416 500 0 0 1 0 1 0 -1 0 0 3460.dat
1 0 970 -416 440 1 0 0 0 1 0 0 0 1 3021.dat
1 0 980 -416 550 1 0 0 0 1 0 0 0 1 3710.dat
1 0 1000 -416 530 1 0 0 0 1 0 0 0 1 3023.dat
1 0 1010 -416 460 0 0 1 0 1 0 -1 0 0 3023.dat
1 0 1020 -416 510 1 0 0 0 1 0 0 0 1 3023.dat
1 0 1030 -416 480 0 0 1 0 1 0 -1 0 0 3023.dat
1 0 390 -424 500 0 0 1 0 1 0 -1 0 0 3710.dat
1 0 430 -424 450 1 0 0 0 1 0 0 0 1 3623.dat
1 0 410 -424 470 1 0 0 0 1 0 0 0 1 3024.dat
1 0 410 -424 530 0 0 1 0 1 0 -1 0 0 3623.dat
1 0 440 -424 540 1 0 0 0 1 0 0 0 1 3022.dat
1 72 470 -424 500 0 0 1 0 1 0 -1 0 0 3460.dat
1 0 500 -424 310 1 0 0 0 1 0 0 0 1 3023.dat
1 72 510 -424 340 1 0 0 0 1 0 0 0 1 3021.dat
1 0 510 -424 370 1 0 0 0 1 0 0 0 1 3623.dat
1 0 490 -424 400 0 0 1 0 1 0 -1 0 0 3023.dat
1 72 500 -424 430 1 0 0 0 1 0 0 0 1 3023.dat
1 0 490 -424 460 0 0 1 0 1 0 -1 0 0 3023.dat
1 0 490 -424 540 0 0 1 0 1 0 -1 0 0 3023.dat
1 72 500 -424 570 1 0 0 0 1 0 0 0 1 3023.dat
1 0 510 -424 600 1 0 0 0 1 0 0 0 1 3021.dat
1 0 510 -424 630 1 0 0 0 1 0 0 0 1 3623.dat
1 72 510 -424 660 1 0 0 0 1 0 0 0 1 3021.dat
1 0 510 -424 700 1 0 0 0 1 0 0 0 1 3021.dat
1 72 510 -424 400 0 0 1 0 1 0 -1 0 0 3023.dat
1 72 510 -424 480 0 0 1 0 1 0 -1 0 0 3710.dat
1 72 510 -424 530 1 0 0 0 1 0 0 0 1 3024.dat
1 0 530 -424 550 1 0 0 0 1 0 0 0 1 3623.dat
1 484 540 -424 310 1 0 0 0 1 0 0 0 1 3023.dat
1 0 530 -424 420 0 0 1 0 1 0 -1 0 0 3710.dat
1 0 530 -424 470 1 0 0 0 1 0 0 0 1 3024.dat
1 484 530 -424 510 0 0 1 0 1 0 -1 0 0 3623.dat
1 0 530 -424 570 1 0 0 0 1 0 0 0 1 3024.dat
1 484 640 -424 730 1 0 0 0 1 0 0 0 1 60479.dat
1 484 530 -424 800 0 0 1 0 1 0 -1 0 0 3666.dat
1 484 540 -424 870 1 0 0 0 1 0 0 0 1 3023.dat
1 484 660 -424 70 1 0 0 0 1 0 0 0 1 60479.dat
1 484 550 -424 180 0 0 1 0 1 0 -1 0 0 4477.dat
1 484 550 -424 290 1 0 0 0 1 0 0 0 1 3024.dat
1 72 570 -424 380 1 0 0 0 1 0 0 0 1 3021.dat
1 72 550 -424 430 1 0 0 0 1 0 0 0 1 3024.dat
1 0 550 -424 450 1 0 0 0 1 0 0 0 1 3024.dat
1 0 550 -424 530 1 0 0 0 1 0 0 0 1 3024.dat
1 72 550 -424 570 1 0 0 0 1 0 0 0 1 3024.dat
1 72 570 -424 610 1 0 0 0 1 0 0 0 1 3623.dat
1 484 560 -424 890 1 0 0 0 1 0 0 0 1 3023.dat
1 484 570 -424 910 1 0 0 0 1 0 0 0 1 3024.dat
1 0 700 -424 790 1 0 0 0 1 0 0 0 1 60479.dat
1 0 590 -424 840 0 0 1 0 1 0 -1 0 0 3710.dat
1 484 590 -424 940 0 0 1 0 1 0 -1 0 0 3023.dat
1 0 610 -424 880 0 0 1 0 1 0 -1 0 0 3023.dat
1 484 610 -424 960 0 0 1 0 1 0 -1 0 0 3023.dat
1 0 630 -424 900 0 0 1 0 1 0 -1 0 0 3023.dat
1 484 630 -424 980 0 0 1 0 1 0 -1 0 0 3023.dat
1 0 660 -424 910 1 0 0 0 1 0 0 0 1 3023.dat
1 484 650 -424 1000 0 0 1 0 1 0 -1 0 0 3023.dat
1 0 700 -424 930 1 0 0 0 1 0 0 0 1 3710.dat
1 484 670 -424 1040 0 0 1 0 1 0 -1 0 0 3023.dat
1 484 710 -424 1050 1 0 0 0 1 0 0 0 1 3623.dat
1 484 710 -424 1070 1 0 0 0 1 0 0 0 1 3024.dat
1 0 750 -424 910 1 0 0 0 1 0 0 0 1 3623.dat
1 484 730 -424 1030 1 0 0 0 1 0 0 0 1 3024.dat
1 484 750 -424 1010 1 0 0 0 1 0 0 0 1 3024.dat
1 484 820 -424 730 1 0 0 0 1 0 0 0 1 3666.dat
1 0 780 -424 890 1 0 0 0 1 0 0 0 1 3023.dat
1 484 780 -424 970 1 0 0 0 1 0 0 0 1 3023.dat
1 484 770 -424 990 1 0 0 0 1 0 0 0 1 3024.dat
1 484 820 -424 70 1 0 0 0 1 0 0 0 1 3710.dat
1 0 800 -424 870 1 0 0 0 1 0 0 0 1 3023.dat
1 484 800 -424 950 1 0 0 0 1 0 0 0 1 3023.dat
1 72 830 -424 380 1 0 0 0 1 0 0 0 1 3021.dat
1 72 830 -424 610 1 0 0 0 1 0 0 0 1 3623.dat
1 0 810 -424 830 0 0 1 0 1 0 -1 0 0 3623.dat
1 484 820 -424 930 1 0 0 0 1 0 0 0 1 3023.dat
1 484 830 -424 910 1 0 0 0 1 0 0 0 1 3024.dat
1 484 850 -424 200 0 0 1 0 1 0 -1 0 0 60479.dat
1 0 860 -424 450 1 0 0 0 1 0 0 0 1 3023.dat
1 0 850 -424 540 0 0 1 0 1 0 -1 0 0 3023.dat
1 484 860 -424 870 1 0 0 0 1 0 0 0 1 3023.dat
1 484 850 -424 890 1 0 0 0 1 0 0 0 1 3024.dat
1 484 870 -424 310 1 0 0 0 1 0 0 0 1 3024.dat
1 72 890 -424 340 1 0 0 0 1 0 0 0 1 3021.dat
1 0 870 -424 400 0 0 1 0 1 0 -1 0 0 3710.dat
1 0 870 -424 470 1 0 0 0 1 0 0 0 1 3024.dat
1 484 870 -424 510 0 0 1 0 1 0 -1 0 0 3623.dat
1 0 870 -424 580 0 0 1 0 1 0 -1 0 0 3710.dat
1 0 890 -424 630 1 0 0 0 1 0 0 0 1 3623.dat
1 72 890 -424 660 1 0 0 0 1 0 0 0 1 3021.dat
1 0 890 -424 700 1 0 0 0 1 0 0 0 1 3021.dat
1 484 870 -424 800 0 0 1 0 1 0 -1 0 0 3666.dat
1 0 900 -424 310 1 0 0 0 1 0 0 0 1 3023.dat
1 0 900 -424 370 1 0 0 0 1 0 0 0 1 3023.dat
1 72 890 -424 460 0 0 1 0 1 0 -1 0 0 3460.dat
1 0 900 -424 550 1 0 0 0 1 0 0 0 1 3023.dat
1 72 910 -424 570 1 0 0 0 1 0 0 0 1 3623.dat
1 0 900 -424 600 1 0 0 0 1 0 0 0 1 3022.dat
1 0 910 -424 400 0 0 1 0 1 0 -1 0 0 3023.dat
1 72 920 -424 430 1 0 0 0 1 0 0 0 1 3023.dat
1 0 910 -424 460 0 0 1 0 1 0 -1 0 0 3023.dat
1 0 910 -424 530 1 0 0 0 1 0 0 0 1 3024.dat
1 72 930 -424 500 0 0 1 0 1 0 -1 0 0 3666.dat
1 0 980 -424 450 1 0 0 0 1 0 0 0 1 3710.dat
1 0 970 -424 540 1 0 0 0 1 0 0 0 1 3021.dat
1 0 1000 -424 470 1 0 0 0 1 0 0 0 1 3023.dat
1 0 1010 -424 510 0 0 1 0 1 0 -1 0 0 3623.dat
1 0 430 -432 460 1 0 0 0 1 0 0 0 1 3021.dat
1 0 410 -432 510 0 0 1 0 1 0 -1 0 0 3623.dat
1 0 440 -432 530 1 0 0 0 1 0 0 0 1 3023.dat
1 0 450 -432 510 1 0 0 0 1 0 0 0 1 3024.dat
1 72 470 -432 480 0 0 1 0 1 0 -1 0 0 3666.dat
1 72 490 -432 550 1 0 0 0 1 0 0 0 1 3623.dat
1 72 500 -432 430 1 0 0 0 1 0 0 0 1 3023.dat
1 0 490 -432 460 0 0 1 0 1 0 -1 0 0 3023.dat
1 0 490 -432 530 1 0 0 0 1 0 0 0 1 3024.dat
1 72 510 -432 400 0 0 1 0 1 0 -1 0 0 3023.dat
1 72 510 -432 480 0 0 1 0 1 0 -1 0 0 3710.dat
1 72 510 -432 530 1 0 0 0 1 0 0 0 1 3024.dat
1 72 510 -432 590 0 0 1 0 1 0 -1 0 0 3623.dat
1 0 530 -432 320 0 0 1 0 1 0 -1 0 0 3710.dat
1 0 530 -432 370 1 0 0 0 1 0 0 0 1 3024.dat
1 484 530 -432 410 0 0 1 0 1 0 -1 0 0 3623.dat
1 0 540 -432 460 1 0 0 0 1 0 0 0 1 3022.dat
1 484 530 -432 500 0 0 1 0 1 0 -1 0 0 3023.dat
1 0 540 -432 530 1 0 0 0 1 0 0 0 1 3023.dat
1 484 530 -432 570 0 0 1 0 1 0 -1 0 0 3623.dat
1 72 560 -432 610 1 0 0 0 1 0 0 0 1 3710.dat
1 0 530 -432 630 1 0 0 0 1 0 0 0 1 3024.dat
1 484 530 -432 760 0 0 1 0 1 0 -1 0 0 60479.dat
1 0 700 -432 60 1 0 0 0 1 0 0 0 1 4282.dat
1 0 550 -432 180 0 0 1 0 1 0 -1 0 0 4477.dat
1 0 550 -432 290 1 0 0 0 1 0 0 0 1 3024.dat
1 484 550 -432 310 1 0 0 0 1 0 0 0 1 3024.dat
1 72 570 -432 390 1 0 0 0 1 0 0 0 1 3623.dat
1 72 550 -432 430 1 0 0 0 1 0 0 0 1 3024.dat
1 72 550 -432 550 1 0 0 0 1 0 0 0 1 3024.dat
1 484 660 -432 730 1 0 0 0 1 0 0 0 1 60479.dat
1 484 550 -432 890 0 0 1 0 1 0 -1 0 0 3623.dat
1 484 570 -432 920 0 0 1 0 1 0 -1 0 0 3023.dat
1 0 700 -432 790 1 0 0 0 1 0 0 0 1 60479.dat
1 0 590 -432 830 0 0 1 0 1 0 -1 0 0 3623.dat
1 484 590 -432 940 0 0 1 0 1 0 -1 0 0 3023.dat
1 0 610 -432 870 0 0 1 0 1 0 -1 0 0 3623.dat
1 484 610 -432 960 0 0 1 0 1 0 -1 0 0 3023.dat
1 0 630 -432 900 0 0 1 0 1 0 -1 0 0 3023.dat
1 484 630 -432 990 1 0 0 0 1 0 0 0 1 3024.dat
1 0 670 -432 910 1 0 0 0 1 0 0 0 1 3623.dat
1 484 650 -432 1020 0 0 1 0 1 0 -1 0 0 3023.dat
1 0 700 -432 930 1 0 0 0 1 0 0 0 1 3710.dat
1 484 670 -432 1040 0 0 1 0 1 0 -1 0 0 3023.dat
1 484 710 -432 1050 1 0 0 0 1 0 0 0 1 3623.dat
1 0 750 -432 910 1 0 0 0 1 0 0 0 1 3623.dat
1 484 740 -432 1030 1 0 0 0 1 0 0 0 1 3023.dat
1 484 760 -432 1010 1 0 0 0 1 0 0 0 1 3023.dat
1 0 780 -432 890 1 0 0 0 1 0 0 0 1 3023.dat
1 484 770 -432 990 1 0 0 0 1 0 0 0 1 3024.dat
1 484 820 -432 730 1 0 0 0 1 0 0 0 1 3710.dat
1 0 800 -432 870 1 0 0 0 1 0 0 0 1 3023.dat
1 484 790 -432 970 1 0 0 0 1 0 0 0 1 3024.dat
1 72 830 -432 390 1 0 0 0 1 0 0 0 1 3623.dat
1 72 840 -432 610 1 0 0 0 1 0 0 0 1 3710.dat
1 0 810 -432 830 0 0 1 0 1 0 -1 0 0 3623.dat
1 484 820 -432 930 1 0 0 0 1 0 0 0 1 3023.dat
1 484 810 -432 950 1 0 0 0 1 0 0 0 1 3024.dat
1 484 840 -432 910 1 0 0 0 1 0 0 0 1 3023.dat
1 0 850 -432 180 0 0 1 0 1 0 -1 0 0 4477.dat
1 0 860 -432 290 1 0 0 0 1 0 0 0 1 3023.dat
1 484 850 -432 310 1 0 0 0 1 0 0 0 1 3024.dat
1 0 860 -432 460 1 0 0 0 1 0 0 0 1 3022.dat
1 0 860 -432 530 1 0 0 0 1 0 0 0 1 3023.dat
1 484 860 -432 870 1 0 0 0 1 0 0 0 1 3023.dat
1 484 850 -432 890 1 0 0 0 1 0 0 0 1 3024.dat
1 0 870 -432 340 0 0 1 0 1 0 -1 0 0 3710.dat
1 484 870 -432 400 0 0 1 0 1 0 -1 0 0 3023.dat
1 72 900 -432 430 1 0 0 0 1 0 0 0 1 3710.dat
1 484 870 -432 500 0 0 1 0 1 0 -1 0 0 3023.dat
1 72 900 -432 550 1 0 0 0 1 0 0 0 1 3710.dat
1 484 870 -432 580 0 0 1 0 1 0 -1 0 0 3023.dat
1 0 870 -432 630 1 0 0 0 1 0 0 0 1 3024.dat
1 484 870 -432 740 0 0 1 0 1 0 -1 0 0 4477.dat
1 484 870 -432 850 1 0 0 0 1 0 0 0 1 3024.dat
1 72 890 -432 400 0 0 1 0 1 0 -1 0 0 3023.dat
1 72 890 -432 480 0 0 1 0 1 0 -1 0 0 3710.dat
1 72 890 -432 530 1 0 0 0 1 0 0 0 1 3024.dat
1 72 890 -432 590 0 0 1 0 1 0 -1 0 0 3623.dat
1 0 910 -432 460 0 0 1 0 1 0 -1 0 0 3023.dat
1 0 910 -432 530 1 0 0 0 1 0 0 0 1 3024.dat
1 72 930 -432 480 0 0 1 0 1 0 -1 0 0 3710.dat
1 72 930 -432 530 1 0 0 0 1 0 0 0 1 3024.dat
1 0 970 -432 460 1 0 0 0 1 0 0 0 1 3021.dat
1 0 950 -432 520 0 0 1 0 1 0 -1 0 0 3023.dat
1 0 980 -432 530 1 0 0 0 1 0 0 0 1 3023.dat
1 0 1000 -432 500 1 0 0 0 1 0 0 0 1 3022.dat
1 0 1010 -432 470 1 0 0 0 1 0 0 0 1 3024.dat
1 0 430 -440 480 1 0 0 0 1 0 0 0 1 3021.dat
1 0 430 -440 510 1 0 0 0 1 0 0 0 1 3623.dat
1 72 470 -440 480 0 0 1 0 1 0 -1 0 0 3666.dat
1 72 500 -440 550 1 0 0 0 1 0 0 0 1 3710.dat
1 72 500 -440 440 1 0 0 0 1 0 0 0 1 3022.dat
1 0 490 -440 490 0 0 1 0 1 0 -1 0 0 3623.dat
1 72 500 -440 530 1 0 0 0 1 0 0 0 1 3023.dat
1 72 510 -440 400 0 0 1 0 1 0 -1 0 0 3023.dat
1 72 510 -440 490 0 0 1 0 1 0 -1 0 0 3623.dat
1 72 510 -440 580 0 0 1 0 1 0 -1 0 0 3023.dat
1 0 530 -440 320 0 0 1 0 1 0 -1 0 0 3710.dat
1 0 530 -440 370 1 0 0 0 1 0 0 0 1 3024.dat
1 484 530 -440 420 0 0 1 0 1 0 -1 0 0 3710.dat
1 0 540 -440 490 0 0 1 0 1 0 -1 0 0 3021.dat
1 484 530 -440 530 1 0 0 0 1 0 0 0 1 3024.dat
1 484 530 -440 590 0 0 1 0 1 0 -1 0 0 3623.dat
1 0 530 -440 630 1 0 0 0 1 0 0 0 1 3024.dat
1 484 530 -440 760 0 0 1 0 1 0 -1 0 0 60479.dat
1 0 700 -440 60 1 0 0 0 1 0 0 0 1 4282.dat
1 0 550 -440 180 0 0 1 0 1 0 -1 0 0 4477.dat
1 0 550 -440 290 1 0 0 0 1 0 0 0 1 3024.dat
1 484 550 -440 310 1 0 0 0 1 0 0 0 1 3024.dat
1 72 570 -440 390 1 0 0 0 1 0 0 0 1 3623.dat
1 72 550 -440 440 0 0 1 0 1 0 -1 0 0 3023.dat
1 72 550 -440 540 0 0 1 0 1 0 -1 0 0 3023.dat
1 72 570 -440 590 1 0 0 0 1 0 0 0 1 3623.dat
1 484 660 -440 730 1 0 0 0 1 0 0 0 1 60479.dat
1 484 550 -440 890 0 0 1 0 1 0 -1 0 0 3623.dat
1 484 570 -440 930 0 0 1 0 1 0 -1 0 0 3623.dat
1 484 590 -440 960 0 0 1 0 1 0 -1 0 0 3023.dat
1 484 610 -440 980 0 0 1 0 1 0 -1 0 0 3023.dat
1 484 630 -440 1000 0 0 1 0 1 0 -1 0 0 3023.dat
1 484 650 -440 1020 0 0 1 0 1 0 -1 0 0 3023.dat
1 484 670 -440 1040 0 0 1 0 1 0 -1 0 0 3023.dat
1 484 710 -440 1050 1 0 0 0 1 0 0 0 1 3623.dat
1 484 740 -440 1030 1 0 0 0 1 0 0 0 1 3023.dat
1 484 760 -440 1010 1 0 0 0 1 0 0 0 1 3023.dat
1 484 820 -440 730 1 0 0 0 1 0 0 0 1 3710.dat
1 484 800 -440 970 1 0 0 0 1 0 0 0 1 3023.dat
1 484 790 -440 990 1 0 0 0 1 0 0 0 1 3024.dat
1 72 830 -440 390 1 0 0 0 1 0 0 0 1 3623.dat
1 72 830 -440 590 1 0 0 0 1 0 0 0 1 3623.dat
1 484 820 -440 950 1 0 0 0 1 0 0 0 1 3023.dat
1 484 830 -440 930 1 0 0 0 1 0 0 0 1 3024.dat
1 0 850 -440 200 0 0 1 0 1 0 -1 0 0 60479.dat
1 0 860 -440 490 0 0 1 0 1 0 -1 0 0 3021.dat
1 484 850 -440 890 0 0 1 0 1 0 -1 0 0 3623.dat
1 0 870 -440 320 0 0 1 0 1 0 -1 0 0 3710.dat
1 0 870 -440 370 1 0 0 0 1 0 0 0 1 3024.dat
1 484 870 -440 410 0 0 1 0 1 0 -1 0 0 3623.dat
1 72 900 -440 450 1 0 0 0 1 0 0 0 1 3710.dat
1 484 870 -440 530 1 0 0 0 1 0 0 0 1 3024.dat
1 72 900 -440 550 1 0 0 0 1 0 0 0 1 3710.dat
1 484 870 -440 590 0 0 1 0 1 0 -1 0 0 3623.dat
1 0 870 -440 630 1 0 0 0 1 0 0 0 1 3024.dat
1 484 870 -440 760 0 0 1 0 1 0 -1 0 0 60479.dat
1 72 890 -440 410 0 0 1 0 1 0 -1 0 0 3623.dat
1 72 890 -440 500 0 0 1 0 1 0 -1 0 0 3710.dat
1 72 890 -440 580 0 0 1 0 1 0 -1 0 0 3023.dat
1 72 920 -440 430 1 0 0 0 1 0 0 0 1 3023.dat
1 0 910 -440 490 0 0 1 0 1 0 -1 0 0 3623.dat
1 72 920 -440 530 1 0 0 0 1 0 0 0 1 3023.dat
1 72 930 -440 490 0 0 1 0 1 0 -1 0 0 3623.dat
1 0 970 -440 480 1 0 0 0 1 0 0 0 1 3021.dat
1 0 970 -440 510 1 0 0 0 1 0 0 0 1 3623.dat
1 72 490 -448 460 1 0 0 0 1 0 0 0 1 3021.dat
1 72 470 -448 510 0 0 1 0 1 0 -1 0 0 3623.dat
1 72 500 -448 520 1 0 0 0 1 0 0 0 1 3022.dat
1 72 510 -448 410 0 0 1 0 1 0 -1 0 0 3623.dat
1 72 510 -448 490 1 0 0 0 1 0 0 0 1 3024.dat
1 72 510 -448 570 0 0 1 0 1 0 -1 0 0 3623.dat
1 484 540 -448 310 1 0 0 0 1 0 0 0 1 3023.dat
1 0 530 -448 350 0 0 1 0 1 0 -1 0 0 3623.dat
1 484 530 -448 420 0 0 1 0 1 0 -1 0 0 3710.dat
1 72 530 -448 470 1 0 0 0 1 0 0 0 1 3024.dat
1 484 530 -448 500 0 0 1 0 1 0 -1 0 0 3023.dat
1 72 540 -448 530 1 0 0 0 1 0 0 0 1 3023.dat
1 484 530 -448 560 0 0 1 0 1 0 -1 0 0 3023.dat
1 72 560 -448 590 1 0 0 0 1 0 0 0 1 3710.dat
1 484 530 -448 610 1 0 0 0 1 0 0 0 1 3024.dat
1 0 530 -448 630 1 0 0 0 1 0 0 0 1 3024.dat
1 484 530 -448 650 1 0 0 0 1 0 0 0 1 3024.dat
1 0 530 -448 670 1 0 0 0 1 0 0 0 1 3024.dat
1 484 530 -448 780 0 0 1 0 1 0 -1 0 0 4477.dat
1 484 660 -448 50 1 0 0 0 1 0 0 0 1 60479.dat
1 484 550 -448 180 0 0 1 0 1 0 -1 0 0 60479.dat
1 72 570 -448 400 1 0 0 0 1 0 0 0 1 3021.dat
1 72 550 -448 450 1 0 0 0 1 0 0 0 1 3024.dat
1 484 660 -448 730 1 0 0 0 1 0 0 0 1 60479.dat
1 484 550 -448 890 0 0 1 0 1 0 -1 0 0 3623.dat
1 484 570 -448 930 0 0 1 0 1 0 -1 0 0 3623.dat
1 484 590 -448 960 0 0 1 0 1 0 -1 0 0 3023.dat
1 484 610 -448 990 1 0 0 0 1 0 0 0 1 3024.dat
1 484 640 -448 1010 1 0 0 0 1 0 0 0 1 3023.dat
1 484 700 -448 70 1 0 0 0 1 0 0 0 1 3666.dat
1 484 660 -448 1030 1 0 0 0 1 0 0 0 1 3023.dat
1 484 700 -448 1050 1 0 0 0 1 0 0 0 1 3710.dat
1 484 740 -448 1030 1 0 0 0 1 0 0 0 1 3023.dat
1 484 770 -448 1010 1 0 0 0 1 0 0 0 1 3623.dat
1 484 820 -448 50 1 0 0 0 1 0 0 0 1 3710.dat
1 484 820 -448 730 1 0 0 0 1 0 0 0 1 3710.dat
1 484 790 -448 990 1 0 0 0 1 0 0 0 1 3024.dat
1 72 830 -448 400 1 0 0 0 1 0 0 0 1 3021.dat
1 72 840 -448 590 1 0 0 0 1 0 0 0 1 3710.dat
1 484 820 -448 950 1 0 0 0 1 0 0 0 1 3023.dat
1 484 810 -448 970 1 0 0 0 1 0 0 0 1 3024.dat
1 484 830 -448 930 1 0 0 0 1 0 0 0 1 3024.dat
1 484 850 -448 180 0 0 1 0 1 0 -1 0 0 60479.dat
1 484 860 -448 310 1 0 0 0 1 0 0 0 1 3023.dat
1 484 850 -448 890 0 0 1 0 1 0 -1 0 0 3623.dat
1 484 870 -448 330 1 0 0 0 1 0 0 0 1 3024.dat
1 0 870 -448 370 0 0 1 0 1 0 -1 0 0 3623.dat
1 484 870 -448 430 0 0 1 0 1 0 -1 0 0 3623.dat
1 72 900 -448 470 1 0 0 0 1 0 0 0 1 3710.dat
1 484 870 -448 500 0 0 1 0 1 0 -1 0 0 3023.dat
1 72 900 -448 530 1 0 0 0 1 0 0 0 1 3710.dat
1 484 870 -448 560 0 0 1 0 1 0 -1 0 0 3023.dat
1 0 870 -448 630 0 0 1 0 1 0 -1 0 0 3623.dat
1 484 870 -448 760 0 0 1 0 1 0 -1 0 0 4477.dat
1 484 870 -448 870 1 0 0 0 1 0 0 0 1 3024.dat
1 72 890 -448 420 0 0 1 0 1 0 -1 0 0 3710.dat
1 72 890 -448 500 0 0 1 0 1 0 -1 0 0 3023.dat
1 72 890 -448 570 0 0 1 0 1 0 -1 0 0 3623.dat
1 72 920 -448 450 1 0 0 0 1 0 0 0 1 3023.dat
1 72 920 -448 510 1 0 0 0 1 0 0 0 1 3023.dat
1 72 930 -448 490 1 0 0 0 1 0 0 0 1 3024.dat
1 72 500 -456 480 1 0 0 0 1 0 0 0 1 3020.dat
1 72 500 -456 510 1 0 0 0 1 0 0 0 1 3710.dat
1 72 540 -456 410 1 0 0 0 1 0 0 0 1 3710.dat
1 72 510 -456 440 0 0 1 0 1 0 -1 0 0 3023.dat
1 72 510 -456 560 0 0 1 0 1 0 -1 0 0 3710.dat
1 484 540 -456 310 1 0 0 0 1 0 0 0 1 3023.dat
1 0 530 -456 350 0 0 1 0 1 0 -1 0 0 3623.dat
1 484 530 -456 390 1 0 0 0 1 0 0 0 1 3024.dat
1 484 530 -456 440 0 0 1 0 1 0 -1 0 0 3023.dat
1 484 530 -456 560 0 0 1 0 1 0 -1 0 0 3710.dat
1 484 530 -456 610 1 0 0 0 1 0 0 0 1 3024.dat
1 0 530 -456 630 1 0 0 0 1 0 0 0 1 3024.dat
1 484 530 -456 650 1 0 0 0 1 0 0 0 1 3024.dat
1 0 530 -456 670 1 0 0 0 1 0 0 0 1 3024.dat
1 484 530 -456 780 0 0 1 0 1 0 -1 0 0 4477.dat
1 484 660 -456 50 1 0 0 0 1 0 0 0 1 60479.dat
1 484 550 -456 180 0 0 1 0 1 0 -1 0 0 60479.dat
1 72 570 -456 580 1 0 0 0 1 0 0 0 1 3021.dat
1 484 660 -456 730 1 0 0 0 1 0 0 0 1 60479.dat
1 484 550 -456 890 0 0 1 0 1 0 -1 0 0 3623.dat
1 484 570 -456 930 0 0 1 0 1 0 -1 0 0 3623.dat
1 72 590 -456 410 1 0 0 0 1 0 0 0 1 3024.dat
1 484 590 -456 970 0 0 1 0 1 0 -1 0 0 3623.dat
1 484 610 -456 990 1 0 0 0 1 0 0 0 1 3024.dat
1 484 640 -456 1010 1 0 0 0 1 0 0 0 1 3023.dat
1 484 660 -456 1030 1 0 0 0 1 0 0 0 1 3023.dat
1 484 710 -456 1050 1 0 0 0 1 0 0 0 1 3623.dat
1 484 740 -456 1030 1 0 0 0 1 0 0 0 1 3023.dat
1 484 770 -456 1010 1 0 0 0 1 0 0 0 1 3623.dat
1 484 820 -456 50 1 0 0 0 1 0 0 0 1 3710.dat
1 484 820 -456 730 1 0 0 0 1 0 0 0 1 3710.dat
1 484 800 -456 990 1 0 0 0 1 0 0 0 1 3023.dat
1 72 840 -456 410 1 0 0 0 1 0 0 0 1 3710.dat
1 72 830 -456 580 1 0 0 0 1 0 0 0 1 3021.dat
1 484 810 -456 970 1 0 0 0 1 0 0 0 1 3024.dat
1 484 830 -456 940 0 0 1 0 1 0 -1 0 0 3023.dat
1 484 850 -456 180 0 0 1 0 1 0 -1 0 0 60479.dat
1 484 860 -456 310 1 0 0 0 1 0 0 0 1 3023.dat
1 484 850 -456 890 0 0 1 0 1 0 -1 0 0 3623.dat
1 484 870 -456 330 1 0 0 0 1 0 0 0 1 3024.dat
1 0 870 -456 370 0 0 1 0 1 0 -1 0 0 3623.dat
1 484 870 -456 440 0 0 1 0 1 0 -1 0 0 3023.dat
1 72 900 -456 480 1 0 0 0 1 0 0 0 1 3020.dat
1 72 900 -456 510 1 0 0 0 1 0 0 0 1 3710.dat
1 484 870 -456 560 0 0 1 0 1 0 -1 0 0 3710.dat
1 0 870 -456 630 0 0 1 0 1 0 -1 0 0 3623.dat
1 484 870 -456 760 0 0 1 0 1 0 -1 0 0 4477.dat
1 484 870 -456 870 1 0 0 0 1 0 0 0 1 3024.dat
1 72 890 -456 430 0 0 1 0 1 0 -1 0 0 3623.dat
1 72 890 -456 560 0 0 1 0 1 0 -1 0 0 3710.dat
1 72 500 -464 490 1 0 0 0 1 0 0 0 1 3023.dat
1 0 520 -464 330 1 0 0 0 1 0 0 0 1 3023.dat
1 0 520 -464 370 1 0 0 0 1 0 0 0 1 3023.dat
1 72 540 -464 410 1 0 0 0 1 0 0 0 1 3710.dat
1 72 510 -464 450 0 0 1 0 1 0 -1 0 0 3623.dat
1 72 510 -464 540 0 0 1 0 1 0 -1 0 0 3710.dat
1 0 520 -464 630 1 0 0 0 1 0 0 0 1 3023.dat
1 0 520 -464 670 1 0 0 0 1 0 0 0 1 3023.dat
1 484 540 -464 310 1 0 0 0 1 0 0 0 1 3023.dat
1 0 530 -464 350 1 0 0 0 1 0 0 0 1 3024.dat
1 484 530 -464 390 1 0 0 0 1 0 0 0 1 3024.dat
1 484 530 -464 480 0 0 1 0 1 0 -1 0 0 3666.dat
1 484 530 -464 550 1 0 0 0 1 0 0 0 1 3024.dat
1 72 560 -464 570 1 0 0 0 1 0 0 0 1 3710.dat
1 484 530 -464 600 0 0 1 0 1 0 -1 0 0 3023.dat
1 484 530 -464 650 1 0 0 0 1 0 0 0 1 3024.dat
1 484 530 -464 780 0 0 1 0 1 0 -1 0 0 4477.dat
1 484 660 -464 50 1 0 0 0 1 0 0 0 1 60479.dat
1 484 550 -464 180 0 0 1 0 1 0 -1 0 0 60479.dat
1 72 570 -464 430 1 0 0 0 1 0 0 0 1 3623.dat
1 484 660 -464 730 1 0 0 0 1 0 0 0 1 60479.dat
1 484 550 -464 890 0 0 1 0 1 0 -1 0 0 3623.dat
1 484 570 -464 930 0 0 1 0 1 0 -1 0 0 3623.dat
1 72 590 -464 410 1 0 0 0 1 0 0 0 1 3024.dat
1 484 590 -464 970 0 0 1 0 1 0 -1 0 0 3623.dat
1 484 620 -464 990 1 0 0 0 1 0 0 0 1 3023.dat
1 484 640 -464 1010 1 0 0 0 1 0 0 0 1 3023.dat
1 484 660 -464 1030 1 0 0 0 1 0 0 0 1 3023.dat
1 484 710 -464 1050 1 0 0 0 1 0 0 0 1 3623.dat
1 484 740 -464 1030 1 0 0 0 1 0 0 0 1 3023.dat
1 484 760 -464 1010 1 0 0 0 1 0 0 0 1 3023.dat
1 484 820 -464 50 1 0 0 0 1 0 0 0 1 3710.dat
1 484 820 -464 730 1 0 0 0 1 0 0 0 1 3710.dat
1 484 800 -464 990 1 0 0 0 1 0 0 0 1 3023.dat
1 72 830 -464 420 1 0 0 0 1 0 0 0 1 3021.dat
1 72 840 -464 570 1 0 0 0 1 0 0 0 1 3710.dat
1 484 820 -464 970 1 0 0 0 1 0 0 0 1 3023.dat
1 484 840 -464 930 1 0 0 0 1 0 0 0 1 3023.dat
1 484 830 -464 950 1 0 0 0 1 0 0 0 1 3024.dat
1 484 850 -464 180 0 0 1 0 1 0 -1 0 0 60479.dat
1 484 860 -464 310 1 0 0 0 1 0 0 0 1 3023.dat
1 484 850 -464 900 0 0 1 0 1 0 -1 0 0 3023.dat
1 484 870 -464 330 1 0 0 0 1 0 0 0 1 3024.dat
1 0 870 -464 370 0 0 1 0 1 0 -1 0 0 3623.dat
1 72 880 -464 410 1 0 0 0 1 0 0 0 1 3023.dat
1 484 870 -464 480 0 0 1 0 1 0 -1 0 0 3666.dat
1 484 870 -464 550 1 0 0 0 1 0 0 0 1 3024.dat
1 484 870 -464 590 1 0 0 0 1 0 0 0 1 3024.dat
1 0 870 -464 630 0 0 1 0 1 0 -1 0 0 3623.dat
1 484 870 -464 760 0 0 1 0 1 0 -1 0 0 4477.dat
1 484 870 -464 870 1 0 0 0 1 0 0 0 1 3024.dat
1 0 890 -464 350 1 0 0 0 1 0 0 0 1 3024.dat
1 0 890 -464 390 1 0 0 0 1 0 0 0 1 3024.dat
1 72 890 -464 500 0 0 1 0 1 0 -1 0 0 3460.dat
1 0 890 -464 610 1 0 0 0 1 0 0 0 1 3024.dat
1 0 890 -464 650 1 0 0 0 1 0 0 0 1 3024.dat
1 72 910 -464 490 1 0 0 0 1 0 0 0 1 3024.dat
1 72 500 -472 490 1 0 0 0 1 0 0 0 1 3023.dat
1 0 520 -472 330 1 0 0 0 1 0 0 0 1 3023.dat
1 0 520 -472 370 1 0 0 0 1 0 0 0 1 3023.dat
1 72 540 -472 430 1 0 0 0 1 0 0 0 1 3710.dat
1 72 510 -472 460 0 0 1 0 1 0 -1 0 0 3023.dat
1 72 510 -472 540 0 0 1 0 1 0 -1 0 0 3710.dat
1 0 520 -472 630 1 0 0 0 1 0 0 0 1 3023.dat
1 0 520 -472 670 1 0 0 0 1 0 0 0 1 3023.dat
1 484 540 -472 310 1 0 0 0 1 0 0 0 1 3023.dat
1 0 530 -472 350 1 0 0 0 1 0 0 0 1 3024.dat
1 484 530 -472 400 0 0 1 0 1 0 -1 0 0 3023.dat
1 484 530 -472 520 0 0 1 0 1 0 -1 0 0 3460.dat
1 484 530 -472 610 1 0 0 0 1 0 0 0 1 3024.dat
1 484 530 -472 650 1 0 0 0 1 0 0 0 1 3024.dat
1 484 530 -472 780 0 0 1 0 1 0 -1 0 0 4477.dat
1 484 660 -472 50 1 0 0 0 1 0 0 0 1 60479.dat
1 484 550 -472 180 0 0 1 0 1 0 -1 0 0 60479.dat
1 72 570 -472 560 1 0 0 0 1 0 0 0 1 3021.dat
1 484 660 -472 730 1 0 0 0 1 0 0 0 1 60479.dat
1 484 550 -472 890 0 0 1 0 1 0 -1 0 0 3623.dat
1 484 570 -472 940 0 0 1 0 1 0 -1 0 0 3023.dat
1 72 590 -472 430 1 0 0 0 1 0 0 0 1 3024.dat
1 484 590 -472 980 0 0 1 0 1 0 -1 0 0 3023.dat
1 484 620 -472 990 1 0 0 0 1 0 0 0 1 3023.dat
1 484 640 -472 1010 1 0 0 0 1 0 0 0 1 3023.dat
1 484 670 -472 1030 1 0 0 0 1 0 0 0 1 3623.dat
1 484 710 -472 1050 1 0 0 0 1 0 0 0 1 3623.dat
1 484 740 -472 1030 1 0 0 0 1 0 0 0 1 3023.dat
1 484 760 -472 1010 1 0 0 0 1 0 0 0 1 3023.dat
1 484 820 -472 50 1 0 0 0 1 0 0 0 1 3710.dat
1 484 820 -472 730 1 0 0 0 1 0 0 0 1 3710.dat
1 484 800 -472 990 1 0 0 0 1 0 0 0 1 3023.dat
1 72 840 -472 430 1 0 0 0 1 0 0 0 1 3710.dat
1 72 830 -472 560 1 0 0 0 1 0 0 0 1 3021.dat
1 484 810 -472 970 1 0 0 0 1 0 0 0 1 3024.dat
1 484 840 -472 930 1 0 0 0 1 0 0 0 1 3023.dat
1 484 830 -472 950 1 0 0 0 1 0 0 0 1 3024.dat
1 484 850 -472 180 0 0 1 0 1 0 -1 0 0 60479.dat
1 484 860 -472 310 1 0 0 0 1 0 0 0 1 3023.dat
1 484 850 -472 900 0 0 1 0 1 0 -1 0 0 3023.dat
1 484 870 -472 330 1 0 0 0 1 0 0 0 1 3024.dat
1 0 870 -472 370 0 0 1 0 1 0 -1 0 0 3623.dat
1 484 870 -472 410 1 0 0 0 1 0 0 0 1 3024.dat
1 484 870 -472 520 0 0 1 0 1 0 -1 0 0 3460.dat
1 0 870 -472 630 0 0 1 0 1 0 -1 0 0 3623.dat
1 484 870 -472 760 0 0 1 0 1 0 -1 0 0 4477.dat
1 484 870 -472 870 1 0 0 0 1 0 0 0 1 3024.dat
1 0 890 -472 350 1 0 0 0 1 0 0 0 1 3024.dat
1 0 890 -472 390 1 0 0 0 1 0 0 0 1 3024.dat
1 72 890 -472 500 0 0 1 0 1 0 -1 0 0 3460.dat
1 0 890 -472 610 1 0 0 0 1 0 0 0 1 3024.dat
1 0 890 -472 650 1 0 0 0 1 0 0 0 1 3024.dat
1 72 910 -472 490 1 0 0 0 1 0 0 0 1 3024.dat
1 72 500 -480 490 1 0 0 0 1 0 0 0 1 3023.dat
1 0 520 -480 330 1 0 0 0 1 0 0 0 1 3023.dat
1 0 520 -480 370 1 0 0 0 1 0 0 0 1 3023.dat
1 72 510 -480 450 0 0 1 0 1 0 -1 0 0 3623.dat
1 72 510 -480 530 0 0 1 0 1 0 -1 0 0 3623.dat
1 0 520 -480 630 1 0 0 0 1 0 0 0 1 3023.dat
1 0 520 -480 670 1 0 0 0 1 0 0 0 1 3023.dat
1 484 540 -480 310 1 0 0 0 1 0 0 0 1 3023.dat
1 0 530 -480 350 1 0 0 0 1 0 0 0 1 3024.dat
1 484 530 -480 410 0 0 1 0 1 0 -1 0 0 3623.dat
1 72 560 -480 450 1 0 0 0 1 0 0 0 1 3710.dat
1 484 530 -480 500 0 0 1 0 1 0 -1 0 0 3710.dat
1 72 560 -480 550 1 0 0 0 1 0 0 0 1 3710.dat
1 484 530 -480 590 0 0 1 0 1 0 -1 0 0 3623.dat
1 484 530 -480 650 1 0 0 0 1 0 0 0 1 3024.dat
1 484 530 -480 780 0 0 1 0 1 0 -1 0 0 4477.dat
1 484 660 -480 50 1 0 0 0 1 0 0 0 1 60479.dat
1 484 550 -480 180 0 0 1 0 1 0 -1 0 0 60479.dat
1 72 570 -480 430 1 0 0 0 1 0 0 0 1 3623.dat
1 72 570 -480 530 1 0 0 0 1 0 0 0 1 3623.dat
1 484 660 -480 730 1 0 0 0 1 0 0 0 1 60479.dat
1 484 550 -480 890 0 0 1 0 1 0 -1 0 0 3623.dat
1 484 570 -480 940 0 0 1 0 1 0 -1 0 0 3023.dat
1 484 590 -480 980 0 0 1 0 1 0 -1 0 0 3023.dat
1 484 610 -480 990 1 0 0 0 1 0 0 0 1 3024.dat
1 484 640 -480 1010 1 0 0 0 1 0 0 0 1 3023.dat
1 484 670 -480 1030 1 0 0 0 1 0 0 0 1 3623.dat
1 484 700 -480 1050 1 0 0 0 1 0 0 0 1 3023.dat
1 484 740 -480 1030 1 0 0 0 1 0 0 0 1 3023.dat
1 484 760 -480 1010 1 0 0 0 1 0 0 0 1 3023.dat
1 484 820 -480 50 1 0 0 0 1 0 0 0 1 3710.dat
1 484 820 -480 730 1 0 0 0 1 0 0 0 1 3710.dat
1 484 800 -480 990 1 0 0 0 1 0 0 0 1 3023.dat
1 72 830 -480 440 1 0 0 0 1 0 0 0 1 3021.dat
1 72 830 -480 540 1 0 0 0 1 0 0 0 1 3021.dat
1 484 810 -480 970 1 0 0 0 1 0 0 0 1 3024.dat
1 484 840 -480 930 1 0 0 0 1 0 0 0 1 3023.dat
1 484 830 -480 950 1 0 0 0 1 0 0 0 1 3024.dat
1 484 850 -480 180 0 0 1 0 1 0 -1 0 0 60479.dat
1 484 860 -480 310 1 0 0 0 1 0 0 0 1 3023.dat
1 484 850 -480 900 0 0 1 0 1 0 -1 0 0 3023.dat
1 484 870 -480 330 1 0 0 0 1 0 0 0 1 3024.dat
1 0 870 -480 370 0 0 1 0 1 0 -1 0 0 3623.dat
1 484 870 -480 420 0 0 1 0 1 0 -1 0 0 3023.dat
1 72 880 -480 450 1 0 0 0 1 0 0 0 1 3023.dat
1 484 870 -480 500 0 0 1 0 1 0 -1 0 0 3710.dat
1 72 880 -480 550 1 0 0 0 1 0 0 0 1 3023.dat
1 484 870 -480 580 0 0 1 0 1 0 -1 0 0 3023.dat
1 0 870 -480 630 0 0 1 0 1 0 -1 0 0 3623.dat
1 484 870 -480 760 0 0 1 0 1 0 -1 0 0 4477.dat
1 484 870 -480 870 1 0 0 0 1 0 0 0 1 3024.dat
1 0 890 -480 350 1 0 0 0 1 0 0 0 1 3024.dat
1 0 890 -480 390 1 0 0 0 1 0 0 0 1 3024.dat
1 72 890 -480 430 1 0 0 0 1 0 0 0 1 3024.dat
1 72 890 -480 500 0 0 1 0 1 0 -1 0 0 3710.dat
1 0 890 -480 610 1 0 0 0 1 0 0 0 1 3024.dat
1 0 890 -480 650 1 0 0 0 1 0 0 0 1 3024.dat
1 72 910 -480 490 1 0 0 0 1 0 0 0 1 3024.dat
1 0 520 -488 330 1 0 0 0 1 0 0 0 1 3023.dat
1 0 520 -488 370 1 0 0 0 1 0 0 0 1 3023.dat
1 72 510 -488 480 0 0 1 0 1 0 -1 0 0 3710.dat
1 72 540 -488 530 1 0 0 0 1 0 0 0 1 3710.dat
1 0 520 -488 630 1 0 0 0 1 0 0 0 1 3023.dat
1 0 520 -488 670 1 0 0 0 1 0 0 0 1 3023.dat
1 484 540 -488 310 1 0 0 0 1 0 0 0 1 3023.dat
1 0 530 -488 350 1 0 0 0 1 0 0 0 1 3024.dat
1 484 530 -488 420 0 0 1 0 1 0 -1 0 0 3710.dat
1 72 560 -488 480 1 0 0 0 1 0 0 0 1 3020.dat
1 72 560 -488 510 1 0 0 0 1 0 0 0 1 3710.dat
1 484 530 -488 580 0 0 1 0 1 0 -1 0 0 3710.dat
1 484 530 -488 650 1 0 0 0 1 0 0 0 1 3024.dat
1 484 530 -488 780 0 0 1 0 1 0 -1 0 0 4477.dat
1 484 660 -488 50 1 0 0 0 1 0 0 0 1 60479.dat
1 484 550 -488 180 0 0 1 0 1 0 -1 0 0 60479.dat
1 72 570 -488 450 1 0 0 0 1 0 0 0 1 3623.dat
1 484 660 -488 730 1 0 0 0 1 0 0 0 1 60479.dat
1 484 550 -488 900 0 0 1 0 1 0 -1 0 0 3023.dat
1 484 570 -488 940 0 0 1 0 1 0 -1 0 0 3023.dat
1 72 590 -488 530 1 0 0 0 1 0 0 0 1 3024.dat
1 484 590 -488 970 0 0 1 0 1 0 -1 0 0 3623.dat
1 484 620 -488 990 1 0 0 0 1 0 0 0 1 3023.dat
1 484 640 -488 1010 1 0 0 0 1 0 0 0 1 3023.dat
1 484 670 -488 1030 1 0 0 0 1 0 0 0 1 3623.dat
1 484 700 -488 1050 1 0 0 0 1 0 0 0 1 3023.dat
1 484 740 -488 1030 1 0 0 0 1 0 0 0 1 3023.dat
1 484 760 -488 1010 1 0 0 0 1 0 0 0 1 3023.dat
1 484 820 -488 50 1 0 0 0 1 0 0 0 1 3710.dat
1 484 820 -488 730 1 0 0 0 1 0 0 0 1 3710.dat
1 484 800 -488 990 1 0 0 0 1 0 0 0 1 3023.dat
1 72 820 -488 480 0 0 1 0 1 0 -1 0 0 3020.dat
1 72 840 -488 530 1 0 0 0 1 0 0 0 1 3710.dat
1 484 810 -488 970 1 0 0 0 1 0 0 0 1 3024.dat
1 484 830 -488 940 0 0 1 0 1 0 -1 0 0 3023.dat
1 484 850 -488 180 0 0 1 0 1 0 -1 0 0 60479.dat
1 484 860 -488 310 1 0 0 0 1 0 0 0 1 3023.dat
1 72 850 -488 480 0 0 1 0 1 0 -1 0 0 3710.dat
1 484 860 -488 890 1 0 0 0 1 0 0 0 1 3023.dat
1 484 850 -488 910 1 0 0 0 1 0 0 0 1 3024.dat
1 484 870 -488 330 1 0 0 0 1 0 0 0 1 3024.dat
1 0 890 -488 350 1 0 0 0 1 0 0 0 1 3623.dat
1 0 870 -488 380 0 0 1 0 1 0 -1 0 0 3023.dat
1 484 870 -488 430 0 0 1 0 1 0 -1 0 0 3623.dat
1 72 880 -488 490 0 0 1 0 1 0 -1 0 0 3021.dat
1 484 870 -488 570 0 0 1 0 1 0 -1 0 0 3623.dat
1 0 890 -488 610 1 0 0 0 1 0 0 0 1 3623.dat
1 0 870 -488 640 0 0 1 0 1 0 -1 0 0 3023.dat
1 484 870 -488 760 0 0 1 0 1 0 -1 0 0 4477.dat
1 484 870 -488 870 1 0 0 0 1 0 0 0 1 3024.dat
1 0 900 -488 390 1 0 0 0 1 0 0 0 1 3023.dat
1 72 890 -488 450 1 0 0 0 1 0 0 0 1 3024.dat
1 72 890 -488 530 1 0 0 0 1 0 0 0 1 3024.dat
1 0 900 -488 650 1 0 0 0 1 0 0 0 1 3023.dat
1 71 500 -496 300 1 0 0 0 1 0 0 0 1 3022.dat
1 0 510 -496 330 1 0 0 0 1 0 0 0 1 3623.dat
1 71 500 -496 350 1 0 0 0 1 0 0 0 1 3023.dat
1 0 490 -496 370 1 0 0 0 1 0 0 0 1 3024.dat
1 71 500 -496 400 1 0 0 0 1 0 0 0 1 3022.dat
1 71 500 -496 600 1 0 0 0 1 0 0 0 1 3022.dat
1 0 490 -496 630 1 0 0 0 1 0 0 0 1 3024.dat
1 71 500 -496 650 1 0 0 0 1 0 0 0 1 3023.dat
1 0 490 -496 670 1 0 0 0 1 0 0 0 1 3024.dat
1 71 500 -496 700 1 0 0 0 1 0 0 0 1 3022.dat
1 71 510 -496 370 1 0 0 0 1 0 0 0 1 3024.dat
1 71 510 -496 630 1 0 0 0 1 0 0 0 1 3024.dat
1 71 510 -496 670 1 0 0 0 1 0 0 0 1 3024.dat
1 484 550 -496 310 1 0 0 0 1 0 0 0 1 3623.dat
1 0 530 -496 360 0 0 1 0 1 0 -1 0 0 3023.dat
1 484 530 -496 500 0 0 1 0 1 0 -1 0 0 60479.dat
1 0 530 -496 630 1 0 0 0 1 0 0 0 1 3024.dat
1 484 530 -496 650 1 0 0 0 1 0 0 0 1 3024.dat
1 0 530 -496 670 1 0 0 0 1 0 0 0 1 3024.dat
1 484 530 -496 780 0 0 1 0 1 0 -1 0 0 4477.dat
1 484 660 -496 730 1 0 0 0 1 0 0 0 1 60479.dat
1 484 550 -496 900 0 0 1 0 1 0 -1 0 0 3023.dat
1 484 570 -496 140 0 0 1 0 1 0 -1 0 0 60479.dat
1 484 570 -496 280 0 0 1 0 1 0 -1 0 0 3023.dat
1 484 570 -496 940 0 0 1 0 1 0 -1 0 0 3023.dat
1 484 610 -496 40 1 0 0 0 1 0 0 0 1 3021.dat
1 484 590 -496 960 0 0 1 0 1 0 -1 0 0 3023.dat
1 484 620 -496 990 1 0 0 0 1 0 0 0 1 3023.dat
1 484 640 -496 1010 1 0 0 0 1 0 0 0 1 3023.dat
1 484 740 -496 50 1 0 0 0 1 0 0 0 1 4477.dat
1 484 700 -496 1030 1 0 0 0 1 0 0 0 1 3710.dat
1 484 700 -496 1050 1 0 0 0 1 0 0 0 1 3023.dat
1 484 760 -496 1010 1 0 0 0 1 0 0 0 1 3023.dat
1 484 750 -496 1030 1 0 0 0 1 0 0 0 1 3024.dat
1 484 800 -496 30 1 0 0 0 1 0 0 0 1 3710.dat
1 484 780 -496 990 1 0 0 0 1 0 0 0 1 3023.dat
1 484 820 -496 730 1 0 0 0 1 0 0 0 1 3710.dat
1 484 820 -496 950 1 0 0 0 1 0 0 0 1 3023.dat
1 484 810 -496 970 1 0 0 0 1 0 0 0 1 3024.dat
1 484 830 -496 930 1 0 0 0 1 0 0 0 1 3024.dat
1 484 850 -496 140 0 0 1 0 1 0 -1 0 0 60479.dat
1 484 850 -496 290 0 0 1 0 1 0 -1 0 0 3623.dat
1 484 860 -496 890 1 0 0 0 1 0 0 0 1 3023.dat
1 484 850 -496 910 1 0 0 0 1 0 0 0 1 3024.dat
1 484 870 -496 320 0 0 1 0 1 0 -1 0 0 3023.dat
1 0 890 -496 350 1 0 0 0 1 0 0 0 1 3623.dat
1 0 870 -496 380 0 0 1 0 1 0 -1 0 0 3023.dat
1 484 870 -496 500 0 0 1 0 1 0 -1 0 0 4477.dat
1 0 870 -496 630 0 0 1 0 1 0 -1 0 0 3623.dat
1 484 870 -496 760 0 0 1 0 1 0 -1 0 0 4477.dat
1 484 870 -496 870 1 0 0 0 1 0 0 0 1 3024.dat
1 71 900 -496 310 0 0 1 0 1 0 -1 0 0 3021.dat
1 71 890 -496 390 0 0 1 0 1 0 -1 0 0 3623.dat
1 71 890 -496 640 0 0 1 0 1 0 -1 0 0 3666.dat
1 71 900 -496 710 1 0 0 0 1 0 0 0 1 3023.dat
1 71 910 -496 370 1 0 0 0 1 0 0 0 1 3024.dat
1 0 910 -496 390 1 0 0 0 1 0 0 0 1 3024.dat
1 71 910 -496 410 1 0 0 0 1 0 0 0 1 3024.dat
1 71 910 -496 590 1 0 0 0 1 0 0 0 1 3024.dat
1 0 910 -496 610 1 0 0 0 1 0 0 0 1 3024.dat
1 71 910 -496 630 1 0 0 0 1 0 0 0 1 3024.dat
1 0 910 -496 650 1 0 0 0 1 0 0 0 1 3024.dat
1 71 910 -496 680 0 0 1 0 1 0 -1 0 0 3023.dat
1 71 500 -504 300 1 0 0 0 1 0 0 0 1 3022.dat
1 0 510 -504 330 1 0 0 0 1 0 0 0 1 3623.dat
1 71 510 -504 350 1 0 0 0 1 0 0 0 1 3623.dat
1 0 510 -504 370 1 0 0 0 1 0 0 0 1 3623.dat
1 71 510 -504 400 1 0 0 0 1 0 0 0 1 3021.dat
1 71 510 -504 600 1 0 0 0 1 0 0 0 1 3021.dat
1 0 510 -504 630 1 0 0 0 1 0 0 0 1 3623.dat
1 71 510 -504 650 1 0 0 0 1 0 0 0 1 3623.dat
1 0 510 -504 670 1 0 0 0 1 0 0 0 1 3623.dat
1 71 510 -504 700 1 0 0 0 1 0 0 0 1 3021.dat
1 71 530 -504 290 1 0 0 0 1 0 0 0 1 3024.dat
1 484 550 -504 310 1 0 0 0 1 0 0 0 1 3623.dat
1 484 530 -504 500 0 0 1 0 1 0 -1 0 0 3460.dat
1 484 640 -504 730 1 0 0 0 1 0 0 0 1 60479.dat
1 484 530 -504 800 0 0 1 0 1 0 -1 0 0 3666.dat
1 484 530 -504 870 1 0 0 0 1 0 0 0 1 3024.dat
1 0 570 -504 880 1 0 0 0 1 0 0 0 1 3021.dat
1 484 550 -504 910 1 0 0 0 1 0 0 0 1 3024.dat
1 484 680 -504 30 1 0 0 0 1 0 0 0 1 60479.dat
1 484 570 -504 160 0 0 1 0 1 0 -1 0 0 60479.dat
1 484 570 -504 290 1 0 0 0 1 0 0 0 1 3024.dat
1 0 580 -504 910 1 0 0 0 1 0 0 0 1 3023.dat
1 484 570 -504 930 1 0 0 0 1 0 0 0 1 3024.dat
1 484 590 -504 960 0 0 1 0 1 0 -1 0 0 3023.dat
1 484 620 -504 990 1 0 0 0 1 0 0 0 1 3023.dat
1 484 640 -504 1010 1 0 0 0 1 0 0 0 1 3023.dat
1 484 700 -504 50 1 0 0 0 1 0 0 0 1 3666.dat
1 484 700 -504 1030 1 0 0 0 1 0 0 0 1 3710.dat
1 484 700 -504 1050 1 0 0 0 1 0 0 0 1 3023.dat
1 484 760 -504 1010 1 0 0 0 1 0 0 0 1 3023.dat
1 484 750 -504 1030 1 0 0 0 1 0 0 0 1 3024.dat
1 484 820 -504 730 1 0 0 0 1 0 0 0 1 3666.dat
1 484 780 -504 990 1 0 0 0 1 0 0 0 1 3023.dat
1 484 830 -504 30 1 0 0 0 1 0 0 0 1 3623.dat
1 0 830 -504 870 1 0 0 0 1 0 0 0 1 3623.dat
1 0 810 -504 900 0 0 1 0 1 0 -1 0 0 3023.dat
1 484 820 -504 950 1 0 0 0 1 0 0 0 1 3023.dat
1 484 810 -504 970 1 0 0 0 1 0 0 0 1 3024.dat
1 0 840 -504 910 1 0 0 0 1 0 0 0 1 3023.dat
1 484 830 -504 930 1 0 0 0 1 0 0 0 1 3024.dat
1 484 850 -504 160 0 0 1 0 1 0 -1 0 0 60479.dat
1 484 850 -504 300 0 0 1 0 1 0 -1 0 0 3023.dat
1 0 850 -504 890 1 0 0 0 1 0 0 0 1 3024.dat
1 71 890 -504 290 1 0 0 0 1 0 0 0 1 3623.dat
1 484 870 -504 320 0 0 1 0 1 0 -1 0 0 3023.dat
1 0 870 -504 370 0 0 1 0 1 0 -1 0 0 3623.dat
1 484 870 -504 500 0 0 1 0 1 0 -1 0 0 4477.dat
1 0 870 -504 630 0 0 1 0 1 0 -1 0 0 3623.dat
1 484 870 -504 690 0 0 1 0 1 0 -1 0 0 3623.dat
1 484 870 -504 820 0 0 1 0 1 0 -1 0 0 3460.dat
1 71 890 -504 360 0 0 1 0 1 0 -1 0 0 3666.dat
1 71 890 -504 640 0 0 1 0 1 0 -1 0 0 3666.dat
1 71 900 -504 710 1 0 0 0 1 0 0 0 1 3023.dat
1 484 890 -504 730 1 0 0 0 1 0 0 0 1 3024.dat
1 71 910 -504 320 0 0 1 0 1 0 -1 0 0 3023.dat
1 0 910 -504 350 1 0 0 0 1 0 0 0 1 3024.dat
1 71 910 -504 370 1 0 0 0 1 0 0 0 1 3024.dat
1 0 910 -504 390 1 0 0 0 1 0 0 0 1 3024.dat
1 71 910 -504 410 1 0 0 0 1 0 0 0 1 3024.dat
1 71 910 -504 590 1 0 0 0 1 0 0 0 1 3024.dat
1 0 910 -504 610 1 0 0 0 1 0 0 0 1 3024.dat
1 71 910 -504 630 1 0 0 0 1 0 0 0 1 3024.dat
1 0 910 -504 650 1 0 0 0 1 0 0 0 1 3024.dat
1 71 910 -504 680 0 0 1 0 1 0 -1 0 0 3023.dat
1 71 490 -512 340 0 0 1 0 1 0 -1 0 0 3666.dat
1 71 510 -512 410 1 0 0 0 1 0 0 0 1 3623.dat
1 71 490 -512 640 0 0 1 0 1 0 -1 0 0 3666.dat
1 71 490 -512 710 1 0 0 0 1 0 0 0 1 3024.dat
1 72 510 -512 290 1 0 0 0 1 0 0 0 1 3024.dat
1 71 520 -512 590 1 0 0 0 1 0 0 0 1 3023.dat
1 72 510 -512 710 1 0 0 0 1 0 0 0 1 3024.dat
1 71 530 -512 290 1 0 0 0 1 0 0 0 1 3024.dat
1 484 550 -512 310 1 0 0 0 1 0 0 0 1 3623.dat
1 71 530 -512 340 0 0 1 0 1 0 -1 0 0 3023.dat
1 0 530 -512 370 1 0 0 0 1 0 0 0 1 3024.dat
1 71 530 -512 390 1 0 0 0 1 0 0 0 1 3024.dat
1 484 530 -512 500 0 0 1 0 1 0 -1 0 0 3460.dat
1 71 530 -512 610 1 0 0 0 1 0 0 0 1 3024.dat
1 0 530 -512 630 1 0 0 0 1 0 0 0 1 3024.dat
1 71 530 -512 680 0 0 1 0 1 0 -1 0 0 3710.dat
1 484 640 -512 730 1 0 0 0 1 0 0 0 1 60479.dat
1 308 530 -512 800 0 0 1 0 1 0 -1 0 0 3666.dat
1 484 530 -512 870 1 0 0 0 1 0 0 0 1 3024.dat
1 0 570 -512 880 1 0 0 0 1 0 0 0 1 3021.dat
1 484 550 -512 910 1 0 0 0 1 0 0 0 1 3024.dat
1 484 680 -512 30 1 0 0 0 1 0 0 0 1 60479.dat
1 484 570 -512 160 0 0 1 0 1 0 -1 0 0 60479.dat
1 484 570 -512 290 1 0 0 0 1 0 0 0 1 3024.dat
1 0 580 -512 910 1 0 0 0 1 0 0 0 1 3023.dat
1 484 570 -512 930 1 0 0 0 1 0 0 0 1 3024.dat
1 484 590 -512 960 0 0 1 0 1 0 -1 0 0 3023.dat
1 484 610 -512 980 0 0 1 0 1 0 -1 0 0 3023.dat
1 484 630 -512 1000 0 0 1 0 1 0 -1 0 0 3023.dat
1 484 650 -512 1020 0 0 1 0 1 0 -1 0 0 3023.dat
1 484 700 -512 1030 1 0 0 0 1 0 0 0 1 3710.dat
1 484 700 -512 1050 1 0 0 0 1 0 0 0 1 3023.dat
1 484 760 -512 1010 1 0 0 0 1 0 0 0 1 3023.dat
1 484 750 -512 1030 1 0 0 0 1 0 0 0 1 3024.dat
1 484 820 -512 730 1 0 0 0 1 0 0 0 1 3666.dat
1 484 780 -512 990 1 0 0 0 1 0 0 0 1 3023.dat
1 484 830 -512 30 1 0 0 0 1 0 0 0 1 3623.dat
1 0 830 -512 870 1 0 0 0 1 0 0 0 1 3623.dat
1 0 810 -512 900 0 0 1 0 1 0 -1 0 0 3023.dat
1 484 820 -512 950 1 0 0 0 1 0 0 0 1 3023.dat
1 484 810 -512 970 1 0 0 0 1 0 0 0 1 3024.dat
1 0 840 -512 910 1 0 0 0 1 0 0 0 1 3023.dat
1 484 830 -512 930 1 0 0 0 1 0 0 0 1 3024.dat
1 484 850 -512 160 0 0 1 0 1 0 -1 0 0 60479.dat
1 484 850 -512 300 0 0 1 0 1 0 -1 0 0 3023.dat
1 0 850 -512 890 1 0 0 0 1 0 0 0 1 3024.dat
1 71 870 -512 290 1 0 0 0 1 0 0 0 1 3024.dat
1 484 870 -512 310 1 0 0 0 1 0 0 0 1 3024.dat
1 71 870 -512 340 0 0 1 0 1 0 -1 0 0 3023.dat
1 0 870 -512 370 1 0 0 0 1 0 0 0 1 3024.dat
1 71 870 -512 400 0 0 1 0 1 0 -1 0 0 3023.dat
1 484 870 -512 500 0 0 1 0 1 0 -1 0 0 3460.dat
1 71 890 -512 590 1 0 0 0 1 0 0 0 1 3623.dat
1 71 870 -512 610 1 0 0 0 1 0 0 0 1 3024.dat
1 0 870 -512 630 1 0 0 0 1 0 0 0 1 3024.dat
1 71 870 -512 680 0 0 1 0 1 0 -1 0 0 3710.dat
1 308 870 -512 800 0 0 1 0 1 0 -1 0 0 3666.dat
1 484 870 -512 870 1 0 0 0 1 0 0 0 1 3024.dat
1 72 890 -512 290 1 0 0 0 1 0 0 0 1 3024.dat
1 71 900 -512 410 1 0 0 0 1 0 0 0 1 3023.dat
1 72 890 -512 710 1 0 0 0 1 0 0 0 1 3024.dat
1 71 910 -512 340 0 0 1 0 1 0 -1 0 0 3666.dat
1 71 910 -512 660 0 0 1 0 1 0 -1 0 0 3666.dat
1 71 490 -520 340 0 0 1 0 1 0 -1 0 0 3666.dat
1 71 490 -520 410 1 0 0 0 1 0 0 0 1 3024.dat
1 71 490 -520 640 0 0 1 0 1 0 -1 0 0 3666.dat
1 71 490 -520 710 1 0 0 0 1 0 0 0 1 3024.dat
1 72 510 -520 290 1 0 0 0 1 0 0 0 1 3024.dat
1 0 510 -520 330 1 0 0 0 1 0 0 0 1 3024.dat
1 0 520 -520 370 1 0 0 0 1 0 0 0 1 3023.dat
1 0 510 -520 420 0 0 1 0 1 0 -1 0 0 3023.dat
1 0 510 -520 570 0 0 1 0 1 0 -1 0 0 3623.dat
1 0 520 -520 630 1 0 0 0 1 0 0 0 1 3023.dat
1 0 510 -520 670 1 0 0 0 1 0 0 0 1 3024.dat
1 72 510 -520 710 1 0 0 0 1 0 0 0 1 3024.dat
1 71 530 -520 290 1 0 0 0 1 0 0 0 1 3024.dat
1 484 550 -520 310 1 0 0 0 1 0 0 0 1 3623.dat
1 71 530 -520 340 0 0 1 0 1 0 -1 0 0 3023.dat
1 71 530 -520 400 0 0 1 0 1 0 -1 0 0 3023.dat
1 484 530 -520 500 0 0 1 0 1 0 -1 0 0 3460.dat
1 71 530 -520 600 0 0 1 0 1 0 -1 0 0 3023.dat
1 71 530 -520 680 0 0 1 0 1 0 -1 0 0 3710.dat
1 484 640 -520 730 1 0 0 0 1 0 0 0 1 60479.dat
1 308 530 -520 800 0 0 1 0 1 0 -1 0 0 3666.dat
1 484 530 -520 870 1 0 0 0 1 0 0 0 1 3024.dat
1 0 570 -520 880 1 0 0 0 1 0 0 0 1 3021.dat
1 484 550 -520 910 1 0 0 0 1 0 0 0 1 3024.dat
1 484 680 -520 30 1 0 0 0 1 0 0 0 1 60479.dat
1 484 570 -520 160 0 0 1 0 1 0 -1 0 0 60479.dat
1 484 570 -520 290 1 0 0 0 1 0 0 0 1 3024.dat
1 0 580 -520 910 1 0 0 0 1 0 0 0 1 3023.dat
1 484 570 -520 930 1 0 0 0 1 0 0 0 1 3024.dat
1 484 590 -520 960 0 0 1 0 1 0 -1 0 0 3023.dat
1 484 610 -520 980 0 0 1 0 1 0 -1 0 0 3023.dat
1 484 630 -520 1000 0 0 1 0 1 0 -1 0 0 3023.dat
1 484 650 -520 1010 1 0 0 0 1 0 0 0 1 3024.dat
1 484 700 -520 1030 1 0 0 0 1 0 0 0 1 3710.dat
1 484 700 -520 1050 1 0 0 0 1 0 0 0 1 3023.dat
1 484 760 -520 1010 1 0 0 0 1 0 0 0 1 3023.dat
1 484 750 -520 1030 1 0 0 0 1 0 0 0 1 3024.dat
1 484 820 -520 730 1 0 0 0 1 0 0 0 1 3666.dat
1 484 780 -520 990 1 0 0 0 1 0 0 0 1 3023.dat
1 484 830 -520 30 1 0 0 0 1 0 0 0 1 3623.dat
1 0 830 -520 870 1 0 0 0 1 0 0 0 1 3623.dat
1 0 810 -520 900 0 0 1 0 1 0 -1 0 0 3023.dat
1 484 810 -520 960 0 0 1 0 1 0 -1 0 0 3023.dat
1 0 840 -520 910 1 0 0 0 1 0 0 0 1 3023.dat
1 484 830 -520 930 1 0 0 0 1 0 0 0 1 3024.dat
1 484 850 -520 160 0 0 1 0 1 0 -1 0 0 60479.dat
1 484 850 -520 300 0 0 1 0 1 0 -1 0 0 3023.dat
1 0 850 -520 890 1 0 0 0 1 0 0 0 1 3024.dat
1 71 870 -520 290 1 0 0 0 1 0 0 0 1 3024.dat
1 484 870 -520 310 1 0 0 0 1 0 0 0 1 3024.dat
1 71 870 -520 340 0 0 1 0 1 0 -1 0 0 3023.dat
1 0 880 -520 370 1 0 0 0 1 0 0 0 1 3023.dat
1 71 870 -520 400 0 0 1 0 1 0 -1 0 0 3023.dat
1 484 870 -520 500 0 0 1 0 1 0 -1 0 0 3460.dat
1 71 870 -520 600 0 0 1 0 1 0 -1 0 0 3023.dat
1 0 880 -520 630 1 0 0 0 1 0 0 0 1 3023.dat
1 71 870 -520 680 0 0 1 0 1 0 -1 0 0 3710.dat
1 308 870 -520 800 0 0 1 0 1 0 -1 0 0 3666.dat
1 484 870 -520 870 1 0 0 0 1 0 0 0 1 3024.dat
1 72 900 -520 290 1 0 0 0 1 0 0 0 1 3023.dat
1 0 890 -520 330 1 0 0 0 1 0 0 0 1 3024.dat
1 0 900 -520 420 1 0 0 0 1 0 0 0 1 3022.dat
1 0 900 -520 570 0 0 1 0 1 0 -1 0 0 3021.dat
1 0 890 -520 670 1 0 0 0 1 0 0 0 1 3024.dat
1 72 900 -520 710 1 0 0 0 1 0 0 0 1 3023.dat
1 71 930 -520 340 0 0 1 0 1 0 -1 0 0 3666.dat
1 71 930 -520 410 1 0 0 0 1 0 0 0 1 3024.dat
1 71 930 -520 640 0 0 1 0 1 0 -1 0 0 3666.dat
1 71 930 -520 710 1 0 0 0 1 0 0 0 1 3024.dat
1 71 490 -528 340 0 0 1 0 1 0 -1 0 0 3666.dat
1 71 490 -528 410 1 0 0 0 1 0 0 0 1 3024.dat
1 71 490 -528 640 0 0 1 0 1 0 -1 0 0 3666.dat
1 71 510 -528 710 1 0 0 0 1 0 0 0 1 3623.dat
1 71 520 -528 290 1 0 0 0 1 0 0 0 1 3023.dat
1 0 520 -528 330 1 0 0 0 1 0 0 0 1 3023.dat
1 0 510 -528 370 1 0 0 0 1 0 0 0 1 3024.dat
1 72 510 -528 410 1 0 0 0 1 0 0 0 1 3024.dat
1 0 510 -528 430 1 0 0 0 1 0 0 0 1 3024.dat
1 0 510 -528 560 0 0 1 0 1 0 -1 0 0 3023.dat
1 72 510 -528 590 1 0 0 0 1 0 0 0 1 3024.dat
1 0 510 -528 630 1 0 0 0 1 0 0 0 1 3024.dat
1 0 510 -528 670 1 0 0 0 1 0 0 0 1 3024.dat
1 484 550 -528 310 1 0 0 0 1 0 0 0 1 3623.dat
1 71 530 -528 380 0 0 1 0 1 0 -1 0 0 3710.dat
1 484 530 -528 500 0 0 1 0 1 0 -1 0 0 3460.dat
1 71 530 -528 640 0 0 1 0 1 0 -1 0 0 3666.dat
1 484 640 -528 730 1 0 0 0 1 0 0 0 1 60479.dat
1 308 530 -528 780 0 0 1 0 1 0 -1 0 0 3710.dat
1 308 540 -528 830 1 0 0 0 1 0 0 0 1 3023.dat
1 308 550 -528 850 1 0 0 0 1 0 0 0 1 3024.dat
1 0 570 -528 880 1 0 0 0 1 0 0 0 1 3021.dat
1 484 680 -528 30 1 0 0 0 1 0 0 0 1 60479.dat
1 484 570 -528 160 0 0 1 0 1 0 -1 0 0 60479.dat
1 484 570 -528 290 1 0 0 0 1 0 0 0 1 3024.dat
1 0 580 -528 910 1 0 0 0 1 0 0 0 1 3023.dat
1 484 570 -528 930 1 0 0 0 1 0 0 0 1 3024.dat
1 484 590 -528 960 0 0 1 0 1 0 -1 0 0 3023.dat
1 484 610 -528 980 0 0 1 0 1 0 -1 0 0 3023.dat
1 484 630 -528 1000 0 0 1 0 1 0 -1 0 0 3023.dat
1 484 650 -528 1010 1 0 0 0 1 0 0 0 1 3024.dat
1 484 670 -528 1030 1 0 0 0 1 0 0 0 1 3024.dat
1 0 700 -528 1030 1 0 0 0 1 0 0 0 1 3023.dat
1 484 700 -528 1050 1 0 0 0 1 0 0 0 1 3023.dat
1 484 730 -528 1030 1 0 0 0 1 0 0 0 1 3024.dat
1 484 760 -528 1010 1 0 0 0 1 0 0 0 1 3023.dat
1 484 820 -528 730 1 0 0 0 1 0 0 0 1 3666.dat
1 484 780 -528 990 1 0 0 0 1 0 0 0 1 3023.dat
1 484 800 -528 970 1 0 0 0 1 0 0 0 1 3023.dat
1 484 830 -528 30 1 0 0 0 1 0 0 0 1 3623.dat
1 0 830 -528 870 1 0 0 0 1 0 0 0 1 3623.dat
1 0 810 -528 900 0 0 1 0 1 0 -1 0 0 3023.dat
1 484 810 -528 950 1 0 0 0 1 0 0 0 1 3024.dat
1 0 840 -528 910 1 0 0 0 1 0 0 0 1 3023.dat
1 484 830 -528 930 1 0 0 0 1 0 0 0 1 3024.dat
1 484 850 -528 160 0 0 1 0 1 0 -1 0 0 60479.dat
1 484 850 -528 300 0 0 1 0 1 0 -1 0 0 3023.dat
1 308 860 -528 850 1 0 0 0 1 0 0 0 1 3023.dat
1 0 850 -528 890 1 0 0 0 1 0 0 0 1 3024.dat
1 71 900 -528 290 1 0 0 0 1 0 0 0 1 3710.dat
1 484 870 -528 310 1 0 0 0 1 0 0 0 1 3024.dat
1 71 870 -528 360 0 0 1 0 1 0 -1 0 0 3710.dat
1 71 870 -528 410 1 0 0 0 1 0 0 0 1 3024.dat
1 484 870 -528 500 0 0 1 0 1 0 -1 0 0 3460.dat
1 71 870 -528 640 0 0 1 0 1 0 -1 0 0 3666.dat
1 71 900 -528 710 1 0 0 0 1 0 0 0 1 3710.dat
1 308 870 -528 780 0 0 1 0 1 0 -1 0 0 3710.dat
1 308 870 -528 830 1 0 0 0 1 0 0 0 1 3024.dat
1 308 870 -528 870 1 0 0 0 1 0 0 0 1 3024.dat
1 0 890 -528 330 1 0 0 0 1 0 0 0 1 3024.dat
1 0 890 -528 370 1 0 0 0 1 0 0 0 1 3024.dat
1 72 900 -528 410 1 0 0 0 1 0 0 0 1 3023.dat
1 0 890 -528 430 1 0 0 0 1 0 0 0 1 3024.dat
1 0 890 -528 560 0 0 1 0 1 0 -1 0 0 3023.dat
1 72 900 -528 590 1 0 0 0 1 0 0 0 1 3023.dat
1 0 890 -528 630 1 0 0 0 1 0 0 0 1 3024.dat
1 0 890 -528 670 1 0 0 0 1 0 0 0 1 3024.dat
1 71 920 -528 340 0 0 1 0 1 0 -1 0 0 3020.dat
1 71 920 -528 390 1 0 0 0 1 0 0 0 1 3023.dat
1 71 920 -528 640 0 0 1 0 1 0 -1 0 0 3020.dat
1 71 920 -528 690 1 0 0 0 1 0 0 0 1 3023.dat
1 71 930 -528 410 1 0 0 0 1 0 0 0 1 3024.dat
1 71 930 -528 590 1 0 0 0 1 0 0 0 1 3024.dat
1 71 500 -536 300 1 0 0 0 1 0 0 0 1 3022.dat
1 0 510 -536 330 1 0 0 0 1 0 0 0 1 3623.dat
1 71 510 -536 350 1 0 0 0 1 0 0 0 1 3623.dat
1 0 510 -536 370 1 0 0 0 1 0 0 0 1 3623.dat
1 71 510 -536 390 1 0 0 0 1 0 0 0 1 3623.dat
1 71 490 -536 410 1 0 0 0 1 0 0 0 1 3024.dat
1 71 490 -536 600 0 0 1 0 1 0 -1 0 0 3023.dat
1 0 510 -536 630 1 0 0 0 1 0 0 0 1 3623.dat
1 71 510 -536 650 1 0 0 0 1 0 0 0 1 3623.dat
1 0 510 -536 670 1 0 0 0 1 0 0 0 1 3623.dat
1 71 500 -536 700 1 0 0 0 1 0 0 0 1 3022.dat
1 72 510 -536 410 1 0 0 0 1 0 0 0 1 3024.dat
1 0 510 -536 430 1 0 0 0 1 0 0 0 1 3024.dat
1 0 510 -536 560 0 0 1 0 1 0 -1 0 0 3023.dat
1 72 510 -536 590 1 0 0 0 1 0 0 0 1 3024.dat
1 71 520 -536 610 1 0 0 0 1 0 0 0 1 3023.dat
1 71 530 -536 290 1 0 0 0 1 0 0 0 1 3024.dat
1 484 550 -536 310 1 0 0 0 1 0 0 0 1 3623.dat
1 484 530 -536 500 0 0 1 0 1 0 -1 0 0 4477.dat
1 484 530 -536 690 1 0 0 0 1 0 0 0 1 3024.dat
1 71 530 -536 710 1 0 0 0 1 0 0 0 1 3024.dat
1 484 640 -536 730 1 0 0 0 1 0 0 0 1 60479.dat
1 308 530 -536 770 0 0 1 0 1 0 -1 0 0 3623.dat
1 308 550 -536 800 0 0 1 0 1 0 -1 0 0 3710.dat
1 308 550 -536 850 1 0 0 0 1 0 0 0 1 3024.dat
1 0 570 -536 880 1 0 0 0 1 0 0 0 1 3021.dat
1 484 680 -536 30 1 0 0 0 1 0 0 0 1 60479.dat
1 484 570 -536 160 0 0 1 0 1 0 -1 0 0 60479.dat
1 484 570 -536 290 1 0 0 0 1 0 0 0 1 3024.dat
1 0 580 -536 910 1 0 0 0 1 0 0 0 1 3023.dat
1 484 580 -536 930 1 0 0 0 1 0 0 0 1 3023.dat
1 484 590 -536 950 1 0 0 0 1 0 0 0 1 3024.dat
1 484 610 -536 980 0 0 1 0 1 0 -1 0 0 3023.dat
1 484 630 -536 1000 0 0 1 0 1 0 -1 0 0 3023.dat
1 484 660 -536 1010 1 0 0 0 1 0 0 0 1 3023.dat
1 484 670 -536 1030 1 0 0 0 1 0 0 0 1 3024.dat
1 0 710 -536 1020 1 0 0 0 1 0 0 0 1 3021.dat
1 484 760 -536 1010 1 0 0 0 1 0 0 0 1 3023.dat
1 484 820 -536 730 1 0 0 0 1 0 0 0 1 3666.dat
1 484 780 -536 990 1 0 0 0 1 0 0 0 1 3023.dat
1 484 800 -536 970 1 0 0 0 1 0 0 0 1 3023.dat
1 484 820 -536 30 1 0 0 0 1 0 0 0 1 3023.dat
1 0 830 -536 870 1 0 0 0 1 0 0 0 1 3623.dat
1 0 810 -536 900 0 0 1 0 1 0 -1 0 0 3023.dat
1 484 820 -536 930 1 0 0 0 1 0 0 0 1 3023.dat
1 484 810 -536 950 1 0 0 0 1 0 0 0 1 3024.dat
1 484 830 -536 160 0 0 1 0 1 0 -1 0 0 60479.dat
1 484 830 -536 300 0 0 1 0 1 0 -1 0 0 3023.dat
1 484 830 -536 890 1 0 0 0 1 0 0 0 1 3024.dat
1 0 840 -536 910 1 0 0 0 1 0 0 0 1 3023.dat
1 484 860 -536 310 1 0 0 0 1 0 0 0 1 3023.dat
1 308 850 -536 830 0 0 1 0 1 0 -1 0 0 3623.dat
1 0 850 -536 890 1 0 0 0 1 0 0 0 1 3024.dat
1 71 890 -536 290 1 0 0 0 1 0 0 0 1 3623.dat
1 0 890 -536 330 1 0 0 0 1 0 0 0 1 3623.dat
1 484 870 -536 350 1 0 0 0 1 0 0 0 1 3024.dat
1 0 890 -536 370 1 0 0 0 1 0 0 0 1 3623.dat
1 484 870 -536 500 0 0 1 0 1 0 -1 0 0 60479.dat
1 0 890 -536 630 1 0 0 0 1 0 0 0 1 3623.dat
1 484 870 -536 650 1 0 0 0 1 0 0 0 1 3024.dat
1 0 890 -536 670 1 0 0 0 1 0 0 0 1 3623.dat
1 484 870 -536 700 0 0 1 0 1 0 -1 0 0 3023.dat
1 308 870 -536 780 0 0 1 0 1 0 -1 0 0 3710.dat
1 71 900 -536 310 1 0 0 0 1 0 0 0 1 3023.dat
1 71 900 -536 350 1 0 0 0 1 0 0 0 1 3023.dat
1 71 900 -536 390 1 0 0 0 1 0 0 0 1 3023.dat
1 72 890 -536 410 1 0 0 0 1 0 0 0 1 3024.dat
1 0 890 -536 430 1 0 0 0 1 0 0 0 1 3024.dat
1 0 890 -536 560 0 0 1 0 1 0 -1 0 0 3023.dat
1 72 890 -536 590 1 0 0 0 1 0 0 0 1 3024.dat
1 71 900 -536 610 1 0 0 0 1 0 0 0 1 3023.dat
1 71 900 -536 650 1 0 0 0 1 0 0 0 1 3023.dat
1 71 900 -536 700 1 0 0 0 1 0 0 0 1 3022.dat
1 71 910 -536 410 1 0 0 0 1 0 0 0 1 3024.dat
1 71 910 -536 590 1 0 0 0 1 0 0 0 1 3024.dat
1 71 500 -544 300 1 0 0 0 1 0 0 0 1 3022.dat
1 0 510 -544 330 1 0 0 0 1 0 0 0 1 3623.dat
1 71 500 -544 350 1 0 0 0 1 0 0 0 1 3023.dat
1 0 490 -544 370 1 0 0 0 1 0 0 0 1 3024.dat
1 71 500 -544 400 1 0 0 0 1 0 0 0 1 3022.dat
1 71 500 -544 600 1 0 0 0 1 0 0 0 1 3022.dat
1 0 490 -544 630 1 0 0 0 1 0 0 0 1 3024.dat
1 71 500 -544 650 1 0 0 0 1 0 0 0 1 3023.dat
1 0 490 -544 670 1 0 0 0 1 0 0 0 1 3024.dat
1 71 500 -544 700 1 0 0 0 1 0 0 0 1 3022.dat
1 71 510 -544 370 1 0 0 0 1 0 0 0 1 3024.dat
1 0 520 -544 430 1 0 0 0 1 0 0 0 1 3023.dat
1 0 510 -544 560 0 0 1 0 1 0 -1 0 0 3023.dat
1 71 510 -544 630 1 0 0 0 1 0 0 0 1 3024.dat
1 71 510 -544 670 1 0 0 0 1 0 0 0 1 3024.dat
1 484 550 -544 310 1 0 0 0 1 0 0 0 1 3623.dat
1 484 530 -544 350 1 0 0 0 1 0 0 0 1 3024.dat
1 0 530 -544 370 1 0 0 0 1 0 0 0 1 3024.dat
1 484 530 -544 400 0 0 1 0 1 0 -1 0 0 3023.dat
1 484 530 -544 500 0 0 1 0 1 0 -1 0 0 3666.dat
1 0 530 -544 570 1 0 0 0 1 0 0 0 1 3024.dat
1 484 530 -544 600 0 0 1 0 1 0 -1 0 0 3023.dat
1 0 530 -544 630 1 0 0 0 1 0 0 0 1 3024.dat
1 484 530 -544 650 1 0 0 0 1 0 0 0 1 3024.dat
1 0 530 -544 670 1 0 0 0 1 0 0 0 1 3024.dat
1 484 530 -544 710 0 0 1 0 1 0 -1 0 0 3623.dat
1 484 660 -544 730 1 0 0 0 1 0 0 0 1 60479.dat
1 308 550 -544 800 0 0 1 0 1 0 -1 0 0 3666.dat
1 0 570 -544 880 1 0 0 0 1 0 0 0 1 3021.dat
1 484 680 -544 30 1 0 0 0 1 0 0 0 1 60479.dat
1 484 570 -544 160 0 0 1 0 1 0 -1 0 0 60479.dat
1 484 570 -544 290 1 0 0 0 1 0 0 0 1 3024.dat
1 0 580 -544 910 1 0 0 0 1 0 0 0 1 3023.dat
1 484 580 -544 930 1 0 0 0 1 0 0 0 1 3023.dat
1 484 590 -544 950 1 0 0 0 1 0 0 0 1 3024.dat
1 484 610 -544 980 0 0 1 0 1 0 -1 0 0 3023.dat
1 484 630 -544 1000 0 0 1 0 1 0 -1 0 0 3023.dat
1 484 660 -544 1010 1 0 0 0 1 0 0 0 1 3023.dat
1 484 670 -544 1030 1 0 0 0 1 0 0 0 1 3024.dat
1 0 710 -544 1020 1 0 0 0 1 0 0 0 1 3021.dat
1 484 760 -544 1010 1 0 0 0 1 0 0 0 1 3023.dat
1 484 780 -544 990 1 0 0 0 1 0 0 0 1 3023.dat
1 484 820 -544 730 1 0 0 0 1 0 0 0 1 3710.dat
1 484 800 -544 970 1 0 0 0 1 0 0 0 1 3023.dat
1 484 820 -544 30 1 0 0 0 1 0 0 0 1 3023.dat
1 0 830 -544 870 1 0 0 0 1 0 0 0 1 3623.dat
1 0 810 -544 900 0 0 1 0 1 0 -1 0 0 3023.dat
1 484 820 -544 930 1 0 0 0 1 0 0 0 1 3023.dat
1 484 810 -544 950 1 0 0 0 1 0 0 0 1 3024.dat
1 484 830 -544 160 0 0 1 0 1 0 -1 0 0 60479.dat
1 484 830 -544 300 0 0 1 0 1 0 -1 0 0 3023.dat
1 484 830 -544 890 1 0 0 0 1 0 0 0 1 3024.dat
1 0 840 -544 910 1 0 0 0 1 0 0 0 1 3023.dat
1 484 860 -544 310 1 0 0 0 1 0 0 0 1 3023.dat
1 308 850 -544 800 0 0 1 0 1 0 -1 0 0 3666.dat
1 0 850 -544 890 1 0 0 0 1 0 0 0 1 3024.dat
1 0 890 -544 330 1 0 0 0 1 0 0 0 1 3623.dat
1 484 870 -544 350 1 0 0 0 1 0 0 0 1 3024.dat
1 0 870 -544 370 1 0 0 0 1 0 0 0 1 3024.dat
1 484 870 -544 500 0 0 1 0 1 0 -1 0 0 60479.dat
1 0 870 -544 630 1 0 0 0 1 0 0 0 1 3024.dat
1 484 870 -544 650 1 0 0 0 1 0 0 0 1 3024.dat
1 0 870 -544 670 1 0 0 0 1 0 0 0 1 3024.dat
1 484 870 -544 710 0 0 1 0 1 0 -1 0 0 3623.dat
1 308 870 -544 760 0 0 1 0 1 0 -1 0 0 3023.dat
1 71 900 -544 300 1 0 0 0 1 0 0 0 1 3022.dat
1 71 890 -544 380 0 0 1 0 1 0 -1 0 0 3710.dat
1 0 890 -544 430 1 0 0 0 1 0 0 0 1 3024.dat
1 0 890 -544 560 0 0 1 0 1 0 -1 0 0 3023.dat
1 71 890 -544 640 0 0 1 0 1 0 -1 0 0 3666.dat
1 71 900 -544 710 1 0 0 0 1 0 0 0 1 3023.dat
1 71 910 -544 350 1 0 0 0 1 0 0 0 1 3024.dat
1 0 910 -544 370 1 0 0 0 1 0 0 0 1 3024.dat
1 71 910 -544 400 0 0 1 0 1 0 -1 0 0 3023.dat
1 71 910 -544 600 0 0 1 0 1 0 -1 0 0 3023.dat
1 0 910 -544 630 1 0 0 0 1 0 0 0 1 3024.dat
1 71 910 -544 650 1 0 0 0 1 0 0 0 1 3024.dat
1 0 910 -544 670 1 0 0 0 1 0 0 0 1 3024.dat
1 71 910 -544 690 1 0 0 0 1 0 0 0 1 3024.dat
1 0 510 -552 330 1 0 0 0 1 0 0 0 1 3623.dat
1 0 510 -552 370 1 0 0 0 1 0 0 0 1 3623.dat
1 0 510 -552 630 1 0 0 0 1 0 0 0 1 3623.dat
1 0 510 -552 670 1 0 0 0 1 0 0 0 1 3623.dat
1 71 520 -552 290 1 0 0 0 1 0 0 0 1 3023.dat
1 71 510 -552 310 1 0 0 0 1 0 0 0 1 3024.dat
1 71 520 -552 350 1 0 0 0 1 0 0 0 1 3023.dat
1 71 520 -552 400 1 0 0 0 1 0 0 0 1 3022.dat
1 0 520 -552 430 1 0 0 0 1 0 0 0 1 3023.dat
1 0 520 -552 560 1 0 0 0 1 0 0 0 1 3022.dat
1 71 520 -552 600 1 0 0 0 1 0 0 0 1 3022.dat
1 71 520 -552 650 1 0 0 0 1 0 0 0 1 3023.dat
1 71 520 -552 700 1 0 0 0 1 0 0 0 1 3022.dat
1 484 550 -552 310 1 0 0 0 1 0 0 0 1 3623.dat
1 484 530 -552 480 0 0 1 0 1 0 -1 0 0 3710.dat
1 484 530 -552 530 1 0 0 0 1 0 0 0 1 3024.dat
1 484 640 -552 730 1 0 0 0 1 0 0 0 1 60479.dat
1 308 550 -552 800 0 0 1 0 1 0 -1 0 0 3666.dat
1 0 570 -552 880 1 0 0 0 1 0 0 0 1 3021.dat
1 484 570 -552 120 0 0 1 0 1 0 -1 0 0 60479.dat
1 484 570 -552 270 0 0 1 0 1 0 -1 0 0 3623.dat
1 0 580 -552 910 1 0 0 0 1 0 0 0 1 3023.dat
1 484 610 -552 20 1 0 0 0 1 0 0 0 1 3021.dat
1 484 590 -552 940 0 0 1 0 1 0 -1 0 0 3023.dat
1 484 610 -552 950 1 0 0 0 1 0 0 0 1 3024.dat
1 0 610 -552 970 1 0 0 0 1 0 0 0 1 3024.dat
1 484 620 -552 990 1 0 0 0 1 0 0 0 1 3023.dat
1 484 740 -552 30 1 0 0 0 1 0 0 0 1 4477.dat
1 484 660 -552 1010 1 0 0 0 1 0 0 0 1 3023.dat
1 0 710 -552 1020 1 0 0 0 1 0 0 0 1 3021.dat
1 484 750 -552 1010 1 0 0 0 1 0 0 0 1 3024.dat
1 484 800 -552 10 1 0 0 0 1 0 0 0 1 3710.dat
1 484 820 -552 730 1 0 0 0 1 0 0 0 1 3666.dat
1 484 780 -552 990 1 0 0 0 1 0 0 0 1 3023.dat
1 0 790 -552 970 1 0 0 0 1 0 0 0 1 3024.dat
1 0 830 -552 870 1 0 0 0 1 0 0 0 1 3623.dat
1 0 810 -552 900 0 0 1 0 1 0 -1 0 0 3023.dat
1 484 810 -552 940 0 0 1 0 1 0 -1 0 0 3023.dat
1 484 830 -552 160 0 0 1 0 1 0 -1 0 0 60479.dat
1 484 830 -552 300 0 0 1 0 1 0 -1 0 0 3023.dat
1 484 830 -552 890 1 0 0 0 1 0 0 0 1 3024.dat
1 0 840 -552 910 1 0 0 0 1 0 0 0 1 3023.dat
1 484 860 -552 310 1 0 0 0 1 0 0 0 1 3023.dat
1 308 850 -552 800 0 0 1 0 1 0 -1 0 0 3666.dat
1 0 850 -552 890 1 0 0 0 1 0 0 0 1 3024.dat
1 71 880 -552 290 1 0 0 0 1 0 0 0 1 3023.dat
1 0 890 -552 330 1 0 0 0 1 0 0 0 1 3623.dat
1 71 880 -552 350 1 0 0 0 1 0 0 0 1 3023.dat
1 0 890 -552 370 1 0 0 0 1 0 0 0 1 3623.dat
1 71 880 -552 400 1 0 0 0 1 0 0 0 1 3022.dat
1 0 880 -552 430 1 0 0 0 1 0 0 0 1 3023.dat
1 484 870 -552 480 0 0 1 0 1 0 -1 0 0 3710.dat
1 484 870 -552 530 1 0 0 0 1 0 0 0 1 3024.dat
1 0 880 -552 560 1 0 0 0 1 0 0 0 1 3022.dat
1 71 880 -552 600 1 0 0 0 1 0 0 0 1 3022.dat
1 0 890 -552 630 1 0 0 0 1 0 0 0 1 3623.dat
1 71 880 -552 650 1 0 0 0 1 0 0 0 1 3023.dat
1 0 890 -552 670 1 0 0 0 1 0 0 0 1 3623.dat
1 71 880 -552 700 1 0 0 0 1 0 0 0 1 3022.dat
1 71 890 -552 310 1 0 0 0 1 0 0 0 1 3024.dat
1 71 520 -560 300 1 0 0 0 1 0 0 0 1 3022.dat
1 0 530 -560 330 1 0 0 0 1 0 0 0 1 3623.dat
1 71 530 -560 350 1 0 0 0 1 0 0 0 1 3623.dat
1 0 530 -560 370 1 0 0 0 1 0 0 0 1 3623.dat
1 71 520 -560 400 1 0 0 0 1 0 0 0 1 3022.dat
1 0 520 -560 430 1 0 0 0 1 0 0 0 1 3023.dat
1 0 520 -560 570 1 0 0 0 1 0 0 0 1 3023.dat
1 71 520 -560 600 1 0 0 0 1 0 0 0 1 3022.dat
1 0 530 -560 630 1 0 0 0 1 0 0 0 1 3623.dat
1 71 530 -560 650 1 0 0 0 1 0 0 0 1 3623.dat
1 0 530 -560 670 1 0 0 0 1 0 0 0 1 3623.dat
1 71 520 -560 700 1 0 0 0 1 0 0 0 1 3022.dat
1 484 540 -560 480 0 0 1 0 1 0 -1 0 0 3020.dat
1 484 540 -560 530 1 0 0 0 1 0 0 0 1 3023.dat
1 0 530 -560 550 1 0 0 0 1 0 0 0 1 3024.dat
1 484 640 -560 730 1 0 0 0 1 0 0 0 1 60479.dat
1 71 550 -560 290 1 0 0 0 1 0 0 0 1 3024.dat
1 484 560 -560 310 1 0 0 0 1 0 0 0 1 3023.dat
1 71 550 -560 390 1 0 0 0 1 0 0 0 1 3024.dat
1 484 550 -560 420 0 0 1 0 1 0 -1 0 0 3023.dat
1 484 550 -560 570 0 0 1 0 1 0 -1 0 0 3623.dat
1 71 550 -560 610 1 0 0 0 1 0 0 0 1 3024.dat
1 484 550 -560 690 1 0 0 0 1 0 0 0 1 3024.dat
1 71 550 -560 710 1 0 0 0 1 0 0 0 1 3024.dat
1 308 550 -560 800 0 0 1 0 1 0 -1 0 0 3666.dat
1 0 570 -560 880 1 0 0 0 1 0 0 0 1 3021.dat
1 484 680 -560 10 1 0 0 0 1 0 0 0 1 60479.dat
1 484 570 -560 140 0 0 1 0 1 0 -1 0 0 60479.dat
1 484 570 -560 280 0 0 1 0 1 0 -1 0 0 3023.dat
1 0 580 -560 910 1 0 0 0 1 0 0 0 1 3023.dat
1 484 590 -560 940 0 0 1 0 1 0 -1 0 0 3023.dat
1 484 610 -560 960 0 0 1 0 1 0 -1 0 0 3023.dat
1 323 610 -560 990 1 0 0 0 1 0 0 0 1 3024.dat
1 484 630 -560 980 0 0 1 0 1 0 -1 0 0 3023.dat
1 484 700 -560 30 1 0 0 0 1 0 0 0 1 3666.dat
1 0 700 -560 970 1 0 0 0 1 0 0 0 1 3666.dat
1 484 650 -560 1000 0 0 1 0 1 0 -1 0 0 3023.dat
1 484 670 -560 1010 1 0 0 0 1 0 0 0 1 3024.dat
1 0 710 -560 1020 1 0 0 0 1 0 0 0 1 3021.dat
1 484 760 -560 990 1 0 0 0 1 0 0 0 1 3023.dat
1 484 750 -560 1010 1 0 0 0 1 0 0 0 1 3024.dat
1 484 820 -560 730 1 0 0 0 1 0 0 0 1 3666.dat
1 484 780 -560 970 1 0 0 0 1 0 0 0 1 3023.dat
1 484 800 -560 950 1 0 0 0 1 0 0 0 1 3023.dat
1 323 790 -560 990 1 0 0 0 1 0 0 0 1 3024.dat
1 484 820 -560 10 1 0 0 0 1 0 0 0 1 3023.dat
1 0 830 -560 870 1 0 0 0 1 0 0 0 1 3623.dat
1 0 810 -560 900 0 0 1 0 1 0 -1 0 0 3023.dat
1 484 810 -560 930 1 0 0 0 1 0 0 0 1 3024.dat
1 484 810 -560 990 1 0 0 0 1 0 0 0 1 3024.dat
1 484 830 -560 140 0 0 1 0 1 0 -1 0 0 60479.dat
1 484 830 -560 290 0 0 1 0 1 0 -1 0 0 3623.dat
1 484 830 -560 890 1 0 0 0 1 0 0 0 1 3024.dat
1 0 840 -560 910 1 0 0 0 1 0 0 0 1 3023.dat
1 484 850 -560 310 1 0 0 0 1 0 0 0 1 3024.dat
1 0 870 -560 330 1 0 0 0 1 0 0 0 1 3623.dat
1 0 870 -560 370 1 0 0 0 1 0 0 0 1 3623.dat
1 0 870 -560 630 1 0 0 0 1 0 0 0 1 3623.dat
1 0 870 -560 670 1 0 0 0 1 0 0 0 1 3623.dat
1 308 850 -560 800 0 0 1 0 1 0 -1 0 0 3666.dat
1 0 850 -560 890 1 0 0 0 1 0 0 0 1 3024.dat
1 71 880 -560 300 1 0 0 0 1 0 0 0 1 3022.dat
1 71 880 -560 350 1 0 0 0 1 0 0 0 1 3023.dat
1 71 880 -560 400 1 0 0 0 1 0 0 0 1 3022.dat
1 0 880 -560 430 1 0 0 0 1 0 0 0 1 3023.dat
1 484 870 -560 480 0 0 1 0 1 0 -1 0 0 3710.dat
1 484 870 -560 530 1 0 0 0 1 0 0 0 1 3024.dat
1 0 880 -560 560 1 0 0 0 1 0 0 0 1 3022.dat
1 71 880 -560 600 1 0 0 0 1 0 0 0 1 3022.dat
1 71 880 -560 650 1 0 0 0 1 0 0 0 1 3023.dat
1 71 880 -560 700 1 0 0 0 1 0 0 0 1 3022.dat
1 71 510 -568 300 0 0 1 0 1 0 -1 0 0 3023.dat
1 0 530 -568 330 1 0 0 0 1 0 0 0 1 3623.dat
1 71 510 -568 350 1 0 0 0 1 0 0 0 1 3024.dat
1 0 530 -568 370 1 0 0 0 1 0 0 0 1 3623.dat
1 71 510 -568 400 0 0 1 0 1 0 -1 0 0 3023.dat
1 71 510 -568 600 0 0 1 0 1 0 -1 0 0 3023.dat
1 0 530 -568 630 1 0 0 0 1 0 0 0 1 3623.dat
1 71 510 -568 650 1 0 0 0 1 0 0 0 1 3024.dat
1 0 530 -568 670 1 0 0 0 1 0 0 0 1 3623.dat
1 71 510 -568 700 0 0 1 0 1 0 -1 0 0 3023.dat
1 72 530 -568 290 1 0 0 0 1 0 0 0 1 3024.dat
1 72 530 -568 410 1 0 0 0 1 0 0 0 1 3024.dat
1 0 530 -568 430 1 0 0 0 1 0 0 0 1 3024.dat
1 0 530 -568 560 0 0 1 0 1 0 -1 0 0 3023.dat
1 72 530 -568 590 1 0 0 0 1 0 0 0 1 3024.dat
1 72 530 -568 710 1 0 0 0 1 0 0 0 1 3024.dat
1 71 550 -568 290 1 0 0 0 1 0 0 0 1 3024.dat
1 484 560 -568 310 1 0 0 0 1 0 0 0 1 3023.dat
1 71 550 -568 350 1 0 0 0 1 0 0 0 1 3024.dat
1 71 550 -568 400 0 0 1 0 1 0 -1 0 0 3023.dat
1 484 550 -568 500 0 0 1 0 1 0 -1 0 0 3460.dat
1 71 550 -568 600 0 0 1 0 1 0 -1 0 0 3023.dat
1 71 550 -568 650 1 0 0 0 1 0 0 0 1 3024.dat
1 71 550 -568 700 0 0 1 0 1 0 -1 0 0 3023.dat
1 484 660 -568 730 1 0 0 0 1 0 0 0 1 60479.dat
1 308 550 -568 780 0 0 1 0 1 0 -1 0 0 3710.dat
1 308 560 -568 830 1 0 0 0 1 0 0 0 1 3023.dat
1 0 570 -568 880 1 0 0 0 1 0 0 0 1 3021.dat
1 484 680 -568 10 1 0 0 0 1 0 0 0 1 60479.dat
1 484 570 -568 140 0 0 1 0 1 0 -1 0 0 60479.dat
1 484 570 -568 280 0 0 1 0 1 0 -1 0 0 3023.dat
1 308 570 -568 810 1 0 0 0 1 0 0 0 1 3024.dat
1 308 570 -568 850 1 0 0 0 1 0 0 0 1 3024.dat
1 0 580 -568 910 1 0 0 0 1 0 0 0 1 3023.dat
1 484 600 -568 930 1 0 0 0 1 0 0 0 1 3023.dat
1 484 620 -568 960 1 0 0 0 1 0 0 0 1 3022.dat
1 323 610 -568 990 1 0 0 0 1 0 0 0 1 3024.dat
1 484 650 -568 990 1 0 0 0 1 0 0 0 1 3623.dat
1 0 700 -568 970 1 0 0 0 1 0 0 0 1 3666.dat
1 484 670 -568 1010 1 0 0 0 1 0 0 0 1 3024.dat
1 0 700 -568 1020 1 0 0 0 1 0 0 0 1 3022.dat
1 484 750 -568 990 1 0 0 0 1 0 0 0 1 3623.dat
1 484 730 -568 1010 1 0 0 0 1 0 0 0 1 3024.dat
1 484 780 -568 960 1 0 0 0 1 0 0 0 1 3022.dat
1 484 820 -568 730 1 0 0 0 1 0 0 0 1 3710.dat
1 323 790 -568 990 1 0 0 0 1 0 0 0 1 3024.dat
1 484 820 -568 10 1 0 0 0 1 0 0 0 1 3023.dat
1 0 830 -568 870 1 0 0 0 1 0 0 0 1 3623.dat
1 0 810 -568 900 0 0 1 0 1 0 -1 0 0 3023.dat
1 484 810 -568 940 0 0 1 0 1 0 -1 0 0 3023.dat
1 484 810 -568 990 1 0 0 0 1 0 0 0 1 3024.dat
1 484 830 -568 140 0 0 1 0 1 0 -1 0 0 60479.dat
1 484 830 -568 290 0 0 1 0 1 0 -1 0 0 3623.dat
1 308 840 -568 850 1 0 0 0 1 0 0 0 1 3023.dat
1 484 830 -568 890 1 0 0 0 1 0 0 0 1 3024.dat
1 0 840 -568 910 1 0 0 0 1 0 0 0 1 3023.dat
1 71 860 -568 290 1 0 0 0 1 0 0 0 1 3023.dat
1 484 850 -568 310 1 0 0 0 1 0 0 0 1 3024.dat
1 0 870 -568 330 1 0 0 0 1 0 0 0 1 3623.dat
1 71 880 -568 350 1 0 0 0 1 0 0 0 1 3710.dat
1 0 870 -568 370 1 0 0 0 1 0 0 0 1 3623.dat
1 71 880 -568 390 1 0 0 0 1 0 0 0 1 3710.dat
1 71 850 -568 410 1 0 0 0 1 0 0 0 1 3024.dat
1 484 850 -568 500 0 0 1 0 1 0 -1 0 0 3460.dat
1 71 850 -568 600 0 0 1 0 1 0 -1 0 0 3023.dat
1 0 870 -568 630 1 0 0 0 1 0 0 0 1 3623.dat
1 71 880 -568 650 1 0 0 0 1 0 0 0 1 3710.dat
1 0 870 -568 670 1 0 0 0 1 0 0 0 1 3623.dat
1 71 880 -568 690 1 0 0 0 1 0 0 0 1 3710.dat
1 71 860 -568 710 1 0 0 0 1 0 0 0 1 3023.dat
1 308 850 -568 780 0 0 1 0 1 0 -1 0 0 3710.dat
1 308 850 -568 830 1 0 0 0 1 0 0 0 1 3024.dat
1 0 850 -568 890 1 0 0 0 1 0 0 0 1 3024.dat
1 71 890 -568 310 1 0 0 0 1 0 0 0 1 3623.dat
1 72 880 -568 410 1 0 0 0 1 0 0 0 1 3023.dat
1 0 870 -568 430 1 0 0 0 1 0 0 0 1 3024.dat
1 484 870 -568 480 0 0 1 0 1 0 -1 0 0 3710.dat
1 484 870 -568 530 1 0 0 0 1 0 0 0 1 3024.dat
1 0 870 -568 560 0 0 1 0 1 0 -1 0 0 3023.dat
1 72 880 -568 590 1 0 0 0 1 0 0 0 1 3023.dat
1 71 890 -568 610 1 0 0 0 1 0 0 0 1 3623.dat
1 484 870 -568 730 1 0 0 0 1 0 0 0 1 3024.dat
1 72 890 -568 290 1 0 0 0 1 0 0 0 1 3024.dat
1 72 890 -568 710 1 0 0 0 1 0 0 0 1 3024.dat
1 71 910 -568 290 1 0 0 0 1 0 0 0 1 3024.dat
1 71 910 -568 330 1 0 0 0 1 0 0 0 1 3024.dat
1 71 910 -568 370 1 0 0 0 1 0 0 0 1 3024.dat
1 71 910 -568 410 1 0 0 0 1 0 0 0 1 3024.dat
1 71 910 -568 590 1 0 0 0 1 0 0 0 1 3024.dat
1 71 910 -568 630 1 0 0 0 1 0 0 0 1 3024.dat
1 71 910 -568 670 1 0 0 0 1 0 0 0 1 3024.dat
1 71 910 -568 710 1 0 0 0 1 0 0 0 1 3024.dat
1 71 490 -576 340 0 0 1 0 1 0 -1 0 0 3666.dat
1 71 500 -576 410 1 0 0 0 1 0 0 0 1 3023.dat
1 71 490 -576 640 0 0 1 0 1 0 -1 0 0 3666.dat
1 71 500 -576 710 1 0 0 0 1 0 0 0 1 3023.dat
1 71 510 -576 300 0 0 1 0 1 0 -1 0 0 3023.dat
1 0 520 -576 330 1 0 0 0 1 0 0 0 1 3023.dat
1 71 510 -576 350 1 0 0 0 1 0 0 0 1 3024.dat
1 0 520 -576 370 1 0 0 0 1 0 0 0 1 3023.dat
1 71 510 -576 390 1 0 0 0 1 0 0 0 1 3024.dat
1 0 520 -576 430 1 0 0 0 1 0 0 0 1 3023.dat
1 0 520 -576 570 1 0 0 0 1 0 0 0 1 3023.dat
1 71 510 -576 600 0 0 1 0 1 0 -1 0 0 3023.dat
1 0 520 -576 630 1 0 0 0 1 0 0 0 1 3023.dat
1 71 510 -576 650 1 0 0 0 1 0 0 0 1 3024.dat
1 0 520 -576 670 1 0 0 0 1 0 0 0 1 3023.dat
1 71 510 -576 690 1 0 0 0 1 0 0 0 1 3024.dat
1 72 530 -576 290 1 0 0 0 1 0 0 0 1 3024.dat
1 0 530 -576 410 1 0 0 0 1 0 0 0 1 3024.dat
1 0 530 -576 550 1 0 0 0 1 0 0 0 1 3024.dat
1 0 530 -576 590 1 0 0 0 1 0 0 0 1 3024.dat
1 72 530 -576 710 1 0 0 0 1 0 0 0 1 3024.dat
1 71 550 -576 290 1 0 0 0 1 0 0 0 1 3024.dat
1 484 560 -576 310 1 0 0 0 1 0 0 0 1 3023.dat
1 71 550 -576 360 0 0 1 0 1 0 -1 0 0 3710.dat
1 71 550 -576 410 1 0 0 0 1 0 0 0 1 3024.dat
1 484 550 -576 500 0 0 1 0 1 0 -1 0 0 3460.dat
1 71 550 -576 640 0 0 1 0 1 0 -1 0 0 3666.dat
1 71 550 -576 710 1 0 0 0 1 0 0 0 1 3024.dat
1 484 660 -576 730 1 0 0 0 1 0 0 0 1 60479.dat
1 308 560 -576 760 1 0 0 0 1 0 0 0 1 3022.dat
1 0 570 -576 880 1 0 0 0 1 0 0 0 1 3021.dat
1 484 680 -576 10 1 0 0 0 1 0 0 0 1 60479.dat
1 484 570 -576 140 0 0 1 0 1 0 -1 0 0 60479.dat
1 484 570 -576 280 0 0 1 0 1 0 -1 0 0 3023.dat
1 308 570 -576 820 0 0 1 0 1 0 -1 0 0 3710.dat
1 0 580 -576 910 1 0 0 0 1 0 0 0 1 3023.dat
1 484 610 -576 930 1 0 0 0 1 0 0 0 1 3623.dat
1 484 610 -576 910 1 0 0 0 1 0 0 0 1 3024.dat
1 484 630 -576 950 1 0 0 0 1 0 0 0 1 3623.dat
1 0 700 -576 970 1 0 0 0 1 0 0 0 1 3666.dat
1 484 700 -576 990 1 0 0 0 1 0 0 0 1 3666.dat
1 484 770 -576 950 1 0 0 0 1 0 0 0 1 3623.dat
1 484 790 -576 930 1 0 0 0 1 0 0 0 1 3623.dat
1 484 820 -576 730 1 0 0 0 1 0 0 0 1 3710.dat
1 484 820 -576 10 1 0 0 0 1 0 0 0 1 3023.dat
1 0 830 -576 870 1 0 0 0 1 0 0 0 1 3623.dat
1 0 810 -576 900 0 0 1 0 1 0 -1 0 0 3023.dat
1 484 830 -576 140 0 0 1 0 1 0 -1 0 0 60479.dat
1 484 830 -576 290 0 0 1 0 1 0 -1 0 0 3623.dat
1 308 830 -576 820 0 0 1 0 1 0 -1 0 0 3710.dat
1 484 830 -576 890 1 0 0 0 1 0 0 0 1 3024.dat
1 0 840 -576 910 1 0 0 0 1 0 0 0 1 3023.dat
1 71 850 -576 290 1 0 0 0 1 0 0 0 1 3024.dat
1 484 850 -576 310 1 0 0 0 1 0 0 0 1 3024.dat
1 71 850 -576 360 0 0 1 0 1 0 -1 0 0 3710.dat
1 71 850 -576 410 1 0 0 0 1 0 0 0 1 3024.dat
1 484 850 -576 500 0 0 1 0 1 0 -1 0 0 3460.dat
1 71 850 -576 640 0 0 1 0 1 0 -1 0 0 3666.dat
1 71 850 -576 710 1 0 0 0 1 0 0 0 1 3024.dat
1 308 850 -576 780 0 0 1 0 1 0 -1 0 0 3710.dat
1 0 850 -576 890 1 0 0 0 1 0 0 0 1 3024.dat
1 72 880 -576 290 1 0 0 0 1 0 0 0 1 3023.dat
1 0 880 -576 330 1 0 0 0 1 0 0 0 1 3023.dat
1 0 880 -576 370 1 0 0 0 1 0 0 0 1 3023.dat
1 0 880 -576 420 1 0 0 0 1 0 0 0 1 3022.dat
1 0 870 -576 570 0 0 1 0 1 0 -1 0 0 3623.dat
1 0 880 -576 630 1 0 0 0 1 0 0 0 1 3023.dat
1 0 880 -576 670 1 0 0 0 1 0 0 0 1 3023.dat
1 72 880 -576 710 1 0 0 0 1 0 0 0 1 3023.dat
1 0 890 -576 580 0 0 1 0 1 0 -1 0 0 3023.dat
1 71 910 -576 340 0 0 1 0 1 0 -1 0 0 3666.dat
1 71 910 -576 410 1 0 0 0 1 0 0 0 1 3024.dat
1 71 910 -576 640 0 0 1 0 1 0 -1 0 0 3666.dat
1 71 910 -576 710 1 0 0 0 1 0 0 0 1 3024.dat
1 71 510 -584 300 0 0 1 0 1 0 -1 0 0 3023.dat
1 0 520 -584 330 1 0 0 0 1 0 0 0 1 3023.dat
1 71 510 -584 350 1 0 0 0 1 0 0 0 1 3024.dat
1 0 520 -584 370 1 0 0 0 1 0 0 0 1 3023.dat
1 71 510 -584 400 0 0 1 0 1 0 -1 0 0 3023.dat
1 71 510 -584 600 0 0 1 0 1 0 -1 0 0 3023.dat
1 0 520 -584 630 1 0 0 0 1 0 0 0 1 3023.dat
1 71 510 -584 650 1 0 0 0 1 0 0 0 1 3024.dat
1 0 520 -584 670 1 0 0 0 1 0 0 0 1 3023.dat
1 71 510 -584 700 0 0 1 0 1 0 -1 0 0 3023.dat
1 72 530 -584 290 1 0 0 0 1 0 0 0 1 3024.dat
1 0 530 -584 420 0 0 1 0 1 0 -1 0 0 3023.dat
1 0 540 -584 560 1 0 0 0 1 0 0 0 1 3022.dat
1 0 530 -584 590 1 0 0 0 1 0 0 0 1 3024.dat
1 72 530 -584 710 1 0 0 0 1 0 0 0 1 3024.dat
1 71 550 -584 290 1 0 0 0 1 0 0 0 1 3024.dat
1 484 560 -584 310 1 0 0 0 1 0 0 0 1 3023.dat
1 71 550 -584 360 0 0 1 0 1 0 -1 0 0 3710.dat
1 71 550 -584 410 1 0 0 0 1 0 0 0 1 3024.dat
1 0 550 -584 430 1 0 0 0 1 0 0 0 1 3024.dat
1 484 550 -584 480 0 0 1 0 1 0 -1 0 0 3710.dat
1 484 550 -584 530 1 0 0 0 1 0 0 0 1 3024.dat
1 71 550 -584 640 0 0 1 0 1 0 -1 0 0 3666.dat
1 71 550 -584 710 1 0 0 0 1 0 0 0 1 3024.dat
1 484 660 -584 730 1 0 0 0 1 0 0 0 1 60479.dat
1 0 570 -584 880 1 0 0 0 1 0 0 0 1 3021.dat
1 484 680 -584 10 1 0 0 0 1 0 0 0 1 60479.dat
1 484 570 -584 140 0 0 1 0 1 0 -1 0 0 60479.dat
1 484 570 -584 280 0 0 1 0 1 0 -1 0 0 3023.dat
1 308 570 -584 800 0 0 1 0 1 0 -1 0 0 3666.dat
1 0 580 -584 910 1 0 0 0 1 0 0 0 1 3023.dat
1 484 610 -584 910 0 0 1 0 1 0 -1 0 0 3623.dat
1 484 630 -584 920 0 0 1 0 1 0 -1 0 0 3023.dat
1 484 650 -584 940 0 0 1 0 1 0 -1 0 0 3023.dat
1 0 700 -584 970 1 0 0 0 1 0 0 0 1 3666.dat
1 484 670 -584 950 1 0 0 0 1 0 0 0 1 3024.dat
1 484 700 -584 990 1 0 0 0 1 0 0 0 1 3710.dat
1 484 740 -584 950 1 0 0 0 1 0 0 0 1 3023.dat
1 484 770 -584 930 1 0 0 0 1 0 0 0 1 3623.dat
1 484 780 -584 910 1 0 0 0 1 0 0 0 1 3023.dat
1 484 820 -584 730 1 0 0 0 1 0 0 0 1 3710.dat
1 484 820 -584 10 1 0 0 0 1 0 0 0 1 3023.dat
1 0 830 -584 870 1 0 0 0 1 0 0 0 1 3623.dat
1 0 810 -584 900 0 0 1 0 1 0 -1 0 0 3023.dat
1 484 830 -584 140 0 0 1 0 1 0 -1 0 0 60479.dat
1 484 830 -584 290 0 0 1 0 1 0 -1 0 0 3623.dat
1 308 830 -584 800 0 0 1 0 1 0 -1 0 0 3666.dat
1 484 830 -584 890 1 0 0 0 1 0 0 0 1 3024.dat
1 0 840 -584 910 1 0 0 0 1 0 0 0 1 3023.dat
1 71 880 -584 290 1 0 0 0 1 0 0 0 1 3710.dat
1 484 850 -584 320 0 0 1 0 1 0 -1 0 0 3023.dat
1 71 880 -584 350 1 0 0 0 1 0 0 0 1 3710.dat
1 71 850 -584 380 0 0 1 0 1 0 -1 0 0 3023.dat
1 484 850 -584 410 1 0 0 0 1 0 0 0 1 3024.dat
1 0 860 -584 430 1 0 0 0 1 0 0 0 1 3023.dat
1 484 850 -584 500 0 0 1 0 1 0 -1 0 0 3666.dat
1 0 860 -584 570 1 0 0 0 1 0 0 0 1 3023.dat
1 484 850 -584 590 1 0 0 0 1 0 0 0 1 3024.dat
1 71 880 -584 610 1 0 0 0 1 0 0 0 1 3710.dat
1 71 850 -584 650 0 0 1 0 1 0 -1 0 0 3623.dat
1 484 850 -584 690 1 0 0 0 1 0 0 0 1 3024.dat
1 71 880 -584 710 1 0 0 0 1 0 0 0 1 3710.dat
1 308 850 -584 750 1 0 0 0 1 0 0 0 1 3024.dat
1 0 850 -584 890 1 0 0 0 1 0 0 0 1 3024.dat
1 71 890 -584 310 1 0 0 0 1 0 0 0 1 3623.dat
1 0 880 -584 330 1 0 0 0 1 0 0 0 1 3023.dat
1 0 880 -584 370 1 0 0 0 1 0 0 0 1 3023.dat
1 71 890 -584 390 1 0 0 0 1 0 0 0 1 3623.dat
1 0 870 -584 410 1 0 0 0 1 0 0 0 1 3024.dat
1 0 870 -584 550 1 0 0 0 1 0 0 0 1 3024.dat
1 0 870 -584 590 1 0 0 0 1 0 0 0 1 3024.dat
1 0 880 -584 630 1 0 0 0 1 0 0 0 1 3023.dat
1 71 890 -584 650 1 0 0 0 1 0 0 0 1 3623.dat
1 0 880 -584 670 1 0 0 0 1 0 0 0 1 3023.dat
1 71 890 -584 690 1 0 0 0 1 0 0 0 1 3623.dat
1 72 890 -584 410 1 0 0 0 1 0 0 0 1 3024.dat
1 72 890 -584 590 1 0 0 0 1 0 0 0 1 3024.dat
1 71 910 -584 330 1 0 0 0 1 0 0 0 1 3024.dat
1 71 910 -584 370 1 0 0 0 1 0 0 0 1 3024.dat
1 71 910 -584 410 1 0 0 0 1 0 0 0 1 3024.dat
1 71 910 -584 590 1 0 0 0 1 0 0 0 1 3024.dat
1 71 910 -584 630 1 0 0 0 1 0 0 0 1 3024.dat
1 71 910 -584 670 1 0 0 0 1 0 0 0 1 3024.dat
1 71 510 -592 340 0 0 1 0 1 0 -1 0 0 3666.dat
1 71 510 -592 410 1 0 0 0 1 0 0 0 1 3024.dat
1 71 510 -592 640 0 0 1 0 1 0 -1 0 0 3666.dat
1 71 530 -592 710 1 0 0 0 1 0 0 0 1 3623.dat
1 71 540 -592 290 1 0 0 0 1 0 0 0 1 3023.dat
1 71 530 -592 310 1 0 0 0 1 0 0 0 1 3024.dat
1 0 530 -592 330 1 0 0 0 1 0 0 0 1 3024.dat
1 71 530 -592 370 0 0 1 0 1 0 -1 0 0 3623.dat
1 0 540 -592 420 1 0 0 0 1 0 0 0 1 3022.dat
1 0 540 -592 570 0 0 1 0 1 0 -1 0 0 3021.dat
1 71 530 -592 640 0 0 1 0 1 0 -1 0 0 3710.dat
1 71 530 -592 690 1 0 0 0 1 0 0 0 1 3024.dat
1 484 560 -592 340 0 0 1 0 1 0 -1 0 0 3020.dat
1 484 560 -592 390 1 0 0 0 1 0 0 0 1 3023.dat
1 484 560 -592 480 0 0 1 0 1 0 -1 0 0 3020.dat
1 484 560 -592 530 1 0 0 0 1 0 0 0 1 3023.dat
1 484 560 -592 630 0 0 1 0 1 0 -1 0 0 3021.dat
1 71 550 -592 670 1 0 0 0 1 0 0 0 1 3024.dat
1 484 560 -592 690 1 0 0 0 1 0 0 0 1 3023.dat
1 484 660 -592 730 1 0 0 0 1 0 0 0 1 60479.dat
1 0 570 -592 880 1 0 0 0 1 0 0 0 1 3021.dat
1 484 680 -592 10 1 0 0 0 1 0 0 0 1 60479.dat
1 484 570 -592 140 0 0 1 0 1 0 -1 0 0 60479.dat
1 484 570 -592 280 0 0 1 0 1 0 -1 0 0 3023.dat
1 484 570 -592 420 0 0 1 0 1 0 -1 0 0 3023.dat
1 484 570 -592 570 0 0 1 0 1 0 -1 0 0 3623.dat
1 484 570 -592 670 1 0 0 0 1 0 0 0 1 3024.dat
1 484 570 -592 710 1 0 0 0 1 0 0 0 1 3024.dat
1 308 570 -592 800 0 0 1 0 1 0 -1 0 0 3666.dat
1 0 580 -592 910 1 0 0 0 1 0 0 0 1 3023.dat
1 484 590 -592 800 0 0 1 0 1 0 -1 0 0 3710.dat
1 484 590 -592 850 1 0 0 0 1 0 0 0 1 3024.dat
1 484 620 -592 900 1 0 0 0 1 0 0 0 1 3022.dat
1 484 650 -592 920 0 0 1 0 1 0 -1 0 0 3023.dat
1 0 700 -592 970 1 0 0 0 1 0 0 0 1 3666.dat
1 484 670 -592 940 0 0 1 0 1 0 -1 0 0 3023.dat
1 484 710 -592 950 1 0 0 0 1 0 0 0 1 3623.dat
1 484 700 -592 990 1 0 0 0 1 0 0 0 1 3023.dat
1 484 740 -592 930 1 0 0 0 1 0 0 0 1 3023.dat
1 484 770 -592 910 1 0 0 0 1 0 0 0 1 3623.dat
1 484 820 -592 730 1 0 0 0 1 0 0 0 1 3710.dat
1 484 790 -592 890 1 0 0 0 1 0 0 0 1 3024.dat
1 484 820 -592 10 1 0 0 0 1 0 0 0 1 3023.dat
1 484 810 -592 830 0 0 1 0 1 0 -1 0 0 3623.dat
1 0 830 -592 870 1 0 0 0 1 0 0 0 1 3623.dat
1 0 810 -592 900 0 0 1 0 1 0 -1 0 0 3023.dat
1 484 830 -592 140 0 0 1 0 1 0 -1 0 0 60479.dat
1 484 830 -592 290 0 0 1 0 1 0 -1 0 0 3623.dat
1 308 830 -592 800 0 0 1 0 1 0 -1 0 0 3666.dat
1 484 830 -592 890 1 0 0 0 1 0 0 0 1 3024.dat
1 0 840 -592 910 1 0 0 0 1 0 0 0 1 3023.dat
1 484 850 -592 340 0 0 1 0 1 0 -1 0 0 3710.dat
1 484 850 -592 390 1 0 0 0 1 0 0 0 1 3024.dat
1 0 860 -592 420 1 0 0 0 1 0 0 0 1 3022.dat
1 484 850 -592 480 0 0 1 0 1 0 -1 0 0 3710.dat
1 484 850 -592 530 1 0 0 0 1 0 0 0 1 3024.dat
1 0 860 -592 570 0 0 1 0 1 0 -1 0 0 3021.dat
1 484 850 -592 660 0 0 1 0 1 0 -1 0 0 3666.dat
1 0 850 -592 890 1 0 0 0 1 0 0 0 1 3024.dat
1 71 870 -592 340 0 0 1 0 1 0 -1 0 0 3666.dat
1 71 880 -592 660 0 0 1 0 1 0 -1 0 0 3795.dat
1 71 890 -592 300 0 0 1 0 1 0 -1 0 0 3023.dat
1 0 890 -592 330 1 0 0 0 1 0 0 0 1 3024.dat
1 71 890 -592 380 0 0 1 0 1 0 -1 0 0 3710.dat
1 71 890 -592 590 1 0 0 0 1 0 0 0 1 3024.dat
1 71 520 -600 340 0 0 1 0 1 0 -1 0 0 3795.dat
1 71 520 -600 410 1 0 0 0 1 0 0 0 1 3023.dat
1 71 520 -600 640 0 0 1 0 1 0 -1 0 0 3795.dat
1 71 520 -600 710 1 0 0 0 1 0 0 0 1 3023.dat
1 0 550 -600 420 0 0 1 0 1 0 -1 0 0 3023.dat
1 0 550 -600 570 0 0 1 0 1 0 -1 0 0 3623.dat
1 0 570 -600 880 1 0 0 0 1 0 0 0 1 3021.dat
1 484 680 -600 10 1 0 0 0 1 0 0 0 1 60479.dat
1 484 570 -600 140 0 0 1 0 1 0 -1 0 0 60479.dat
1 484 570 -600 380 0 0 1 0 1 0 -1 0 0 60479.dat
1 484 570 -600 620 0 0 1 0 1 0 -1 0 0 60479.dat
1 0 580 -600 910 1 0 0 0 1 0 0 0 1 3023.dat
1 0 590 -600 180 0 0 1 0 1 0 -1 0 0 3710.dat
1 484 600 -600 780 0 0 1 0 1 0 -1 0 0 3795.dat
1 484 610 -600 850 1 0 0 0 1 0 0 0 1 3623.dat
1 0 610 -600 150 1 0 0 0 1 0 0 0 1 3024.dat
1 0 620 -600 210 1 0 0 0 1 0 0 0 1 3023.dat
1 484 620 -600 880 1 0 0 0 1 0 0 0 1 3022.dat
1 484 740 -600 730 1 0 0 0 1 0 0 0 1 60479.dat
1 484 630 -600 790 1 0 0 0 1 0 0 0 1 3024.dat
1 484 630 -600 830 1 0 0 0 1 0 0 0 1 3024.dat
1 0 650 -600 170 0 0 1 0 1 0 -1 0 0 3623.dat
1 72 700 -600 210 1 0 0 0 1 0 0 0 1 3666.dat
1 72 650 -600 250 0 0 1 0 1 0 -1 0 0 3623.dat
1 484 650 -600 900 0 0 1 0 1 0 -1 0 0 3023.dat
1 0 700 -600 960 1 0 0 0 1 0 0 0 1 3795.dat
1 72 700 -600 270 1 0 0 0 1 0 0 0 1 3710.dat
1 484 680 -600 910 1 0 0 0 1 0 0 0 1 3023.dat
1 0 670 -600 930 1 0 0 0 1 0 0 0 1 3024.dat
1 72 700 -600 240 1 0 0 0 1 0 0 0 1 3022.dat
1 484 700 -600 930 1 0 0 0 1 0 0 0 1 3023.dat
1 484 740 -600 910 1 0 0 0 1 0 0 0 1 3023.dat
1 0 740 -600 930 1 0 0 0 1 0 0 0 1 3023.dat
1 0 780 -600 150 1 0 0 0 1 0 0 0 1 3710.dat
1 0 750 -600 180 0 0 1 0 1 0 -1 0 0 3023.dat
1 72 750 -600 250 0 0 1 0 1 0 -1 0 0 3623.dat
1 484 770 -600 890 1 0 0 0 1 0 0 0 1 3623.dat
1 0 770 -600 200 0 0 1 0 1 0 -1 0 0 3023.dat
1 484 780 -600 870 1 0 0 0 1 0 0 0 1 3023.dat
1 0 800 -600 210 1 0 0 0 1 0 0 0 1 3023.dat
1 484 800 -600 800 0 0 1 0 1 0 -1 0 0 3795.dat
1 484 820 -600 10 1 0 0 0 1 0 0 0 1 3023.dat
1 0 820 -600 170 1 0 0 0 1 0 0 0 1 3023.dat
1 0 810 -600 190 1 0 0 0 1 0 0 0 1 3024.dat
1 0 830 -600 870 1 0 0 0 1 0 0 0 1 3623.dat
1 0 810 -600 900 0 0 1 0 1 0 -1 0 0 3023.dat
1 484 830 -600 80 0 0 1 0 1 0 -1 0 0 3666.dat
1 484 830 -600 150 1 0 0 0 1 0 0 0 1 3024.dat
1 484 830 -600 300 0 0 1 0 1 0 -1 0 0 60479.dat
1 484 830 -600 540 0 0 1 0 1 0 -1 0 0 60479.dat
1 484 840 -600 690 0 0 1 0 1 0 -1 0 0 3021.dat
1 0 840 -600 910 1 0 0 0 1 0 0 0 1 3023.dat
1 484 850 -600 340 0 0 1 0 1 0 -1 0 0 3710.dat
1 484 850 -600 390 1 0 0 0 1 0 0 0 1 3024.dat
1 0 850 -600 420 0 0 1 0 1 0 -1 0 0 3023.dat
1 484 850 -600 480 0 0 1 0 1 0 -1 0 0 3710.dat
1 484 850 -600 530 1 0 0 0 1 0 0 0 1 3024.dat
1 0 860 -600 560 1 0 0 0 1 0 0 0 1 3022.dat
1 0 850 -600 590 1 0 0 0 1 0 0 0 1 3024.dat
1 484 850 -600 630 0 0 1 0 1 0 -1 0 0 3623.dat
1 0 850 -600 890 1 0 0 0 1 0 0 0 1 3024.dat
1 71 880 -600 340 0 0 1 0 1 0 -1 0 0 3795.dat
1 71 880 -600 410 1 0 0 0 1 0 0 0 1 3023.dat
1 0 870 -600 430 1 0 0 0 1 0 0 0 1 3024.dat
1 71 880 -600 640 0 0 1 0 1 0 -1 0 0 3795.dat
1 71 880 -600 710 1 0 0 0 1 0 0 0 1 3023.dat
1 0 560 -608 420 1 0 0 0 1 0 0 0 1 3022.dat
1 0 550 -608 570 0 0 1 0 1 0 -1 0 0 3623.dat
1 0 570 -608 880 1 0 0 0 1 0 0 0 1 3021.dat
1 484 600 -608 60 0 0 1 0 1 0 -1 0 0 3032.dat
1 484 600 -608 130 1 0 0 0 1 0 0 0 1 3710.dat
1 484 570 -608 150 1 0 0 0 1 0 0 0 1 3024.dat
1 0 580 -608 170 1 0 0 0 1 0 0 0 1 3023.dat
1 484 570 -608 280 0 0 1 0 1 0 -1 0 0 4477.dat
1 484 570 -608 390 1 0 0 0 1 0 0 0 1 3024.dat
1 484 570 -608 500 0 0 1 0 1 0 -1 0 0 3666.dat
1 0 590 -608 570 1 0 0 0 1 0 0 0 1 3623.dat
1 0 570 -608 590 1 0 0 0 1 0 0 0 1 3024.dat
1 484 570 -608 660 0 0 1 0 1 0 -1 0 0 3666.dat
1 484 680 -608 730 1 0 0 0 1 0 0 0 1 60479.dat
1 0 580 -608 910 1 0 0 0 1 0 0 0 1 3023.dat
1 0 620 -608 150 1 0 0 0 1 0 0 0 1 3710.dat
1 0 590 -608 200 0 0 1 0 1 0 -1 0 0 3023.dat
1 484 600 -608 280 0 0 1 0 1 0 -1 0 0 3795.dat
1 72 590 -608 370 0 0 1 0 1 0 -1 0 0 3623.dat
1 484 590 -608 410 1 0 0 0 1 0 0 0 1 3024.dat
1 0 600 -608 430 1 0 0 0 1 0 0 0 1 3023.dat
1 484 610 -608 450 1 0 0 0 1 0 0 0 1 3623.dat
1 484 590 -608 470 1 0 0 0 1 0 0 0 1 3024.dat
1 72 590 -608 510 0 0 1 0 1 0 -1 0 0 3623.dat
1 484 610 -608 550 1 0 0 0 1 0 0 0 1 3623.dat
1 484 590 -608 590 1 0 0 0 1 0 0 0 1 3024.dat
1 72 590 -608 630 0 0 1 0 1 0 -1 0 0 3623.dat
1 484 600 -608 690 0 0 1 0 1 0 -1 0 0 3021.dat
1 484 620 -608 180 1 0 0 0 1 0 0 0 1 3022.dat
1 0 620 -608 210 1 0 0 0 1 0 0 0 1 3023.dat
1 484 620 -608 370 0 0 1 0 1 0 -1 0 0 3021.dat
1 72 610 -608 410 1 0 0 0 1 0 0 0 1 3024.dat
1 72 610 -608 470 1 0 0 0 1 0 0 0 1 3024.dat
1 484 620 -608 500 1 0 0 0 1 0 0 0 1 3022.dat
1 72 610 -608 530 1 0 0 0 1 0 0 0 1 3024.dat
1 72 610 -608 590 1 0 0 0 1 0 0 0 1 3024.dat
1 484 620 -608 630 0 0 1 0 1 0 -1 0 0 3021.dat
1 484 630 -608 280 0 0 1 0 1 0 -1 0 0 3666.dat
1 484 630 -608 420 0 0 1 0 1 0 -1 0 0 3023.dat
1 484 630 -608 470 1 0 0 0 1 0 0 0 1 3024.dat
1 484 630 -608 530 1 0 0 0 1 0 0 0 1 3024.dat
1 484 630 -608 580 0 0 1 0 1 0 -1 0 0 3023.dat
1 484 630 -608 670 1 0 0 0 1 0 0 0 1 3024.dat
1 72 630 -608 690 1 0 0 0 1 0 0 0 1 3024.dat
1 484 630 -608 710 1 0 0 0 1 0 0 0 1 3024.dat
1 484 640 -608 820 0 0 1 0 1 0 -1 0 0 3034.dat
1 484 740 -608 10 1 0 0 0 1 0 0 0 1 4477.dat
1 0 650 -608 180 0 0 1 0 1 0 -1 0 0 3023.dat
1 72 700 -608 210 1 0 0 0 1 0 0 0 1 3666.dat
1 72 650 -608 250 0 0 1 0 1 0 -1 0 0 3623.dat
1 0 660 -608 930 0 0 1 0 1 0 -1 0 0 3021.dat
1 72 700 -608 270 1 0 0 0 1 0 0 0 1 3710.dat
1 484 720 -608 890 1 0 0 0 1 0 0 0 1 3666.dat
1 72 700 -608 240 1 0 0 0 1 0 0 0 1 3022.dat
1 484 700 -608 910 1 0 0 0 1 0 0 0 1 3023.dat
1 0 720 -608 940 1 0 0 0 1 0 0 0 1 3020.dat
1 0 710 -608 970 1 0 0 0 1 0 0 0 1 3623.dat
1 0 740 -608 910 1 0 0 0 1 0 0 0 1 3023.dat
1 0 780 -608 150 1 0 0 0 1 0 0 0 1 3710.dat
1 0 750 -608 180 0 0 1 0 1 0 -1 0 0 3023.dat
1 72 750 -608 250 0 0 1 0 1 0 -1 0 0 3623.dat
1 484 760 -608 800 0 0 1 0 1 0 -1 0 0 3795.dat
1 484 760 -608 870 1 0 0 0 1 0 0 0 1 3023.dat
1 0 770 -608 200 0 0 1 0 1 0 -1 0 0 3023.dat
1 484 780 -608 360 0 0 1 0 1 0 -1 0 0 3795.dat
1 484 770 -608 480 0 0 1 0 1 0 -1 0 0 3666.dat
1 484 800 -608 670 1 0 0 0 1 0 0 0 1 3710.dat
1 72 770 -608 690 1 0 0 0 1 0 0 0 1 3024.dat
1 484 800 -608 80 0 0 1 0 1 0 -1 0 0 3795.dat
1 484 800 -608 170 1 0 0 0 1 0 0 0 1 3023.dat
1 484 790 -608 190 1 0 0 0 1 0 0 0 1 3024.dat
1 0 800 -608 210 1 0 0 0 1 0 0 0 1 3023.dat
1 484 800 -608 260 0 0 1 0 1 0 -1 0 0 3020.dat
1 0 820 -608 430 1 0 0 0 1 0 0 0 1 3710.dat
1 484 810 -608 450 1 0 0 0 1 0 0 0 1 3623.dat
1 72 800 -608 470 1 0 0 0 1 0 0 0 1 3023.dat
1 484 790 -608 500 0 0 1 0 1 0 -1 0 0 3023.dat
1 72 800 -608 530 1 0 0 0 1 0 0 0 1 3023.dat
1 484 810 -608 550 1 0 0 0 1 0 0 0 1 3623.dat
1 0 820 -608 570 1 0 0 0 1 0 0 0 1 3710.dat
1 484 790 -608 620 0 0 1 0 1 0 -1 0 0 3710.dat
1 484 810 -608 700 1 0 0 0 1 0 0 0 1 3021.dat
1 484 790 -608 820 0 0 1 0 1 0 -1 0 0 3023.dat
1 0 820 -608 190 1 0 0 0 1 0 0 0 1 3023.dat
1 484 820 -608 320 1 0 0 0 1 0 0 0 1 3022.dat
1 72 810 -608 370 0 0 1 0 1 0 -1 0 0 3623.dat
1 484 810 -608 410 1 0 0 0 1 0 0 0 1 3024.dat
1 72 810 -608 500 0 0 1 0 1 0 -1 0 0 3023.dat
1 484 810 -608 590 1 0 0 0 1 0 0 0 1 3024.dat
1 72 810 -608 630 0 0 1 0 1 0 -1 0 0 3623.dat
1 484 820 -608 730 1 0 0 0 1 0 0 0 1 3023.dat
1 0 830 -608 870 1 0 0 0 1 0 0 0 1 3623.dat
1 0 810 -608 900 0 0 1 0 1 0 -1 0 0 3023.dat
1 484 830 -608 80 0 0 1 0 1 0 -1 0 0 3666.dat
1 484 830 -608 150 1 0 0 0 1 0 0 0 1 3024.dat
1 0 830 -608 170 1 0 0 0 1 0 0 0 1 3024.dat
1 484 830 -608 240 0 0 1 0 1 0 -1 0 0 3710.dat
1 484 830 -608 290 1 0 0 0 1 0 0 0 1 3024.dat
1 484 830 -608 370 0 0 1 0 1 0 -1 0 0 3623.dat
1 0 840 -608 410 1 0 0 0 1 0 0 0 1 3023.dat
1 484 830 -608 500 0 0 1 0 1 0 -1 0 0 3710.dat
1 0 840 -608 590 1 0 0 0 1 0 0 0 1 3023.dat
1 484 830 -608 630 0 0 1 0 1 0 -1 0 0 3623.dat
1 0 840 -608 910 1 0 0 0 1 0 0 0 1 3023.dat
1 0 850 -608 550 1 0 0 0 1 0 0 0 1 3024.dat
1 0 850 -608 890 1 0 0 0 1 0 0 0 1 3024.dat
1 0 580 -616 430 1 0 0 0 1 0 0 0 1 3710.dat
1 0 580 -616 560 1 0 0 0 1 0 0 0 1 3020.dat
1 0 570 -616 880 1 0 0 0 1 0 0 0 1 3021.dat
1 0 580 -616 170 1 0 0 0 1 0 0 0 1 3023.dat
1 0 590 -616 410 1 0 0 0 1 0 0 0 1 3623.dat
1 0 590 -616 590 1 0 0 0 1 0 0 0 1 3623.dat
1 0 580 -616 910 1 0 0 0 1 0 0 0 1 3023.dat
1 0 600 -616 150 1 0 0 0 1 0 0 0 1 3023.dat
1 0 590 -616 200 0 0 1 0 1 0 -1 0 0 3023.dat
1 72 590 -616 370 0 0 1 0 1 0 -1 0 0 3623.dat
1 72 590 -616 500 0 0 1 0 1 0 -1 0 0 3710.dat
1 72 590 -616 630 0 0 1 0 1 0 -1 0 0 3623.dat
1 0 620 -616 210 1 0 0 0 1 0 0 0 1 3023.dat
1 72 610 -616 340 0 0 1 0 1 0 -1 0 0 3023.dat
1 484 640 -616 450 1 0 0 0 1 0 0 0 1 3710.dat
1 72 610 -616 470 1 0 0 0 1 0 0 0 1 3024.dat
1 72 610 -616 530 1 0 0 0 1 0 0 0 1 3024.dat
1 72 610 -616 650 1 0 0 0 1 0 0 0 1 3024.dat
1 484 640 -616 670 1 0 0 0 1 0 0 0 1 3710.dat
1 72 620 -616 690 1 0 0 0 1 0 0 0 1 3023.dat
1 484 640 -616 80 0 0 1 0 1 0 -1 0 0 3034.dat
1 484 630 -616 180 0 0 1 0 1 0 -1 0 0 3023.dat
1 484 630 -616 320 0 0 1 0 1 0 -1 0 0 4477.dat
1 484 650 -616 430 1 0 0 0 1 0 0 0 1 3623.dat
1 484 630 -616 560 0 0 1 0 1 0 -1 0 0 4477.dat
1 484 650 -616 710 1 0 0 0 1 0 0 0 1 3623.dat
1 484 630 -616 730 1 0 0 0 1 0 0 0 1 3024.dat
1 0 650 -616 180 0 0 1 0 1 0 -1 0 0 3023.dat
1 72 700 -616 210 1 0 0 0 1 0 0 0 1 3666.dat
1 72 650 -616 250 0 0 1 0 1 0 -1 0 0 3623.dat
1 484 650 -616 340 0 0 1 0 1 0 -1 0 0 3666.dat
1 484 660 -616 410 1 0 0 0 1 0 0 0 1 3023.dat
1 484 650 -616 490 0 0 1 0 1 0 -1 0 0 3623.dat
1 72 660 -616 530 1 0 0 0 1 0 0 0 1 3023.dat
1 484 650 -616 600 0 0 1 0 1 0 -1 0 0 3666.dat
1 484 660 -616 690 1 0 0 0 1 0 0 0 1 3023.dat
1 72 700 -616 800 0 0 1 0 1 0 -1 0 0 3036.dat
1 72 700 -616 890 1 0 0 0 1 0 0 0 1 3666.dat
1 0 700 -616 910 1 0 0 0 1 0 0 0 1 3666.dat
1 484 670 -616 80 0 0 1 0 1 0 -1 0 0 3460.dat
1 484 670 -616 170 1 0 0 0 1 0 0 0 1 3024.dat
1 72 680 -616 190 1 0 0 0 1 0 0 0 1 3023.dat
1 484 670 -616 240 0 0 1 0 1 0 -1 0 0 3023.dat
1 72 700 -616 270 1 0 0 0 1 0 0 0 1 3710.dat
1 484 670 -616 310 0 0 1 0 1 0 -1 0 0 3623.dat
1 72 670 -616 350 1 0 0 0 1 0 0 0 1 3024.dat
1 484 670 -616 380 0 0 1 0 1 0 -1 0 0 3023.dat
1 72 670 -616 470 1 0 0 0 1 0 0 0 1 3024.dat
1 484 670 -616 490 1 0 0 0 1 0 0 0 1 3024.dat
1 72 670 -616 510 1 0 0 0 1 0 0 0 1 3024.dat
1 484 670 -616 570 0 0 1 0 1 0 -1 0 0 3623.dat
1 72 670 -616 610 1 0 0 0 1 0 0 0 1 3024.dat
1 484 670 -616 630 1 0 0 0 1 0 0 0 1 3024.dat
1 72 670 -616 650 1 0 0 0 1 0 0 0 1 3024.dat
1 0 700 -616 930 1 0 0 0 1 0 0 0 1 3710.dat
1 484 720 -616 10 1 0 0 0 1 0 0 0 1 3710.dat
1 72 700 -616 240 1 0 0 0 1 0 0 0 1 3022.dat
1 71 700 -616 710 1 0 0 0 1 0 0 0 1 3023.dat
1 0 710 -616 950 1 0 0 0 1 0 0 0 1 3623.dat
1 484 740 -616 80 0 0 1 0 1 0 -1 0 0 3795.dat
1 484 740 -616 150 1 0 0 0 1 0 0 0 1 3023.dat
1 484 730 -616 170 1 0 0 0 1 0 0 0 1 3024.dat
1 72 730 -616 190 1 0 0 0 1 0 0 0 1 3024.dat
1 484 730 -616 240 0 0 1 0 1 0 -1 0 0 3023.dat
1 484 750 -616 300 1 0 0 0 1 0 0 0 1 3021.dat
1 484 750 -616 330 1 0 0 0 1 0 0 0 1 3623.dat
1 72 730 -616 350 1 0 0 0 1 0 0 0 1 3024.dat
1 484 730 -616 420 0 0 1 0 1 0 -1 0 0 3666.dat
1 484 750 -616 490 1 0 0 0 1 0 0 0 1 3623.dat
1 72 730 -616 510 1 0 0 0 1 0 0 0 1 3024.dat
1 484 730 -616 560 0 0 1 0 1 0 -1 0 0 3710.dat
1 72 730 -616 610 1 0 0 0 1 0 0 0 1 3024.dat
1 484 750 -616 630 1 0 0 0 1 0 0 0 1 3623.dat
1 72 730 -616 650 1 0 0 0 1 0 0 0 1 3024.dat
1 484 740 -616 690 0 0 1 0 1 0 -1 0 0 3021.dat
1 0 750 -616 170 1 0 0 0 1 0 0 0 1 3024.dat
1 484 760 -616 190 1 0 0 0 1 0 0 0 1 3023.dat
1 72 750 -616 250 0 0 1 0 1 0 -1 0 0 3623.dat
1 484 760 -616 370 0 0 1 0 1 0 -1 0 0 3021.dat
1 72 750 -616 410 1 0 0 0 1 0 0 0 1 3024.dat
1 484 760 -616 440 1 0 0 0 1 0 0 0 1 3022.dat
1 72 750 -616 470 1 0 0 0 1 0 0 0 1 3024.dat
1 484 760 -616 510 1 0 0 0 1 0 0 0 1 3023.dat
1 72 750 -616 530 1 0 0 0 1 0 0 0 1 3024.dat
1 484 760 -616 560 1 0 0 0 1 0 0 0 1 3022.dat
1 72 750 -616 590 1 0 0 0 1 0 0 0 1 3024.dat
1 484 760 -616 610 1 0 0 0 1 0 0 0 1 3023.dat
1 484 760 -616 650 1 0 0 0 1 0 0 0 1 3023.dat
1 0 750 -616 930 1 0 0 0 1 0 0 0 1 3024.dat
1 484 770 -616 60 0 0 1 0 1 0 -1 0 0 3666.dat
1 484 770 -616 130 1 0 0 0 1 0 0 0 1 3024.dat
1 0 790 -616 150 1 0 0 0 1 0 0 0 1 3623.dat
1 484 770 -616 170 1 0 0 0 1 0 0 0 1 3024.dat
1 0 790 -616 210 1 0 0 0 1 0 0 0 1 3623.dat
1 484 770 -616 250 0 0 1 0 1 0 -1 0 0 3623.dat
1 484 770 -616 410 1 0 0 0 1 0 0 0 1 3024.dat
1 484 770 -616 470 1 0 0 0 1 0 0 0 1 3024.dat
1 484 770 -616 530 1 0 0 0 1 0 0 0 1 3024.dat
1 484 770 -616 590 1 0 0 0 1 0 0 0 1 3024.dat
1 484 780 -616 670 1 0 0 0 1 0 0 0 1 3023.dat
1 72 780 -616 690 1 0 0 0 1 0 0 0 1 3023.dat
1 484 770 -616 720 0 0 1 0 1 0 -1 0 0 3023.dat
1 72 790 -616 340 0 0 1 0 1 0 -1 0 0 3023.dat
1 0 820 -616 420 1 0 0 0 1 0 0 0 1 3020.dat
1 484 790 -616 450 1 0 0 0 1 0 0 0 1 3024.dat
1 72 800 -616 470 1 0 0 0 1 0 0 0 1 3023.dat
1 72 800 -616 530 1 0 0 0 1 0 0 0 1 3023.dat
1 0 820 -616 560 1 0 0 0 1 0 0 0 1 3020.dat
1 0 820 -616 590 1 0 0 0 1 0 0 0 1 3710.dat
1 0 820 -616 180 1 0 0 0 1 0 0 0 1 3022.dat
1 72 810 -616 370 0 0 1 0 1 0 -1 0 0 3623.dat
1 72 810 -616 500 0 0 1 0 1 0 -1 0 0 3023.dat
1 72 810 -616 630 0 0 1 0 1 0 -1 0 0 3623.dat
1 0 830 -616 880 1 0 0 0 1 0 0 0 1 3021.dat
1 0 830 -616 910 1 0 0 0 1 0 0 0 1 3623.dat
1 0 600 -624 170 1 0 0 0 1 0 0 0 1 3710.dat
1 0 570 -624 880 0 0 1 0 1 0 -1 0 0 3023.dat
1 0 620 -624 150 1 0 0 0 1 0 0 0 1 3710.dat
1 0 610 -624 200 1 0 0 0 1 0 0 0 1 3021.dat
1 72 600 -624 350 1 0 0 0 1 0 0 0 1 3023.dat
1 0 590 -624 370 1 0 0 0 1 0 0 0 1 3024.dat
1 72 600 -624 400 1 0 0 0 1 0 0 0 1 3022.dat
1 72 600 -624 470 1 0 0 0 1 0 0 0 1 3023.dat
1 0 590 -624 500 0 0 1 0 1 0 -1 0 0 3023.dat
1 72 600 -624 530 1 0 0 0 1 0 0 0 1 3023.dat
1 72 600 -624 600 1 0 0 0 1 0 0 0 1 3022.dat
1 0 600 -624 630 1 0 0 0 1 0 0 0 1 3023.dat
1 72 600 -624 650 1 0 0 0 1 0 0 0 1 3023.dat
1 0 590 -624 890 1 0 0 0 1 0 0 0 1 3024.dat
1 72 610 -624 330 1 0 0 0 1 0 0 0 1 3024.dat
1 72 610 -624 370 1 0 0 0 1 0 0 0 1 3024.dat
1 484 630 -624 440 1 0 0 0 1 0 0 0 1 3021.dat
1 72 610 -624 500 0 0 1 0 1 0 -1 0 0 3023.dat
1 484 630 -624 560 1 0 0 0 1 0 0 0 1 3021.dat
1 484 630 -624 670 1 0 0 0 1 0 0 0 1 3623.dat
1 70 610 -624 690 1 0 0 0 1 0 0 0 1 3024.dat
1 484 630 -624 360 0 0 1 0 1 0 -1 0 0 3710.dat
1 484 630 -624 410 1 0 0 0 1 0 0 0 1 3024.dat
1 484 630 -624 500 0 0 1 0 1 0 -1 0 0 3710.dat
1 484 630 -624 620 0 0 1 0 1 0 -1 0 0 3710.dat
1 72 640 -624 690 1 0 0 0 1 0 0 0 1 3023.dat
1 0 650 -624 180 0 0 1 0 1 0 -1 0 0 3023.dat
1 72 700 -624 210 1 0 0 0 1 0 0 0 1 3666.dat
1 72 650 -624 250 0 0 1 0 1 0 -1 0 0 3623.dat
1 72 650 -624 330 1 0 0 0 1 0 0 0 1 3024.dat
1 0 650 -624 380 0 0 1 0 1 0 -1 0 0 3023.dat
1 72 660 -624 410 1 0 0 0 1 0 0 0 1 3023.dat
1 72 660 -624 470 1 0 0 0 1 0 0 0 1 3023.dat
1 0 650 -624 500 0 0 1 0 1 0 -1 0 0 3023.dat
1 72 660 -624 530 1 0 0 0 1 0 0 0 1 3023.dat
1 72 660 -624 590 1 0 0 0 1 0 0 0 1 3023.dat
1 0 650 -624 630 1 0 0 0 1 0 0 0 1 3024.dat
1 72 700 -624 800 0 0 1 0 1 0 -1 0 0 3036.dat
1 72 700 -624 890 1 0 0 0 1 0 0 0 1 3666.dat
1 72 680 -624 190 1 0 0 0 1 0 0 0 1 3023.dat
1 72 700 -624 270 1 0 0 0 1 0 0 0 1 3710.dat
1 72 670 -624 370 0 0 1 0 1 0 -1 0 0 3623.dat
1 72 670 -624 500 0 0 1 0 1 0 -1 0 0 3023.dat
1 72 670 -624 640 0 0 1 0 1 0 -1 0 0 3710.dat
1 484 700 -624 80 0 0 1 0 1 0 -1 0 0 3034.dat
1 484 700 -624 170 1 0 0 0 1 0 0 0 1 3023.dat
1 72 700 -624 240 1 0 0 0 1 0 0 0 1 3022.dat
1 484 700 -624 440 0 0 1 0 1 0 -1 0 0 4282.dat
1 484 700 -624 640 0 0 1 0 1 0 -1 0 0 3020.dat
1 484 710 -624 690 1 0 0 0 1 0 0 0 1 3623.dat
1 71 700 -624 710 1 0 0 0 1 0 0 0 1 3023.dat
1 0 710 -624 910 1 0 0 0 1 0 0 0 1 3623.dat
1 484 710 -624 190 1 0 0 0 1 0 0 0 1 3024.dat
1 72 730 -624 190 1 0 0 0 1 0 0 0 1 3024.dat
1 484 730 -624 320 0 0 1 0 1 0 -1 0 0 3023.dat
1 72 730 -624 380 0 0 1 0 1 0 -1 0 0 3710.dat
1 484 760 -624 440 1 0 0 0 1 0 0 0 1 3020.dat
1 72 730 -624 500 0 0 1 0 1 0 -1 0 0 3710.dat
1 484 760 -624 560 1 0 0 0 1 0 0 0 1 3020.dat
1 72 730 -624 620 0 0 1 0 1 0 -1 0 0 3710.dat
1 484 760 -624 670 1 0 0 0 1 0 0 0 1 3710.dat
1 484 730 -624 710 1 0 0 0 1 0 0 0 1 3024.dat
1 0 780 -624 160 1 0 0 0 1 0 0 0 1 3020.dat
1 0 780 -624 190 1 0 0 0 1 0 0 0 1 3710.dat
1 72 750 -624 250 0 0 1 0 1 0 -1 0 0 3623.dat
1 72 750 -624 340 0 0 1 0 1 0 -1 0 0 3023.dat
1 0 750 -624 380 0 0 1 0 1 0 -1 0 0 3023.dat
1 72 750 -624 410 1 0 0 0 1 0 0 0 1 3024.dat
1 72 750 -624 470 1 0 0 0 1 0 0 0 1 3024.dat
1 0 750 -624 500 0 0 1 0 1 0 -1 0 0 3023.dat
1 72 750 -624 530 1 0 0 0 1 0 0 0 1 3024.dat
1 72 750 -624 590 1 0 0 0 1 0 0 0 1 3024.dat
1 0 750 -624 630 1 0 0 0 1 0 0 0 1 3024.dat
1 72 750 -624 650 1 0 0 0 1 0 0 0 1 3024.dat
1 72 760 -624 690 1 0 0 0 1 0 0 0 1 3023.dat
1 0 790 -624 210 1 0 0 0 1 0 0 0 1 3623.dat
1 484 770 -624 360 0 0 1 0 1 0 -1 0 0 3710.dat
1 484 770 -624 410 1 0 0 0 1 0 0 0 1 3024.dat
1 484 770 -624 500 0 0 1 0 1 0 -1 0 0 3710.dat
1 484 770 -624 620 0 0 1 0 1 0 -1 0 0 3710.dat
1 484 790 -624 330 1 0 0 0 1 0 0 0 1 3024.dat
1 72 790 -624 380 0 0 1 0 1 0 -1 0 0 3710.dat
1 72 790 -624 500 0 0 1 0 1 0 -1 0 0 3710.dat
1 72 800 -624 600 1 0 0 0 1 0 0 0 1 3022.dat
1 72 790 -624 630 1 0 0 0 1 0 0 0 1 3024.dat
1 484 790 -624 650 1 0 0 0 1 0 0 0 1 3024.dat
1 70 790 -624 690 1 0 0 0 1 0 0 0 1 3024.dat
1 72 810 -624 350 1 0 0 0 1 0 0 0 1 3024.dat
1 0 810 -624 370 1 0 0 0 1 0 0 0 1 3024.dat
1 72 810 -624 400 0 0 1 0 1 0 -1 0 0 3023.dat
1 72 810 -624 470 1 0 0 0 1 0 0 0 1 3024.dat
1 0 810 -624 500 0 0 1 0 1 0 -1 0 0 3023.dat
1 72 810 -624 530 1 0 0 0 1 0 0 0 1 3024.dat
1 0 810 -624 630 1 0 0 0 1 0 0 0 1 3024.dat
1 72 810 -624 650 1 0 0 0 1 0 0 0 1 3024.dat
1 0 820 -624 890 1 0 0 0 1 0 0 0 1 3023.dat
1 0 830 -624 180 0 0 1 0 1 0 -1 0 0 3023.dat
1 0 830 -624 870 1 0 0 0 1 0 0 0 1 3024.dat
1 0 570 -632 880 0 0 1 0 1 0 -1 0 0 3023.dat
1 0 590 -632 890 1 0 0 0 1 0 0 0 1 3024.dat
1 484 630 -632 440 0 0 1 0 1 0 -1 0 0 60479.dat
1 484 630 -632 620 0 0 1 0 1 0 -1 0 0 3666.dat
1 72 680 -632 200 1 0 0 0 1 0 0 0 1 3020.dat
1 72 650 -632 250 0 0 1 0 1 0 -1 0 0 3623.dat
1 72 650 -632 360 0 0 1 0 1 0 -1 0 0 3710.dat
1 72 660 -632 410 1 0 0 0 1 0 0 0 1 3023.dat
1 484 650 -632 440 0 0 1 0 1 0 -1 0 0 3023.dat
1 72 650 -632 500 0 0 1 0 1 0 -1 0 0 3710.dat
1 484 650 -632 560 0 0 1 0 1 0 -1 0 0 3023.dat
1 72 660 -632 600 1 0 0 0 1 0 0 0 1 3022.dat
1 72 650 -632 630 1 0 0 0 1 0 0 0 1 3024.dat
1 484 650 -632 670 0 0 1 0 1 0 -1 0 0 3623.dat
1 72 700 -632 270 1 0 0 0 1 0 0 0 1 3710.dat
1 72 670 -632 350 1 0 0 0 1 0 0 0 1 3024.dat
1 0 670 -632 370 1 0 0 0 1 0 0 0 1 3024.dat
1 72 670 -632 390 1 0 0 0 1 0 0 0 1 3024.dat
1 72 670 -632 470 1 0 0 0 1 0 0 0 1 3024.dat
1 0 670 -632 500 0 0 1 0 1 0 -1 0 0 3023.dat
1 72 670 -632 530 1 0 0 0 1 0 0 0 1 3024.dat
1 0 670 -632 630 1 0 0 0 1 0 0 0 1 3024.dat
1 72 670 -632 650 1 0 0 0 1 0 0 0 1 3024.dat
1 72 700 -632 240 1 0 0 0 1 0 0 0 1 3022.dat
1 71 700 -632 710 1 0 0 0 1 0 0 0 1 3023.dat
1 72 700 -632 800 0 0 1 0 1 0 -1 0 0 3034.dat
1 72 710 -632 890 1 0 0 0 1 0 0 0 1 3623.dat
1 72 740 -632 190 1 0 0 0 1 0 0 0 1 3023.dat
1 72 740 -632 350 1 0 0 0 1 0 0 0 1 3023.dat
1 0 730 -632 370 1 0 0 0 1 0 0 0 1 3024.dat
1 72 740 -632 400 1 0 0 0 1 0 0 0 1 3022.dat
1 72 740 -632 470 1 0 0 0 1 0 0 0 1 3023.dat
1 0 730 -632 500 0 0 1 0 1 0 -1 0 0 3023.dat
1 72 740 -632 530 1 0 0 0 1 0 0 0 1 3023.dat
1 72 740 -632 600 1 0 0 0 1 0 0 0 1 3022.dat
1 0 730 -632 630 1 0 0 0 1 0 0 0 1 3024.dat
1 72 740 -632 650 1 0 0 0 1 0 0 0 1 3023.dat
1 72 730 -632 800 0 0 1 0 1 0 -1 0 0 3460.dat
1 72 750 -632 240 0 0 1 0 1 0 -1 0 0 3710.dat
1 72 750 -632 330 1 0 0 0 1 0 0 0 1 3024.dat
1 72 750 -632 370 1 0 0 0 1 0 0 0 1 3024.dat
1 484 760 -632 440 1 0 0 0 1 0 0 0 1 3022.dat
1 72 750 -632 500 0 0 1 0 1 0 -1 0 0 3023.dat
1 484 760 -632 560 1 0 0 0 1 0 0 0 1 3022.dat
1 72 750 -632 630 1 0 0 0 1 0 0 0 1 3024.dat
1 484 760 -632 670 1 0 0 0 1 0 0 0 1 3023.dat
1 484 750 -632 690 1 0 0 0 1 0 0 0 1 3024.dat
1 484 770 -632 360 0 0 1 0 1 0 -1 0 0 3710.dat
1 484 770 -632 410 1 0 0 0 1 0 0 0 1 3024.dat
1 484 770 -632 500 0 0 1 0 1 0 -1 0 0 3710.dat
1 484 770 -632 620 0 0 1 0 1 0 -1 0 0 3710.dat
1 0 820 -632 890 1 0 0 0 1 0 0 0 1 3023.dat
1 0 830 -632 870 1 0 0 0 1 0 0 0 1 3024.dat
1 0 570 -640 880 0 0 1 0 1 0 -1 0 0 3023.dat
1 0 590 -640 890 1 0 0 0 1 0 0 0 1 3024.dat
1 72 700 -640 190 1 0 0 0 1 0 0 0 1 3666.dat
1 72 650 -640 240 0 0 1 0 1 0 -1 0 0 3710.dat
1 72 700 -640 270 1 0 0 0 1 0 0 0 1 3710.dat
1 72 700 -640 230 0 0 1 0 1 0 -1 0 0 3021.dat
1 71 700 -640 720 1 0 0 0 1 0 0 0 1 3022.dat
1 72 750 -640 240 0 0 1 0 1 0 -1 0 0 3710.dat
1 0 820 -640 890 1 0 0 0 1 0 0 0 1 3023.dat
1 0 830 -640 870 1 0 0 0 1 0 0 0 1 3024.dat
1 0 570 -648 880 0 0 1 0 1 0 -1 0 0 3023.dat
1 0 590 -648 890 1 0 0 0 1 0 0 0 1 3024.dat
1 72 700 -648 190 1 0 0 0 1 0 0 0 1 3666.dat
1 0 700 -648 210 1 0 0 0 1 0 0 0 1 3666.dat
1 0 650 -648 240 0 0 1 0 1 0 -1 0 0 3023.dat
1 72 680 -648 270 1 0 0 0 1 0 0 0 1 3710.dat
1 0 700 -648 250 1 0 0 0 1 0 0 0 1 3710.dat
1 0 700 -648 230 1 0 0 0 1 0 0 0 1 3023.dat
1 71 700 -648 720 1 0 0 0 1 0 0 0 1 3022.dat
1 0 730 -648 270 1 0 0 0 1 0 0 0 1 3024.dat
1 72 730 -648 720 0 0 1 0 1 0 -1 0 0 3023.dat
1 0 750 -648 240 0 0 1 0 1 0 -1 0 0 3023.dat
1 72 750 -648 270 1 0 0 0 1 0 0 0 1 3024.dat
1 0 820 -648 890 1 0 0 0 1 0 0 0 1 3023.dat
1 0 830 -648 870 1 0 0 0 1 0 0 0 1 3024.dat
1 0 570 -656 880 0 0 1 0 1 0 -1 0 0 3023.dat
1 0 590 -656 890 1 0 0 0 1 0 0 0 1 3024.dat
1 72 700 -656 190 1 0 0 0 1 0 0 0 1 3666.dat
1 0 700 -656 210 1 0 0 0 1 0 0 0 1 3666.dat
1 72 700 -656 230 1 0 0 0 1 0 0 0 1 3666.dat
1 0 700 -656 250 1 0 0 0 1 0 0 0 1 3666.dat
1 72 700 -656 270 1 0 0 0 1 0 0 0 1 3666.dat
1 71 700 -656 720 1 0 0 0 1 0 0 0 1 3022.dat
1 72 730 -656 720 0 0 1 0 1 0 -1 0 0 3710.dat
1 0 820 -656 890 1 0 0 0 1 0 0 0 1 3023.dat
1 0 830 -656 870 1 0 0 0 1 0 0 0 1 3024.dat
1 0 590 -664 890 1 0 0 0 1 0 0 0 1 3024.dat
1 0 700 -664 220 1 0 0 0 1 0 0 0 1 3795.dat
1 0 650 -664 250 1 0 0 0 1 0 0 0 1 3024.dat
1 0 670 -664 190 1 0 0 0 1 0 0 0 1 3024.dat
1 72 670 -664 250 1 0 0 0 1 0 0 0 1 3024.dat
1 0 670 -664 270 1 0 0 0 1 0 0 0 1 3024.dat
1 0 700 -664 250 1 0 0 0 1 0 0 0 1 3023.dat
1 72 710 -664 720 1 0 0 0 1 0 0 0 1 3021.dat
1 0 730 -664 190 1 0 0 0 1 0 0 0 1 3024.dat
1 72 730 -664 250 1 0 0 0 1 0 0 0 1 3024.dat
1 0 730 -664 270 1 0 0 0 1 0 0 0 1 3024.dat
1 72 730 -664 690 1 0 0 0 1 0 0 0 1 3024.dat
1 72 730 -664 750 1 0 0 0 1 0 0 0 1 3024.dat
1 0 750 -664 250 1 0 0 0 1 0 0 0 1 3024.dat
1 0 820 -664 890 1 0 0 0 1 0 0 0 1 3023.dat
1 72 680 -672 250 1 0 0 0 1 0 0 0 1 3023.dat
1 72 700 -672 720 1 0 0 0 1 0 0 0 1 3022.dat
1 72 720 -672 690 1 0 0 0 1 0 0 0 1 3023.dat
1 72 720 -672 750 1 0 0 0 1 0 0 0 1 3023.dat
1 72 730 -672 250 1 0 0 0 1 0 0 0 1 3024.dat
1 72 680 -680 250 1 0 0 0 1 0 0 0 1 3023.dat
1 71 690 -680 720 0 0 1 0 1 0 -1 0 0 3023.dat
1 72 710 -680 730 0 0 1 0 1 0 -1 0 0 3623.dat
1 72 730 -680 250 1 0 0 0 1 0 0 0 1 3024.dat
1 72 730 -680 690 1 0 0 0 1 0 0 0 1 3024.dat
1 72 730 -680 750 1 0 0 0 1 0 0 0 1 3024.dat
1 72 710 -688 730 0 0 1 0 1 0 -1 0 0 3623.dat
1 72 730 -688 690 1 0 0 0 1 0 0 0 1 3024.dat
1 72 730 -688 750 1 0 0 0 1 0 0 0 1 3024.dat
1 72 710 -696 720 0 0 1 0 1 0 -1 0 0 3023.dat
